country_name,location_name,location_type,code
United Arab Emirates,Abu Dhabi,SEA,AEAUH
United Arab Emirates,Abu Musa,SEA,AEAMU
United Arab Emirates,Ahmed Bin Rashid Port,SEA,AEARP
United Arab Emirates,Al Fujayrah,SEA,AEFJR
United Arab Emirates,Al Jazeera Port,SEA,AEJAZ
United Arab Emirates,Al Jeer Port,SEA,AEAJP
United Arab Emirates,Ar Ruways,SEA,AERUW
United Arab Emirates,Dibba,SEA,AEDBP
United Arab Emirates,Dubai,SEA,AEDXB
United Arab Emirates,Free Port,SEA,AEFRP
United Arab Emirates,Hamriya Free Zone Port,SEA,AEHZP
United Arab Emirates,Hassyan,SEA,AEHSN
United Arab Emirates,Jebel Ali Free Zone,SEA,AEQWE
United Arab Emirates,Kalba,SEA,AEKLB
United Arab Emirates,Khor al Fakkan,SEA,AEKLF
United Arab Emirates,Mina Khalid,SEA,AEMKH
United Arab Emirates,Mina Khalifa/Abu Dhabi,SEA,AEKHL
United Arab Emirates,Mina Rashid Port,SEA,AEMRP
United Arab Emirates,Mina Zayed/Abu Dhabi,SEA,AEMZD
United Arab Emirates,Mussafah,SEA,AEAMF
United Arab Emirates,Rak Khor Port,SEA,AERKP
United Arab Emirates,Rak Maritime City,SEA,AERMC
United Arab Emirates,Ras al Khaimah,SEA,AERKT
United Arab Emirates,Ruwais Port,SEA,AERWP
United Arab Emirates,Sharjah,SEA,AESHJ
United Arab Emirates,Umm al Quwain,SEA,AEQIW
United Arab Emirates,Yas Island,SEA,AEYAS
United Arab Emirates,Zirku Island,SEA,AEZUR
United Arab Emirates,Port of Jebel Ali,SEA,AEJEA
United Arab Emirates,Ajman,SEA,AEAJM
United Arab Emirates,Das Island,SEA,AEDAS
United Arab Emirates,The Palm Jumeirah,SEA,AEDUJ
United Arab Emirates,Esnnad,SEA,AEEND
United Arab Emirates,Hulaylah Terminal,SEA,AEHTL
United Arab Emirates,Jebel Dhanna,SEA,AEJED
United Arab Emirates,Mubarras Island,SEA,AEMBS
United Arab Emirates,Mina Saqr,SEA,AEMSA
United Arab Emirates,Port Rashid,SEA,AEPRA
United Arab Emirates,Mirfa,SEA,AERFA
United Arab Emirates,Sadiyat Island,SEA,AESID
United Arab Emirates,Umm Al Nar,SEA,AEULR
Afghanistan,Dehdadi,SEA,AFDHD
Afghanistan,Qalat,SEA,AFQLT
Afghanistan,Torkham,SEA,AFRKH
Azerbaijan,Khachmaz,SEA,AZKMZ
Azerbaijan,Qaradag,SEA,AZQDG
Azerbaijan,Shirvan,SEA,AZSHI
Azerbaijan,Sumqayit,SEA,AZSUQ
Azerbaijan,Baku,SEA,AZBAK
Bangladesh,Ashuganj,SEA,BDASJ
Bangladesh,Benapole,SEA,BDBNP
Bangladesh,Chattogram,SEA,BDCGP
Bangladesh,Munshiganj,SEA,BDMUN
Bangladesh,Pangaon,SEA,BDPGN
Bangladesh,Payra Port,SEA,BDPAY
Bangladesh,Mongla,SEA,BDMGL
Bahrain,Al Hidd,SEA,BHAHD
Bahrain,Al Muharraq,SEA,BHGBQ
Bahrain,Khalifa Bin Salman Port,SEA,BHKBS
Bahrain,Mina Sulman Port,SEA,BHMIN
Bahrain,Sitrah,SEA,BHSIT
Bahrain,Mina Sulman Port,SEA,BHMSP
Brunei Darussalam,Bandar Seri Begawan,SEA,BNBWN
Brunei Darussalam,Kuala Belait,SEA,BNKUB
Brunei Darussalam,Muara,SEA,BNMUA
Cocos (Keeling) Islands,Cocos Islands,SEA,CCCCK
China,Anpu,SEA,CNAPP
China,Anqing Pt,SEA,CNAQG
China,Anqiu,SEA,CNANQ
China,Anting,SEA,CNANT
China,Aojiang Pt,SEA,CNAJG
China,Bacao,SEA,CNBCO
China,Badong,SEA,CNBDG
China,Baiceng,SEA,CNBCG
China,Baimajing,SEA,CNBMJ
China,Baimao,SEA,CNIMA
China,Baiyang,SEA,CNBYG
China,Baoshan Pt,SEA,CNBSD
China,Basuo Pt,SEA,CNBSP
China,Beihai Pt,SEA,CNBIH
China,Beijiao,SEA,CNBIJ
China,Beitan,SEA,CNSXB
China,Bijia,SEA,CNPHB
China,Binhai,SEA,CNBHX
China,Binyang,SEA,CNBYN
China,Bohe,SEA,CNDBX
China,Bozhong,SEA,CNBZG
China,Cangshan,SEA,CNGSA
China,Cangwu,SEA,CNCGW
China,Caofeidian Pt,SEA,CNCFD
China,Caojing,SEA,CNCJG
China,Changdianhekou,SEA,CNCDH
China,Changsha,SEA,CNCSH
China,Changshu Pt,SEA,CNCGS
China,Changzhou Pt,SEA,CNCZX
China,Chaohu,SEA,CNCHU
China,Chaoyang Pt,SEA,CNCHY
China,Chaozhou Pt,SEA,CNCOZ
China,Chencun,SEA,CNCUN
China,Chengde,SEA,CNCNG
China,Chenglingji Pt,SEA,CNCLJ
China,Chengxi,SEA,CNCHX
China,Chiwan Pt,SEA,CNCWN
China,Chizhou Pt,SEA,CNCHI
China,Chongming,SEA,CNCGM
China,Chongqing,SEA,CNCQI
China,Chuzhou,SEA,CNCHZ
China,Cixi,SEA,CNCIX
China,DA CHAN BAY,SEA,CNDCB
China,Dadeng I.,SEA,CNDDD
China,Dafeng Pt,SEA,CNDFG
China,Dalian,SEA,CNDAL
China,Dalu Island,SEA,CNDLD
China,Damaiyu,SEA,CNDMY
China,Dandong,SEA,CNDDZ
China,Danzhou,SEA,CNDHU
China,Dapeng,SEA,CNDPG
China,Dashihuagang,SEA,CNDAS
China,Daxie Pt,SEA,CNDAX
China,Dayawan,SEA,CNDAY
China,Defeng,SEA,CNDEF
China,Dezhou,SEA,CNDEZ
China,Dongdaiwan,SEA,CNDDW
China,Dongfang,SEA,CNDFA
China,Donggang,SEA,CNDGN
China,Dongguan Pt,SEA,CNDGG
China,Donghai,SEA,CNDNG
China,Dongjiangkou,SEA,CNDJK
China,Dongjiaotou Pt,SEA,CNDJT
China,Dongping,SEA,CNDGP
China,Dongshi,SEA,CNDSH
China,Dongxing,SEA,CNDOX
China,Dongying Pt,SEA,CNDYN
China,Doumen Pt,SEA,CNDOU
China,Ezhou,SEA,CNEZH
China,Fangcheng Pt,SEA,CNFAN
China,Fengcheng,SEA,CNFCH
China,Fengkai,SEA,CNFKI
China,Fujin,SEA,CNFUJ
China,Fuling,SEA,CNFLG
China,Fuyong,SEA,CNFNG
China,Fuyuan,SEA,CNFUY
China,Fuzhou,SEA,CNFZH
China,Gaogang,SEA,CNGAO
China,Gaolan,SEA,CNGON
China,Gaolan,SEA,CNGLN
China,Gaoming Pt,SEA,CNGOM
China,Gongkou,SEA,CNGGK
China,Gongming,SEA,CNGOG
China,Gongyi,SEA,CNTSG
China,Guanghai Pt,SEA,CNGHI
China,Guangzhou,SEA,CNGGZ
China,Guigang,SEA,CNGUG
China,Guilin,SEA,CNGUI
China,Guishan,SEA,CNGIS
China,Guzhen,SEA,CNGZE
China,Haikou,SEA,CNHKO
China,Haikou New Pt,SEA,CNHXG
China,Haikou Pt,SEA,CNHIG
China,Haimen,SEA,CNHME
China,Harbin,SEA,CNHRN
China,Hebei,SEA,CNHEB
China,Heihe,SEA,CNHEK
China,Heishantou,SEA,CNHST
China,Hengban,SEA,CNENP
China,Hengli,SEA,CNHNI
China,Heshan Pt,SEA,CNHSN
China,Hetang,SEA,CNHTG
China,Honghai Pt,SEA,CNBLX
China,Houjie,SEA,CNHOU
China,Houzhu,SEA,CNHZU
China,Huachuan,SEA,CNHCN
China,Huaiji,SEA,CNHIJ
China,Huailai,SEA,CNHLI
China,Huaiyin,SEA,CNAIN
China,Huanghua Pt,SEA,CNHUH
China,Huangjiang,SEA,CNHGJ
China,Huangpu New Port,SEA,CNHUN
China,Huangshi Pt,SEA,CNHSI
China,Huangxian,SEA,CNANG
China,Huangyan,SEA,CNHYN
China,Huidong Pt,SEA,CNHID
China,Huizhou Pt,SEA,CNHUI
China,Hulin,SEA,CNHUL
China,Huludao Pt,SEA,CNHUD
China,Humen Pt,SEA,CNHMN
China,Huzhou Pt,SEA,CNHZH
China,Jiangkou,SEA,CNFKJ
China,Jiangmen Pt,SEA,CNJMN
China,Jiangshan Pt,SEA,CNJIS
China,Jiangyin,SEA,CNJGY
China,Jiangyin Pt,SEA,CNJIA
China,Jiaxing,SEA,CNJAX
China,Jiayin,SEA,CNJAY
China,Jiazi,SEA,CNJIZ
China,Jinghai,SEA,CNHLJ
China,Jinghong,SEA,CNJOG
China,Jingjiang Pt,SEA,CNJIJ
China,Jinguzhou,SEA,CNJGU
China,Jingzhou Pt,SEA,CNJZK
China,Jinjing,SEA,CNPTJ
China,Jinzhou Pt,SEA,CNJNZ
China,Jiujiang,SEA,CNJUJ
China,Jiujiang Pt,SEA,CNJIU
China,Jiuzhen,SEA,CNJUZ
China,Jurong,SEA,CNJRG
China,Kaifeng,SEA,CNKFG
China,Laizhou Pt,SEA,CNLZO
China,Lanshan Pt,SEA,CNLSN
China,Lanxi,SEA,CNLXI
China,Lianhuashan Pt,SEA,CNLIH
China,Lianyungang,SEA,CNLYG
China,Lianzhou,SEA,CNLIZ
China,Liling,SEA,CNLLI
China,Linhai,SEA,CNLNH
China,Lisui,SEA,CNLUI
China,Liudu,SEA,CNLUD
China,Liusha,SEA,CNLZL
China,Liuzhou Pt,SEA,CNLZH
China,Longguan,SEA,CNLGU
China,Longhai,SEA,CNLGI
China,Longkou Pt,SEA,CNLKU
China,Longyan Pt,SEA,CNLGY
China,Lu'an,SEA,CNLUN
China,Lufeng,SEA,CNLFN
China,Lu-hua Shan,SEA,CNLUH
China,Luobei,SEA,CNLUB
China,Lushun New Pt,SEA,CNLSH
China,Lusi,SEA,CNLUS
China,Luzhou,SEA,CNLUZ
China,Maanshan Pt,SEA,CNMAA
China,Macun,SEA,CNMAC
China,Mafang,SEA,CNSHM
China,Maji Shan,SEA,CNMJS
China,Mawan Pt,SEA,CNMWN
China,Mawei Pt,SEA,CNMAW
China,Meisha Pt,SEA,CNMSA
China,Miyun,SEA,CNMIY
China,Mohe,SEA,CNMOH
China,Nanao Pt,SEA,CNNAN
China,Nanhai Pt,SEA,CNNAH
China,Nanjiangkou,SEA,CNNJK
China,Nanjing,SEA,CNNJI
China,Nanning,SEA,CNNIN
China,Nansha Pt,SEA,CNNSA
China,Nantong Pt,SEA,CNNTG
China,Naozhou,SEA,CNZNZ
China,Ningbo,SEA,CNNBO
China,Ningbo Pt,SEA,CNNBG
China,Ningbo,SEA,CNNGB
China,Nudao,SEA,CNNUD
China,Panjin,SEA,CNPAJ
China,Penglai Pt,SEA,CNPLI
China,Pingshaxinmatou,SEA,CNPXM
China,Pingzhou,SEA,CNPGZ
China,Pizhou,SEA,CNPJS
China,Pudong/Shanghai,SEA,CNPDG
China,Putian,SEA,CNPUT
China,Puyang,SEA,CNPYG
China,Qianshan/Zhuhai,SEA,CNQSN
China,Qianwan,SEA,CNQAW
China,Qianyu,SEA,CNLJQ
China,Qingdao,SEA,CNQIN
China,Qingguji / Shangqiu,SEA,CNQIG
China,Qinglan Pt,SEA,CNQLN
China,Qingshi,SEA,CNQGS
China,Qingyuan,SEA,CNQGY
China,Qinhuangdao Pt,SEA,CNSHP
China,Qisha Pt,SEA,CNQSA
China,Quanzhou,SEA,CNQZL
China,Quanzhou Pt,SEA,CNQZJ
China,Quxi,SEA,CNJDR
China,Raohe,SEA,CNROH
China,Raoping,SEA,CNRPG
China,Rizhao Pt,SEA,CNRZH
China,Rongcheng,SEA,CNRCG
China,Rongqi Pt,SEA,CNROQ
China,Saiqi,SEA,CNSIQ
China,Sanming / Shanming Shi,SEA,CNSAM
China,Sansha,SEA,CNSNS
China,Sanshui,SEA,CNSJQ
China,Sanya Pt,SEA,CNSYA
China,Sanzao,SEA,CNSZA
China,Shacheng,SEA,CNNDS
China,Shadi,SEA,CNSAT
China,Shanghai,SEA,CNSGH
China,Shanghai,SEA,CNSHA
China,Shangyu,SEA,CNSGU
China,Shanshan,SEA,CNSXJ
China,Shantou Pt,SEA,CNSTG
China,Shanwai,SEA,CNSAW
China,Shanwei Pt,SEA,CNSWE
China,Shaoguan New Pt,SEA,CNHSC
China,Shapa,SEA,CNSPA
China,Shatian,SEA,CNSTI
China,Shating,SEA,CNSHT
China,Shekou Pt,SEA,CNSHK
China,Shenhu,SEA,CNSNH
China,Shenzhen,SEA,CNSNZ
China,Sheyang,SEA,CNSEY
China,Shidao Pt,SEA,CNSHD
China,Shijing,SEA,CNSIJ
China,Shijiu Pt,SEA,CNSJU
China,Shilou,SEA,CNSLO
China,Shipai,SEA,CNSPI
China,Shipu,SEA,CNXSP
China,Shiqiao,SEA,CNPNY
China,Shishi,SEA,CNSHH
China,Shitoubu Pt,SEA,CNSTB
China,Shiwan,SEA,CNSAN
China,Shuidong Pt,SEA,CNSDG
China,Shuikou,SEA,CNSIK
China,Shunde Pt,SEA,CNSUD
China,Shuolong,SEA,CNSHL
China,Sikuaishi,SEA,CNSKS
China,Simao,SEA,CNSYM
China,Songjiang,SEA,CNSGJ
China,Songxia Pt,SEA,CNSON
China,Suibin,SEA,CNSBN
China,Suining,SEA,CNSNN
China,Sunwu,SEA,CNSUW
China,Suzhou,SEA,CNSZH
China,Taicang Pt,SEA,CNTAC
China,Taijiang,SEA,CNTJG
China,Taiping,SEA,CNTAP
China,Taipingwan,SEA,CNTPW
China,Taizhou,SEA,CNTZO
China,Taizhou Pt,SEA,CNTZU
China,Tanggu,SEA,CNTGG
China,Tangshan Pt,SEA,CNTGS
China,Tanmen,SEA,CNQNH
China,Tianjin,SEA,CNTNJ
China,Tianjin Pt,SEA,CNTNG
China,Tianjin Xingang Pt,SEA,CNTXG
China,Tongjiang,SEA,CNTOJ
China,Tongling Pt,SEA,CNTOL
China,Tongxiang,SEA,CNTXZ
China,Waihai,SEA,CNWIH
China,Wanshan Pt,SEA,CNWAS
China,Wanzai,SEA,CNWAZ
China,Weifang Pt,SEA,CNWEF
China,Weihai,SEA,CNWEI
China,Weihai Pt,SEA,CNWEG
China,Weitou,SEA,CNWIT
China,Wenling Longmen Port,SEA,CNLMG
China,Wenshan,SEA,CNWSH
China,Wenzhou Pt,SEA,CNWZO
China,Wuchuan,SEA,CNWHU
China,Wuhan,SEA,CNNHN
China,Wuhu Pt,SEA,CNWHI
China,Wukan,SEA,CNWUK
China,Wuxi,SEA,CNWXS
China,Wuzhou Pt,SEA,CNWUZ
China,Xialong,SEA,CNFQX
China,Xiamen,SEA,CNXAM
China,Xiamen Pt,SEA,CNXMG
China,Xian,SEA,CNXIA
China,Xiangtan,SEA,CNXTA
China,Xiangzhi,SEA,CNXZI
China,Xiantan,SEA,CNXTN
China,Xiaocuo Pt,SEA,CNXCU
China,Xiaolan,SEA,CNXAO
China,Xiaotang,SEA,CNXOT
China,Xijiang,SEA,CNXIJ
China,Xincun,SEA,CNLSX
China,Xingang,SEA,CNXGA
China,Xinhui Pt,SEA,CNXIN
China,Xinsha,SEA,CNXNA
China,Xintang Pt,SEA,CNXIT
China,Xinyang,SEA,CNING
China,Xinying,SEA,CNXYI
China,Xitou,SEA,CNXTO
China,Xiuyu Pt,SEA,CNXYG
China,Xunke,SEA,CNXUK
China,Yangjiang Pt,SEA,CNYJI
China,Yangkou Pt,SEA,CNYKG
China,Yangpu Pt,SEA,CNYPG
China,Yangzhong,SEA,CNYNG
China,Yangzhou Pt,SEA,CNYZH
China,Yantai,SEA,CNYAT
China,Yantai Pt,SEA,CNYTG
China,Yantian Pt,SEA,CNYTN
China,Yingkou Pt,SEA,CNYIK
China,Yingzai,SEA,CNLJY
China,Yizheng,SEA,CNYIZ
China,Yongfu,SEA,CNYFU
China,Yueyang,SEA,CNYYA
China,Yuhuan,SEA,CNYUH
China,Yuzhu,SEA,CNYZU
China,Zhangjiabian,SEA,CNZJB
China,Zhangjiagang,SEA,CNZJG
China,Zhangshan,SEA,CNZGS
China,Zhangwan,SEA,CNZGW
China,Zhangzhou Pt,SEA,CNZZU
China,Zhanjiang Pt,SEA,CNZNG
China,Zhaodong,SEA,CNZDO
China,Zhaogang,SEA,CNZHG
China,Zhaoqing Pt,SEA,CNZQG
China,Zhapo,SEA,CNZPO
China,Zhapu Pt,SEA,CNZPU
China,Zhelin,SEA,CNZEL
China,zhengpugang Pt,SEA,CNZPG
China,Zhenjiang Pt,SEA,CNZHE
China,Zhongshan Pt,SEA,CNZSN
China,Zhongtang,SEA,CNZGT
China,Zhuanghe Pt,SEA,CNZHH
China,Zhuhai Pt,SEA,CNZUH
China,Zhuliao,SEA,CNZLO
China,Qingdao Port,SEA,CNTAO
China,Port of Xiamen,SEA,CNXMN
China,Port of Tianjin,SEA,CNTSN
China,Port of Dalian,SEA,CNDLC
China,Port of Huangpu,SEA,CNHUA
China,Port of Fuzhou,SEA,CNFOC
China,Aoshanwei,SEA,CNASW
China,Baoshanmatou,SEA,CNBAO
China,Bayuquan,SEA,CNBAY
China,Beilun,SEA,CNBEI
China,Benxi,SEA,CNBEN
China,Guangzhou,SEA,CNCAN
China,Changde,SEA,CNCDE
China,Changshu,SEA,CNCGU
China,Civet / Guandong,SEA,CNCIV
China,Chongming,SEA,CNCMG
China,Dalian Pt,SEA,CNDAG
China,Dachendao,SEA,CNDCD
China,Dandong,SEA,CNDDG
China,Dafeng,SEA,CNDFE
China,Dongying,SEA,CNDGY
China,Dongjiakou,SEA,CNDJA
China,Daliangang,SEA,CNDLP
China,Dongjiangkou,SEA,CNDOO
China,Donglian Port,SEA,CNDOP
China,Daqindao,SEA,CNDQD
China,Dongshan Pt,SEA,CNDSN
China,Dalian Pt,SEA,CNDXG
China,Fengcheng,SEA,CNFCE
China,Foshan,SEA,CNFOS
China,Fuzhou Pt,SEA,CNFZP
China,Gaosha,SEA,CNGAS
China,Yingde,SEA,CNGTE
China,Guangdong Terminal,SEA,CNGUT
China,Guangzhou Pt,SEA,CNGZG
China,Guangzhou Pt,SEA,CNGZP
China,Huangpo,SEA,CNHAP
China,Heshan,SEA,CNHAS
China,Huanghua,SEA,CNHHA
China,Haitian Terminal/ Xiamen,SEA,CNHHT
China,Haimen Pt,SEA,CNHMP
China,Huangpu Old Port,SEA,CNHOP
China,Huangsangkou,SEA,CNHSK
China,Huangxingdao,SEA,CNHXD
China,Jiao Xin,SEA,CNJXN
China,Luzhou,SEA,CNLZU
China,Majistan/Zhoushan,SEA,CNMAJ
China,Mabian Island,SEA,CNMBI
China,Maogang,SEA,CNMOG
China,Meisha,SEA,CNMSH
China,Meishan,SEA,CNMSN
China,Neigang,SEA,CNNEG
China,Sanshan pt,SEA,CNNHS
China,Nanjing Pt,SEA,CNNJP
China,Nanjing,SEA,CNNKG
China,Penglai,SEA,CNPLA
China,Qingdao Pt,SEA,CNQDG
China,Qinghe,SEA,CNQHE
China,Qingpu,SEA,CNQPU
China,Qinzhou,SEA,CNQZH
China,Ruian,SEA,CNRIA
China,Sanbu Pt,SEA,CNSBU
China,Shacheng,SEA,CNSHC
China,Shanghai Pt,SEA,CNSHG
China,Shiqi,SEA,CNSHQ
China,Shatian,SEA,CNSIN
China,Sanjiang,SEA,CNSJI
China,Shenwan,SEA,CNSNW
China,Shantou Pt,SEA,CNSTP
China,Shunyi,SEA,CNSUN
China,Shenzhen Pt,SEA,CNSZP
China,Shenzhen,SEA,CNSZX
China,Taicang,SEA,CNTAG
China,Tanggu,SEA,CNTGU
China,Taizhou,SEA,CNTIZ
China,Tianjin Pt,SEA,CNTJP
China,Waihai,SEA,CNWAI
China,Weifang,SEA,CNWFG
China,Waigaoqiao Pt,SEA,CNWGQ
China,Wenzhou,SEA,CNWNZ
China,Wu Chong Kou,SEA,CNWUC
China,Wuhan,SEA,CNWUH
China,Wuzhou,SEA,CNWUO
China,Wuhan Pt,SEA,CNWUP
China,"Xiang'an, Xiamen",SEA,CNXAN
China,Xichong Pt,SEA,CNXCG
China,Xiangfan,SEA,CNXFN
China,Xingang,SEA,CNXGG
China,Xinhekou,SEA,CNXHK
China,Xiaohudao,SEA,CNXHO
China,Xiuyu,SEA,CNXIU
China,Xiangzhou,SEA,CNXIZ
China,"Haicang, Xiamen",SEA,CNXMH
China,Xiamen Pt,SEA,CNXMP
China,Guangzhou,SEA,CNXSA
China,Xiangyu Terminal/ Xiamen,SEA,CNXXY
China,Yangshan Port,SEA,CNYAN
China,Yibin,SEA,CNYBN
China,Yichang Pt,SEA,CNYCG
China,Yongan,SEA,CNYGN
China,Yangshan,SEA,CNYGS
China,Yibin,SEA,CNYIB
China,Yantai,SEA,CNYNT
China,Yongtai,SEA,CNYON
China,Yangshan Pt,SEA,CNYSA
China,Yangshan,SEA,CNYSN
China,Yantai Pt,SEA,CNYTP
China,Yunfu,SEA,CNYUF
China,Zhapu,SEA,CNZAP
China,Gaolan,SEA,CNZGL
China,Zhoushan,SEA,CNZOS
China,Zhongxian,SEA,CNZXN
China,Zhuangyuanao,SEA,CNZYO
Christmas Island,Flying Fish Cove,SEA,CXFFC
Cyprus,Akrotiri,SEA,CYAKT
Cyprus,Dhekelia,SEA,CYDHK
Cyprus,Famagusta,SEA,CYFMG
Cyprus,Karavostasi,SEA,CYKAR
Cyprus,Kyrenia,SEA,CYKYR
Cyprus,Larnaca,SEA,CYLCA
Cyprus,Latchi,SEA,CYLAT
Cyprus,Limassol,SEA,CYLMS
Cyprus,Moni,SEA,CYMOI
Cyprus,Nicosia,SEA,CYNIC
Cyprus,Paphos,SEA,CYPFO
Cyprus,Vasilikos,SEA,CYVAS
Cyprus,Zyyi,SEA,CYZYY
Cyprus,Ayia Napa,SEA,CYANM
Cyprus,Aradhippou,SEA,CYARA
Cyprus,Ayia Varvara,SEA,CYAVA
Cyprus,Ayia Napa,SEA,CYAYI
Cyprus,Ergates,SEA,CYERG
Cyprus,Ayios Georgios,SEA,CYGEO
Cyprus,Kapparis,SEA,CYKAP
Cyprus,Kyperounda,SEA,CYKYP
Cyprus,Larnaca Port,SEA,CYLAR
Cyprus,Larnaca Fishing Shelter,SEA,CYLFS
Cyprus,Limassol New Port,SEA,CYLIM
Cyprus,Liopetri,SEA,CYLIO
Cyprus,Limassol Old Port,SEA,CYLOP
Cyprus,Tersefanou,SEA,CYNOU
Cyprus,Ormidia,SEA,CYORM
Cyprus,Paralimni,SEA,CYPAR
Cyprus,Pomos,SEA,CYPOM
Cyprus,Potamos,SEA,CYPOT
Cyprus,Psimolofou,SEA,CYPSI
Cyprus,Pyrgos,SEA,CYPYR
Cyprus,Ayia Triada,SEA,CYTRI
Cyprus,Xylotymbou,SEA,CYXLT
Cyprus,Xylofagou,SEA,CYXYL
Cyprus,Xeros,SEA,CYZER
Cyprus,Zygi,SEA,CYZYG
Georgia,Khashmi,SEA,GEIES
Georgia,Kulevi,SEA,GEKUL
Georgia,Sukhumi,SEA,GEABK
Georgia,Batumi,SEA,GEBUS
Georgia,Poti,SEA,GEPTI
Georgia,Supsa Port,SEA,GESUP
Hong Kong,Aberdeen,SEA,HKABD
Hong Kong,Causeway Bay,SEA,HKCWB
Hong Kong,Ha Kwai Chung,SEA,HKHKC
Hong Kong,Kowloon,SEA,HKKWN
Hong Kong,Tsim Sha Tsui,SEA,HKTST
Hong Kong,Wan Chai,SEA,HKWNI
Hong Kong,Port of Hong Kong,SEA,HKHKG
Indonesia,Anggrek,SEA,IDAGR
Indonesia,Anoa Natuna Pt.,SEA,IDANO
Indonesia,Anyer Kidul,SEA,IDANR
Indonesia,Balikpapan,SEA,IDBPN
Indonesia,Balohan,SEA,IDBLH
Indonesia,Batam Island,SEA,IDBTM
Indonesia,Batu Ampar,SEA,IDBUR
Indonesia,Batuampar,SEA,IDBAM
Indonesia,Batulicin,SEA,IDBTW
Indonesia,Belitung,SEA,IDBLT
Indonesia,Benete,SEA,IDBEN
Indonesia,Benoa,SEA,IDBOA
Indonesia,Bunyu,SEA,IDBYQ
Indonesia,Cikande,SEA,IDSZA
Indonesia,Cilacap (Tjilatjap),SEA,IDCXP
Indonesia,Cirebon (Tjeribon),SEA,IDCBN
Indonesia,Ciwandan,SEA,IDCIW
Indonesia,"Dabo, Singkep Isl",SEA,IDDAS
Indonesia,Demta,SEA,IDDMA
Indonesia,Dobo,SEA,IDDOB
Indonesia,Donggi,SEA,IDDOG
Indonesia,Durian,SEA,IDSDA
Indonesia,Gatot Subroto Permai,SEA,IDGTS
Indonesia,"Gresik, Java",SEA,IDGRE
Indonesia,Inanwatan,SEA,IDINA
Indonesia,Jakarta Pusat,SEA,IDJPU
Indonesia,"Jakarta, Java",SEA,IDJKT
Indonesia,Jawa Timur,SEA,IDJWA
Indonesia,"Jayapura, Irian Jaya",SEA,IDDJJ
Indonesia,Jepara,SEA,IDJEP
Indonesia,Jogja Inland Port,SEA,IDJIP
Indonesia,Kalabahi,SEA,IDKBH
Indonesia,Kalbut Situbondo,SEA,IDKSO
Indonesia,Kassue,SEA,IDKSE
Indonesia,Kau,SEA,IDKAU
Indonesia,Kendawangan,SEA,IDKDW
Indonesia,Koja,SEA,IDKOJ
Indonesia,Komodo,SEA,IDKMD
Indonesia,Kualalangsa,SEA,IDKUA
Indonesia,Kualatanjung,SEA,IDKTJ
Indonesia,Kumai,SEA,IDKUM
Indonesia,Labuan Bajo,SEA,IDLBO
Indonesia,"Labuha, Molucas",SEA,IDLAH
Indonesia,Lembar,SEA,IDLBR
Indonesia,Lobam,SEA,IDLBM
Indonesia,Lubuk Tutung,SEA,IDLTT
Indonesia,Madura Terminal,SEA,IDMDR
Indonesia,Makassar,SEA,IDMAK
Indonesia,Manggis,SEA,IDMGB
Indonesia,Mangkajang,SEA,IDMKJ
Indonesia,New Priok Port,SEA,IDCTO
Indonesia,Nipah,SEA,IDNIP
Indonesia,Padang,SEA,IDPDG
Indonesia,"Palapo, Sulawesi",SEA,IDPPO
Indonesia,Palu,SEA,IDPAL
Indonesia,"Pasuruan, Java",SEA,IDPAZ
Indonesia,Pelabuhan Badas,SEA,IDPBB
Indonesia,Perawang,SEA,IDPER
Indonesia,Perawang,SEA,IDPWG
Indonesia,"Plaju, Sumatra",SEA,IDPLA
Indonesia,"Pomalaa, Sulawesi",SEA,IDPUM
Indonesia,Pulau Bunyu,SEA,IDPBJ
Indonesia,Pulau Laut,SEA,IDPUT
Indonesia,Ranai,SEA,IDRNI
Indonesia,Sape,SEA,IDSAP
Indonesia,Sekupang,SEA,IDSKP
Indonesia,Semarang,SEA,IDSRG
Indonesia,Senipah,SEA,IDSZH
Indonesia,Setagin,SEA,IDSTN
Indonesia,Sidangoli,SEA,IDSID
Indonesia,Surabaya,SEA,IDSUB
Indonesia,Tanjung Pandan,SEA,IDTJQ
Indonesia,Tanjungbalai,SEA,IDTJB
Indonesia,Tanjungpinang,SEA,IDTNJ
Indonesia,Tanjunguban,SEA,IDTAN
Indonesia,Tarahan,SEA,IDTRH
Indonesia,Telukbayur,SEA,IDTBR
Indonesia,Toboali,SEA,IDTBL
Indonesia,Udang Natuna Terminal,SEA,IDUDG
Indonesia,"Waingapu, Sumba",SEA,IDWGP
Indonesia,Akeselaka,SEA,IDAKE
Indonesia,"Ampenan, Bali",SEA,IDAMP
Indonesia,"Ambon, Molucas",SEA,IDAMQ
Indonesia,Angar,SEA,IDANG
Indonesia,Ampana,SEA,IDAPN
Indonesia,Asike,SEA,IDASI
Indonesia,Banjarmasin,SEA,IDBDJ
Indonesia,Belida Terminal,SEA,IDBET
Indonesia,Bagendang,SEA,IDBGD
Indonesia,Banggai,SEA,IDBGG
Indonesia,"Biak, Irian Jaya",SEA,IDBIK
Indonesia,Biringkassi,SEA,IDBIR
Indonesia,"Bitung, Sulawesi",SEA,IDBIT
Indonesia,"Banjuwangi, Java",SEA,IDBJU
Indonesia,"Belawan, Sumatra",SEA,IDBLW
Indonesia,"Bima, Sb",SEA,IDBMU
Indonesia,Belanak Terminal,SEA,IDBNT
Indonesia,Banten,SEA,IDBTN
Indonesia,"Bontang, Kl",SEA,IDBXT
Indonesia,Cereweh,SEA,IDCER
Indonesia,"Jambi, Sumatra",SEA,IDDJB
Indonesia,"Dumai, Sumatra",SEA,IDDUM
Indonesia,Elat,SEA,IDELA
Indonesia,Kuala Enok,SEA,IDENO
Indonesia,Exspan,SEA,IDEXS
Indonesia,"Fak Fak, Irian Jaya",SEA,IDFKQ
Indonesia,Pelabuhan Futong Terminal,SEA,IDFTG
Indonesia,Gee Island,SEA,IDGEE
Indonesia,"Gorontalo, Sulawesi",SEA,IDGTO
Indonesia,Jababeka,SEA,IDJBK
Indonesia,Jabung Terminal,SEA,IDJBT
Indonesia,Jorong Anchorage,SEA,IDJOR
Indonesia,"Kendari, Sulawesi",SEA,IDKDI
Indonesia,Krueng Geukueh,SEA,IDKGH
Indonesia,Kahyangan,SEA,IDKHY
Indonesia,"Kidjang, Bintan",SEA,IDKID
Indonesia,Kolonodale,SEA,IDKNL
Indonesia,Kakap Natuna Terminal,SEA,IDKNT
Indonesia,"Kupang, Timor",SEA,IDKOE
Indonesia,Kokas,SEA,IDKOK
Indonesia,Kolaka,SEA,IDKOL
Indonesia,Kampung Laut,SEA,IDKPL
Indonesia,Kariangau,SEA,IDKRG
Indonesia,Loki,SEA,IDLKI
Indonesia,Lombok,SEA,IDLOM
Indonesia,Luwuk,SEA,IDLUW
Indonesia,Mapia Island,SEA,IDMAI
Indonesia,Marabahan,SEA,IDMAR
Indonesia,Muara Bangkong,SEA,IDMBK
Indonesia,"Medan, Sumatra",SEA,IDMES
Indonesia,Misool Terminal,SEA,IDMIT
Indonesia,"Merauke, Irian Jaya",SEA,IDMKQ
Indonesia,"Manokwari, Irian Jaya",SEA,IDMKW
Indonesia,"Maumere, Flores",SEA,IDMOF
Indonesia,Mornopo,SEA,IDMOR
Indonesia,Morowali,SEA,IDMOW
Indonesia,"Merak, Java",SEA,IDMRK
Indonesia,Muara Siberut,SEA,IDMSB
Indonesia,Muara Sabak,SEA,IDMSK
Indonesia,Muara Teweh,SEA,IDMUW
Indonesia,North Pulau Laut,SEA,IDNPL
Indonesia,Nipah,SEA,IDNTA
Indonesia,Pagerungan,SEA,IDPGA
Indonesia,Pagimana,SEA,IDPGM
Indonesia,Piru,SEA,IDPIR
Indonesia,Pulau Jarak,SEA,IDPJK
Indonesia,"Palembang, Sumatra",SEA,IDPLM
Indonesia,Pomako,SEA,IDPMK
Indonesia,Penuba,SEA,IDPNG
Indonesia,Panjang,SEA,IDPNJ
Indonesia,"Pontianak, Kalimantan",SEA,IDPNK
Indonesia,Poto Tano,SEA,IDPOT
Indonesia,"Pantoloan, Sv",SEA,IDPTL
Indonesia,Reo,SEA,IDREO
Indonesia,Subaim,SEA,IDSBM
Indonesia,Sidoarjo,SEA,IDSDJ
Indonesia,Sepanjang Terminal,SEA,IDSEP
Indonesia,Sanggau,SEA,IDSGU
Indonesia,"Sibolga, Sumatra",SEA,IDSLG
Indonesia,"Sampit, Kalimantan",SEA,IDSMQ
Indonesia,Sorong,SEA,IDSOQ
Indonesia,"Samarinda, Kalimantan",SEA,IDSRI
Indonesia,Suaran,SEA,IDSUA
Indonesia,Sukabumi,SEA,IDSUK
Indonesia,Sumenep,SEA,IDSUM
Indonesia,Sunut,SEA,IDSUN
Indonesia,Salawati Terminal,SEA,IDSWT
Indonesia,Taboneo,SEA,IDTAB
Indonesia,Tarjun,SEA,IDTAR
Indonesia,Tobelo,SEA,IDTBO
Indonesia,Tanjung Buli,SEA,IDTBU
Indonesia,Terempa,SEA,IDTER
Indonesia,Semarang,SEA,IDTES
Indonesia,Tanjungperak,SEA,IDTJP
Indonesia,Tolitoli,SEA,IDTLI
Indonesia,Tanjung Merangas,SEA,IDTME
Indonesia,Timika,SEA,IDTMK
Indonesia,Tanjung Pemancingan,SEA,IDTPN
Indonesia,Tanjung Priok,SEA,IDTPP
Indonesia,"Tarakan, Kalimantan",SEA,IDTRK
Indonesia,"Ternate, Halmahera",SEA,IDTTE
Indonesia,Tual,SEA,IDTUA
Indonesia,Amurang,SEA,IDTZD
Indonesia,Jakarta UTC1,SEA,IDUTC
Indonesia,Jakarta UTC3,SEA,IDUTE
Indonesia,Wainibe,SEA,IDWAI
Indonesia,Weda,SEA,IDWED
Indonesia,Wamsasi,SEA,IDWSS
Israel,Akko,SEA,ILAKK
Israel,Binyamina-Giv'at Ada,SEA,ILBGV
Israel,Gush Halav,SEA,IL8UH
Israel,Haifa,SEA,ILHFA
Israel,Haifa Israel Shipyards Port,SEA,ILMSP
Israel,Julis,SEA,ILJUL
Israel,Karmei Yosef,SEA,ILKY7
Israel,Kfar Vitkin,SEA,ILKFV
Israel,Magshimim,SEA,ILM8A
Israel,Mishor Adumim,SEA,ILAS2
Israel,Nabulus,SEA,ILNAB
Israel,Netanya,SEA,ILNAT
Israel,Ofra,SEA,ILOFR
Israel,Tel Aviv-Yafo,SEA,ILTLV
Israel,Tiberias,SEA,ILTIB
Israel,Port of Ashdod,SEA,ILASH
Israel,Ashkelon,SEA,ILAKL
Israel,Ashdod Southport,SEA,ILAST
Israel,Elat (Eilath),SEA,ILETH
Israel,Hadera,SEA,ILHAD
Israel,Haifa Bayport,SEA,ILHBT
Israel,Ramla,SEA,ILMLE
India,Alleppey,SEA,INALF
India,Attur,SEA,INATU
India,Bangarapet,SEA,INBPT
India,Bhadohi,SEA,INBDH
India,Bharuch,SEA,INBRU
India,Bhavnagar,SEA,INBHU
India,Chennai (ex Madras),SEA,INMAA
India,Cochin,SEA,INCOK
India,Dhamara,SEA,INDMA
India,Dhamra Port,SEA,INDMQ
India,Dighi (Pune),SEA,INDIG
India,Ernakulam,SEA,INEKM
India,Erode,SEA,INERO
India,Gangavaram,SEA,INGGV
India,Garden Reach,SEA,INGRR
India,Hazira Port/Surat,SEA,INHZA
India,Jafarabad,SEA,INJBD
India,Jammu,SEA,INIXJ
India,Jodhpur,SEA,INJDG
India,Kandla,SEA,INIXY
India,Karur,SEA,INKAR
India,Kattupalli,SEA,INKAT
India,Kattupalli Port,SEA,INKTP
India,Khodiyar,SEA,INKHO
India,Kolkata (ex Calcutta),SEA,INCCU
India,Kozhikode (ex Calicut),SEA,INCCJ
India,Lapanga,SEA,INLNG
India,Madurai,SEA,INIXM
India,Mahe,SEA,INMAH
India,Mandvi,SEA,INMDV
India,Marmagao (Marmugao),SEA,INMRM
India,Morbi,SEA,INMOB
India,Mul Dwarka,SEA,INMDK
India,Mumbai (ex Bombay),SEA,INBOM
India,Munger,SEA,INMUG
India,Nagappattinam,SEA,INNPT
India,Nagercoil,SEA,INNGC
India,New Delhi,SEA,INICD
India,New Tuticorin,SEA,INNTU
India,Nhave,SEA,INNHV
India,Nindakara,SEA,INNEE
India,Orissa,SEA,INORS
India,Paradip Garh,SEA,INPRT
India,Pipavav (Victor) Port,SEA,INPAV
India,Pondicherry,SEA,INPNY
India,Port Pipavav,SEA,INPPV
India,Positra,SEA,INPST
India,Pratapganj,SEA,INBPQ
India,Rozi,SEA,INROZ
India,Samalkot,SEA,INSAM
India,Sika,SEA,INSIK
India,Sikkim,SEA,INSKK
India,Siliguri,SEA,INSIL
India,Surat,SEA,INSTV
India,Tadri,SEA,INTAD
India,Thane,SEA,INTHN
India,Toranagallu,SEA,INKTK
India,Tumkur,SEA,INZUM
India,Tuticorin,SEA,INTUT
India,Uran,SEA,INURA
India,Vadodara,SEA,INBDQ
India,Visakhapatnam,SEA,INVTZ
India,Wada,SEA,INWAD
India,port of Nhava Sheva,SEA,INNSA
India,Port of Mundra,SEA,INMUN
India,Port of Bangalore,SEA,INBLR
India,Port of Ahmedabad,SEA,INAMD
India,Amini Island,SEA,INAIS
India,Baindur,SEA,INBDR
India,Bedi,SEA,INBED
India,Beypore,SEA,INBEY
India,GRFL ICD/Ballabhgarh,SEA,INBFR
India,Bheemunipatnam,SEA,INBHM
India,Cuddalore,SEA,INCDL
India,Chikaballur,SEA,INCHI
India,Cannanore,SEA,INCNN
India,Dahej,SEA,INDAH
India,Ennore,SEA,INENR
India,Ernakulam,SEA,INERN
India,Gandhar,SEA,INGAN
India,Greater Nodia,SEA,INGND
India,Greater Noida,SEA,INGNO
India,Haldia,SEA,INHAL
India,Mangalore,SEA,INIXE
India,Jakhau,SEA,INJAK
India,Port Jawaharlal Nehru,SEA,INJNP
India,Kakinada,SEA,INKAK
India,Kallai,SEA,INKAL
India,Kalpeni Island,SEA,INKPI
India,Krishnapatnam,SEA,INKRI
India,Mithivirdi,SEA,INMRI
India,Navlakhi,SEA,INNAV
India,New Mangalore,SEA,INNML
India,Paradip Port,SEA,INPPT
India,Sahnewal,SEA,INSWA
India,Vizagapatanam,SEA,INVIG
India,Vizag,SEA,INVIZ
Iraq,Al Hillah,SEA,IQHIL
Iraq,Al Taqaddum,SEA,IQTQD
Iraq,Baghdad,SEA,IQBGW
Iraq,Mosul (Ak Mawsil),SEA,IQOSM
Iraq,Najaf,SEA,IQNJF
Iraq,Nasiriyah,SEA,IQNSR
Iraq,Samarra',SEA,IQSAM
Iraq,Taji,SEA,IQTJI
Iraq,Umm Qasr Port,SEA,IQUQR
Iraq,Zakho,SEA,IQZAO
Iran,Amir Abad Pt,SEA,IRAMP
Iran,Asaluyeh,SEA,IRASA
Iran,Bandar Abbas,SEA,IRBND
Iran,Bandar Amirabad,SEA,IRAMD
Iran,Bandar Khomeini,SEA,IRBKM
Iran,Bandar Mashur,SEA,IRBMR
Iran,Bandar Neka,SEA,IRNEK
Iran,Bandar-e Anzali,SEA,IRBAZ
Iran,Bandar-e Emam Khomeyni,SEA,IRBKK
Iran,Bandar-e Gaz,SEA,IRBRG
Iran,Bandar-e Mah Shahr,SEA,IRMRX
Iran,Bandare Parsian,SEA,IRBPA
Iran,Bushehr,SEA,IRBUZ
Iran,Dayyer,SEA,IRDAY
Iran,Imam Khomeini Pt/ Mahshahr City,SEA,IRBIK
Iran,Kermanshah (Bakhtaran),SEA,IRKSH
Iran,Shahid Rajaee Pt/Bandar Abbas,SEA,IRSRP
Iran,Tombak,SEA,IRTMB
Iran,Amirabad,SEA,IRBAM
Iran,Soroosh (Cyrus) Terminal,SEA,IRCYT
Iran,Freidoon Kenar,SEA,IRFKR
Iran,Khorramshahr,SEA,IRKHO
Iran,Neka,SEA,IRNKA
Iran,Shahid Bahonar,SEA,IRSBR
Iran,Sarooj Anchorage,SEA,IRSRA
Iran,Chah Bahar,SEA,IRZBR
Jordan,Abu Alandah,SEA,JODAH
Jordan,Al 'Aqabah,SEA,JOAQJ
Jordan,'Aqaba,SEA,JOAQB
Japan,Aioi,SEA,JPAIO
Japan,Aki-gun/Hiroshima,SEA,JPAIG
Japan,AmagasakiNishinomiyaAshiya,SEA,JPAMX
Japan,Aomi,SEA,JPOMA
Japan,"Ariake, Tokyo",SEA,JPARI
Japan,Asahimachi,SEA,JPASI
Japan,Asakuchi,SEA,JPAUI
Japan,Ataka,SEA,JPATA
Japan,Chigasaki,SEA,JPCHG
Japan,Chiryu,SEA,JPCYU
Japan,"Fukushima, Hokkaido",SEA,JPFKU
Japan,"Fukushima, Miyazaki",SEA,JPFMS
Japan,"Fukushima, Nagasaki",SEA,JPFKM
Japan,"Furusato, Kagoshima",SEA,JPFST
Japan,"Futtsu, Chiba",SEA,JPFTS
Japan,Gobo Wakayama,SEA,JPGOO
Japan,Gushikawa,SEA,JPGKA
Japan,Hakata/Fukuoka,SEA,JPHKT
Japan,Hamura,SEA,JPHMR
Japan,Hatoma,SEA,JPHTO
Japan,Higashisonogi-Gun Cho,SEA,JPHGN
Japan,Hiratsuka,SEA,JPHIU
Japan,Ichikikushikino,SEA,JPICO
Japan,Iizuka,SEA,JPZKA
Japan,Ikitsuki,SEA,JPIKK
Japan,Inazawa,SEA,JPIZW
Japan,Ishigaki,SEA,JPISG
Japan,Ishikariwan Shinko,SEA,JPICW
Japan,Ishikawa,SEA,JPIKW
Japan,Joetsu,SEA,JPJTS
Japan,Kasumigaura,SEA,JPKAU
Japan,Kasuya,SEA,JPASU
Japan,Kikaishima,SEA,JPKKX
Japan,Kitakami,SEA,JPKTN
Japan,Kitakyushu,SEA,JPKKJ
Japan,Kitsuki,SEA,JPKSF
Japan,Kobe,SEA,JPUKB
Japan,Kohama,SEA,JPKOH
Japan,Kokura,SEA,JPKOK
Japan,Koshi,SEA,JPAPP
Japan,Minamidaito,SEA,JPMMD
Japan,Mitajiri,SEA,JPMJR
Japan,Miyagi,SEA,JPMYI
Japan,Miyakojima,SEA,JPMMY
Japan,"Miyoshi, Tokushima",SEA,JPMYT
Japan,Moji/Kitakyushu,SEA,JPMOJ
Japan,"Muta, Nagasaki",SEA,JPMYX
Japan,"Nagareyama, Chiba",SEA,JPNGA
Japan,Nago,SEA,JPNOA
Japan,Nakamichi,SEA,JPNMC
Japan,Nakanoseki,SEA,JPNAN
Japan,Nakanoto,SEA,JPSXZ
Japan,Narashino,SEA,JPNAI
Japan,Niikappu,SEA,JPXCA
Japan,Ogi,SEA,JPOSG
Japan,Omachi,SEA,JPOMC
Japan,Omi,SEA,JPAOM
Japan,Onojo,SEA,JPNOJ
Japan,Oppama,SEA,JPOPA
Japan,Osaka,SEA,JPOSA
Japan,"Oshima, Nagasaki",SEA,JPOSM
Japan,Ryuo,SEA,JPRYA
Japan,Saga,SEA,JPHSG
Japan,Saikai,SEA,JPSSS
Japan,Sanyo Onoda Yamaguchi,SEA,JPSYD
Japan,Satsumasendai,SEA,JPSEN
Japan,Seki,SEA,JPSEI
Japan,"Sendai, Miyagi",SEA,JPSDJ
Japan,Shibetsu,SEA,JPSBH
Japan,"Shinagawa, Tokyo",SEA,JPSHG
Japan,Shinko,SEA,JPSHJ
Japan,Sukumowan,SEA,JPSUK
Japan,Takahama/Amakusa,SEA,JPTKH
Japan,Taniyama,SEA,JPTNY
Japan,Tobata/Kitakyushu,SEA,JPTBT
Japan,Tobo,SEA,JPTBO
Japan,Togane,SEA,JPTOC
Japan,Tokyo,SEA,JPTYO
Japan,Toshima/Tokyo,SEA,JPTOX
Japan,Toyo,SEA,JPTOA
Japan,Toyota,SEA,JPTYA
Japan,Tsubame,SEA,JPTUB
Japan,Tsuzu Yamaguchi,SEA,JPTUZ
Japan,Tsuzuki Ku,SEA,JPTTK
Japan,Unnan,SEA,JPUUN
Japan,Wakamatsu/Kitakyushu,SEA,JPWAM
Japan,Yachiyo,SEA,JPYCH
Japan,Yawata/Kitakyushu,SEA,JPYWT
Japan,Yokohama,SEA,JPYOK
Japan,Yokosuka,SEA,JPYOS
Japan,Yoro,SEA,JPYRO
Japan,Yoshiumi,SEA,JPYHI
Japan,Zushi,SEA,JPAXZ
Japan,Port of Nagoya,SEA,JPNGO
Japan,Abashiri,SEA,JPABA
Japan,Akitafunagawa,SEA,JPAFG
Japan,Asa,SEA,JPASA
Japan,Akita,SEA,JPAXT
Japan,Shibukawa,SEA,JPBKW
Japan,Chiba,SEA,JPCHB
Japan,Choshi,SEA,JPCHO
Japan,Chimu Wan,SEA,JPCHW
Japan,Chinase,SEA,JPCNS
Japan,"Fukuyama, Hiroshima",SEA,JPFKY
Japan,Fushikitoyama,SEA,JPFTX
Japan,Kitanagoya,SEA,JPGTK
Japan,Hibikishinko,SEA,JPHBK
Japan,Henza,SEA,JPHEI
Japan,Hachinohe,SEA,JPHHE
Japan,Hitachinaka,SEA,JPHIC
Japan,Hiroshima,SEA,JPHIJ
Japan,Hakodate,SEA,JPHKD
Japan,Hamada,SEA,JPHMD
Japan,Hamamatsu,SEA,JPHMM
Japan,Hofu,SEA,JPHOF
Japan,Hososhima,SEA,JPHSM
Japan,Hitachi,SEA,JPHTC
Japan,Ichikawa,SEA,JPICK
Japan,Niihama,SEA,JPIHA
Japan,Imafuku,SEA,JPIMA
Japan,Imabari,SEA,JPIMB
Japan,Imari,SEA,JPIMI
Japan,Ishikari,SEA,JPISI
Japan,Iwakuni,SEA,JPIWK
Japan,Iyomishima,SEA,JPIYM
Japan,Kashimae,SEA,JPKAE
Japan,Kashino,SEA,JPKAO
Japan,Kubuki,SEA,JPKBU
Japan,Kochi,SEA,JPKCZ
Japan,Niigata,SEA,JPKIJ
Japan,Kamaishi,SEA,JPKIS
Japan,"Kitaura, Miyazaki",SEA,JPKIT
Japan,Kajiki,SEA,JPKJK
Japan,Kumamoto,SEA,JPKMJ
Japan,Kanmon,SEA,JPKNM
Japan,Kanazawa,SEA,JPKNZ
Japan,Kagoshima,SEA,JPKOJ
Japan,Komatsushima,SEA,JPKOM
Japan,"Kashima, Ibaraki",SEA,JPKSM
Japan,Kushiro,SEA,JPKUH
Japan,Kawasaki,SEA,JPKWS
Japan,Maizuru,SEA,JPMAI
Japan,"Miike, Tokyo",SEA,JPMIJ
Japan,"Misaki, Kanagawa",SEA,JPMIK
Japan,Mizushima,SEA,JPMIZ
Japan,Muroran,SEA,JPMUR
Japan,Matsuyama,SEA,JPMYJ
Japan,"Nagahama, Shimane",SEA,JPNAG
Japan,"Naha, Okinawa",SEA,JPNAH
Japan,Naoetsu,SEA,JPNAO
Japan,Nagayo,SEA,JPNAY
Japan,Nagasaki,SEA,JPNGS
Japan,Nagaokakyo,SEA,JPNGY
Japan,Niigatahigashi,SEA,JPNIH
Japan,Nikaho,SEA,JPNIK
Japan,"Nakama, Okinawa",SEA,JPNKM
Japan,Nishitokyo,SEA,JPNTO
Japan,Nanatsuyama,SEA,JPNTY
Japan,Oita,SEA,JPOIT
Japan,Osako,SEA,JPOJO
Japan,Omaezaki,SEA,JPOMZ
Japan,Onahama,SEA,JPONA
Japan,"Ohshima, Miyazaki",SEA,JPOSO
Japan,Otake,SEA,JPOTK
Japan,Otaru,SEA,JPOTR
Japan,"Otsu, Shiga",SEA,JPOTU
Japan,"Osaka, Tottori",SEA,JPOUK
Japan,Noboribetsu,SEA,JPRBN
Japan,Shibushi,SEA,JPSBS
Japan,Sendaishinko,SEA,JPSDS
Japan,Seto,SEA,JPSET
Japan,Sendaishiogama,SEA,JPSGM
Japan,Shimonoseki,SEA,JPSHS
Japan,Sakata,SEA,JPSKT
Japan,Shinmoji,SEA,JPSMJ
Japan,Sakaiminato,SEA,JPSMN
Japan,Shimizu,SEA,JPSMZ
Japan,Sensyu,SEA,JPSSU
Japan,Shimada,SEA,JPSSZ
Japan,Satsumasendai,SEA,JPSTS
Japan,Susaki,SEA,JPSUZ
Japan,Takamatsu,SEA,JPTAK
Japan,Tamano,SEA,JPTAM
Japan,Toyohashi,SEA,JPTHS
Japan,Tokushima,SEA,JPTKS
Japan,Tokuyama,SEA,JPTKY
Japan,Tomakomai,SEA,JPTMK
Japan,"Tomioka, Tokushima",SEA,JPTOM
Japan,Toyamashinko,SEA,JPTOS
Japan,Toyama,SEA,JPTOY
Japan,Tsuruga,SEA,JPTRG
Japan,Tosashimizu,SEA,JPTSZ
Japan,Tokuyamakudamatsu,SEA,JPTXD
Japan,Tsuyoshi,SEA,JPTYP
Japan,Ube,SEA,JPUBJ
Japan,Ushibuka,SEA,JPUBK
Japan,Usa/Tosa,SEA,JPUSA
Japan,Wakayama,SEA,JPWAK
Japan,Yatsushiro,SEA,JPYAT
Japan,Yokkaichi,SEA,JPYKK
Japan,Yamaguchi,SEA,JPYMG
Japan,Yoichigaura,SEA,JPYOC
Cambodia,Kampong Saom,SEA,KHKOS
Cambodia,Ta Khmau,SEA,KHTKH
Cambodia,Phnom Penh,SEA,KHPNH
Cambodia,Sihanoukville,SEA,KHSHV
Cambodia,Sihanoukville,SEA,KHSIH
"Korea, Democratic People's Republic of",Riwon,SEA,KPRIW
"Korea, Democratic People's Republic of",Sinpo,SEA,KPSIN
"Korea, Democratic People's Republic of",Songnim,SEA,KPSGN
"Korea, Democratic People's Republic of",Tanchon,SEA,KPTCH
"Korea, Democratic People's Republic of",Gensan,SEA,KPGEN
Korea,Aewol,SEA,KRAWL
Korea,Biin,SEA,KRBIN
Korea,Boryeong,SEA,KRBOR
Korea,Bupyong/Incheon,SEA,KRBUK
Korea,Busan,SEA,KRPUS
Korea,Chuja,SEA,KRCJA
Korea,Daebul/Yeongam-gun,SEA,KRDBL
Korea,Daecheon,SEA,KRDCN
Korea,Daeheuksando,SEA,KRDHS
Korea,Daesan/Seosan,SEA,KRTSN
Korea,Dangjin,SEA,KRTJI
Korea,Donghae,SEA,KRTGH
Korea,Gageohyangri,SEA,KRGGH
Korea,Galdoo,SEA,KRGDO
Korea,Gamcheon/Busan,SEA,KRKCN
Korea,Ganggu,SEA,KRGGU
Korea,Geoje,SEA,KRKJE
Korea,Geomundo,SEA,KRGMD
Korea,Gohyeon/Geoje,SEA,KRKHN
Korea,Gunsan,SEA,KRKUV
Korea,Guryongpo,SEA,KRGRP
Korea,Gwangyang,SEA,KRKAN
Korea,Gyeongin,SEA,KRGIN
Korea,Hallim,SEA,KRHLM
Korea,Hongdo,SEA,KRHDO
Korea,Hupo,SEA,KRHPO
Korea,Hwahungpo,SEA,KRHHP
Korea,Hwasun,SEA,KRHSN
Korea,Incheon,SEA,KRINC
Korea,Janghang/Seocheon-gun,SEA,KRCHG
Korea,Jeju,SEA,KRCHA
Korea,Jinhae,SEA,KRCHF
Korea,Jumunjin,SEA,KRJMJ
Korea,Junghwa,SEA,KRJHA
Korea,Kukdo,SEA,KRKDO
Korea,Kwangyang,SEA,KRKWA
Korea,Masan,SEA,KRMAS
Korea,Mipo/Ulsan,SEA,KRMIP
Korea,Mokpo,SEA,KRMOK
Korea,Mukho/Donghae,SEA,KRMUK
Korea,Narodo,SEA,KRNRD
Korea,Nokdongsin,SEA,KRNDS
Korea,Okgye/Gangneung,SEA,KROKK
Korea,Okpo/Geoje,SEA,KROKP
Korea,Onsan/Ulsan,SEA,KRONS
Korea,Pohang,SEA,KRKPO
Korea,Pyeongtaek,SEA,KRPTK
Korea,Samcheok,SEA,KRSUK
Korea,Samcheonpo/Sacheon,SEA,KRSCP
Korea,Sangwangdeungdo,SEA,KRSWD
Korea,Seogwipo,SEA,KRSPO
Korea,Seongsan-po,SEA,KRSSP
Korea,Seoul,SEA,KRSEL
Korea,Shinma,SEA,KRSMA
Korea,Sinhang/Pohang,SEA,KRSHG
Korea,Sokcho,SEA,KRSHO
Korea,Songgong,SEA,KRSGG
Korea,South Busan,SEA,KRSBU
Korea,Suwon,SEA,KRSUO
Korea,Taean-gun,SEA,KRTAN
Korea,Tonghae,SEA,KRTGA
Korea,Tongyeong,SEA,KRTYG
Korea,Ulleung,SEA,KRULL
Korea,Ulsan,SEA,KRUSN
Korea,Wando-gun,SEA,KRWND
Korea,Yeonpyeongdo,SEA,KRYPD
Korea,Yeosu,SEA,KRYOS
Korea,Yochon,SEA,KRYOC
Korea,Anjeong,SEA,KRANJ
Korea,Busanjin-Gu,SEA,KRBJG
Korea,Busan New Port,SEA,KRBNP
Korea,Gunpo,SEA,KRGUN
Korea,Incheon,SEA,KRICH
Korea,Okke,SEA,KRKKN
Korea,Pusan,SEA,KRPNC
Korea,Wonsan,SEA,KRWSN
Kuwait,As Salimiyah,SEA,KWSAL
Kuwait,Doha,SEA,KWDOH
Kuwait,Mina' 'Abd Allah,SEA,KWMIB
Kuwait,Mina' al Ahmadi,SEA,KWMEA
Kuwait,Mina Al Zour,SEA,KWMZR
Kuwait,Salmiya,SEA,KWSMY
Kuwait,Shuwaikh,SEA,KWSWK
Kazakhstan,Aktau,SEA,KZAAU
Kazakhstan,Bautino,SEA,KZBTN
Kazakhstan,Temirtau,SEA,KZTAU
Lebanon,Amchit,SEA,LBACT
Lebanon,Beirut,SEA,LBBEY
Lebanon,Byblos,SEA,LBBYL
Lebanon,Dora,SEA,LBDRA
Lebanon,Sayda,SEA,LBSAY
Lebanon,Zouk,SEA,LBZUK
Lebanon,Brummana,SEA,LBBRU
Lebanon,Tripoli,SEA,LBKYE
Sri Lanka,Colombo,SEA,LKCMB
Sri Lanka,Hambantota,SEA,LKHBA
Sri Lanka,Koggala,SEA,LKKCT
Sri Lanka,Mawella,SEA,LKMAW
Sri Lanka,Oluvil,SEA,LKOLU
Sri Lanka,Galle,SEA,LKGAL
Myanmar,Kyaiklat,SEA,MMKYA
Myanmar,Tanintharyi,SEA,MMTEN
Myanmar,Thilawa,SEA,MMTLA
Myanmar,Yangon,SEA,MMRGN
Macao,Macau,SEA,MOMFM
Maldives,Baa Atoll,SEA,MVBAL
Maldives,Coastline Private Port,SEA,MVCPP
Maldives,Halaveli,SEA,MVHID
Maldives,Hithadhoo Port,SEA,MVHTP
Maldives,Hulhule Island,SEA,MVHHE
Maldives,Kulhudhuffushi,SEA,MVKUL
Maldives,Kulhudhuffushi Port,SEA,MVKDP
Maldives,Maamigili Port,SEA,MVMMP
Maldives,Maldive Gas,SEA,MVMGP
Maldives,Male,SEA,MVMLE
Maldives,Male' Commercial Harbor,SEA,MVMCP
Maldives,Rangali,SEA,MVRGI
Maldives,Villa Hakatha,SEA,MVVHP
Malaysia,Bandar Tenggara,SEA,MYBTK
Malaysia,Batang Kali,SEA,MYBAK
Malaysia,Batu Gajah,SEA,MYTJH
Malaysia,Batu Kawan,SEA,MYBTW
Malaysia,Batu Maung,SEA,MYBTM
Malaysia,Beaufort,SEA,MYBEA
Malaysia,Hutan Melintang,SEA,MYHUM
Malaysia,Jelutong,SEA,MYJEL
Malaysia,Kampong Tanjong Kupang,SEA,MYTKP
Malaysia,Kampung Tanjung Langsat,SEA,MYTLA
Malaysia,Kepong,SEA,MYKPN
Malaysia,Kertih,SEA,MYKET
Malaysia,Kota Sarang Semut,SEA,MYKSS
Malaysia,Kuala Besut,SEA,MYBST
Malaysia,Kuala Dungun,SEA,MYDGN
Malaysia,Kuala Selangor,SEA,MYKSL
Malaysia,Langkawi,SEA,MYLGK
Malaysia,Merbok,SEA,MYMBK
Malaysia,Nenasi,SEA,MYMEN
Malaysia,Nilai,SEA,MYNII
Malaysia,Penang (Georgetown),SEA,MYPEN
Malaysia,Pending,SEA,MYPND
Malaysia,Pengerang,SEA,MYPGG
Malaysia,Perai,SEA,MYRAI
Malaysia,Port Klang (Ferry Port),SEA,MYXPQ
Malaysia,Port Klang (Pelabuhan Klang),SEA,MYPKG
Malaysia,Pulau Bruit,SEA,MYBRU
Malaysia,Pulau Indah,SEA,MYLAU
Malaysia,Samalaju,SEA,MYSIP
Malaysia,Samu,SEA,MYSAM
Malaysia,Sarikei,SEA,MYSAR
Malaysia,Segamat,SEA,MYSGM
Malaysia,Senari - Sarawak,SEA,MYSNR
Malaysia,"Sepang, Selangor",SEA,MYSEP
Malaysia,Sungai Udang,SEA,MYSGG
Malaysia,Sungai Udang Port,SEA,MYSUP
Malaysia,Sungai Way,SEA,MYSUW
Malaysia,Tampoi,SEA,MYTAI
Malaysia,Tanjong Bin,SEA,MYTBI
Malaysia,Tanjung Gelang,SEA,MYTGE
Malaysia,Tanjung Lembung,SEA,MYTAG
Malaysia,Tanjung Manis,SEA,MYTMP
Malaysia,Tanjung Pelepas,SEA,MYTPP
Malaysia,Teronoh,SEA,MYASQ
Malaysia,Tubau,SEA,MYTUB
Malaysia,Abu,SEA,MYABU
Malaysia,Angsi,SEA,MYANG
Malaysia,Bunga Raya,SEA,MYBGR
Malaysia,"Kota Kinabalu, Sabah",SEA,MYBKI
Malaysia,"Bintulu, Sarawak",SEA,MYBTU
Malaysia,Cendor,SEA,MYCEN
Malaysia,"Kuching, Sarawak",SEA,MYKCH
Malaysia,Kemaman,SEA,MYKEM
Malaysia,Kuala Kedah,SEA,MYKKH
Malaysia,Kuantan (Tanjong Gelang),SEA,MYKUA
Malaysia,"Labuan, Sabah",SEA,MYLBU
Malaysia,Northport/Pt Klang,SEA,MYLPK
Malaysia,Lumut,SEA,MYLUM
Malaysia,Manjung,SEA,MYMAN
Malaysia,Menumbok,SEA,MYMBS
Malaysia,Malacca,SEA,MYMKZ
Malaysia,Muar,SEA,MYMUA
Malaysia,Muda Marine Terminal,SEA,MYMUD
Malaysia,"Miri, Sarawak",SEA,MYMYY
Malaysia,Nilai,SEA,MYNIL
Malaysia,Panchang,SEA,MYPAN
Malaysia,Pasir Gogok,SEA,MYPAS
Malaysia,Pelabuhan Kelang,SEA,MYPBK
Malaysia,Port Dickson,SEA,MYPDI
Malaysia,"Pasir Gudang, Johor",SEA,MYPGU
Malaysia,Pulau Jarak,SEA,MYPJK
Malaysia,Pengkalan Kubor,SEA,MYPKK
Malaysia,Penara Marine Terminal,SEA,MYPMT
Malaysia,"Sibu, Sarawak",SEA,MYSBW
Malaysia,"Sandakan, Sabah",SEA,MYSDK
Malaysia,Sungai Merah,SEA,MYSUM
Malaysia,Telok Intan,SEA,MYTAS
Malaysia,"Tawau, Sabah",SEA,MYTWU
Oman,Al-Suwaiq,SEA,OMSUW
Oman,Duqm,SEA,OMDQM
Oman,Fahal,SEA,OMFAH
Oman,Mina' al Fahl,SEA,OMMFH
Oman,"Mina Sultan Qaboos, Muscat",SEA,OMSTQ
Oman,Muscat,SEA,OMMCT
Oman,Qalhat,SEA,OMQAL
Oman,Shinas,SEA,OMSHI
Oman,Sur,SEA,OMOFC
Oman,Port Qaboos,SEA,OMOPQ
Oman,Quoin Island,SEA,OMQUO
Oman,Salalah,SEA,OMSLL
Oman,Sohar,SEA,OMSOH
Oman,Port Sultan,SEA,OMSUL
Philippines,Abulug,SEA,PHABU
Philippines,Amunitan/Aparri,SEA,PHAMU
Philippines,Aras Asan/Bislig,SEA,PHARA
Philippines,Atimonan/Siain,SEA,PHATI
Philippines,"Balabac, Palawan",SEA,PHBLC
Philippines,Balingasag,SEA,PHBGS
Philippines,Basco,SEA,PHBSO
Philippines,Batangas/Luzon,SEA,PHBTG
Philippines,Bauan/Batangas,SEA,PHBAU
Philippines,Bauang,SEA,PHBNG
Philippines,Binan,SEA,PHBIN
Philippines,"Boac, Marinduque",SEA,PHBOA
Philippines,Bogo,SEA,PHBOG
Philippines,Boston/Davao,SEA,PHBOS
Philippines,"Brookes Point, Palawan",SEA,PHBRP
Philippines,"Burdeos, Polillo Isl",SEA,PHBUR
Philippines,"Cajidiocan, Visayan Isl",SEA,PHCAJ
Philippines,"Calbayog, Samar",SEA,PHCBY
Philippines,"Calubian, Leyte",SEA,PHCUG
Philippines,Capoocan,SEA,PHCPC
Philippines,Castanas,SEA,PHCST
Philippines,Culasi,SEA,PHCSI
Philippines,Danao,SEA,PHDNO
Philippines,El Nido/Puerto Princesa,SEA,PHENI
Philippines,General Santos,SEA,PHGES
Philippines,"Gigaquit, Mindanao",SEA,PHGGG
Philippines,"Gigmoto, Catanduanes",SEA,PHGGM
Philippines,Hamtic,SEA,PHAQE
Philippines,"Himamaylan, Negros",SEA,PHHIM
Philippines,"Isabela, Basilan",SEA,PHBCT
Philippines,Jasaan,SEA,PHJAS
Philippines,Kabasalan/Zamboanga,SEA,PHKAS
Philippines,Kalamansig,SEA,PHKLM
Philippines,La Carlota,SEA,PHLAC
Philippines,Labason/Zamboanga,SEA,PHLAB
Philippines,Laguna,SEA,PHLGU
Philippines,"Laoag, Luzon",SEA,PHLAO
Philippines,"Lapu-Lapu, Cebu",SEA,PHLPU
Philippines,Lazi,SEA,PHLZB
Philippines,"Legaspi Apt, Luzon",SEA,PHLGP
Philippines,Leyte,SEA,PHLEY
Philippines,Lucanin,SEA,PHLUC
Philippines,Lugait,SEA,PHLUG
Philippines,Lunao,SEA,PHLNO
Philippines,"Mabini, Mindanao",SEA,PHMAB
Philippines,Mactan Island Apt,SEA,PHNOP
Philippines,Makati,SEA,PHMTI
Philippines,Makati City,SEA,PHMKC
Philippines,"Maluso, Basilan",SEA,PHMLB
Philippines,"Marihatag, Mindanao",SEA,PHMHT
Philippines,Medina,SEA,PHMDN
Philippines,Muntinlupa City,SEA,PHMNT
Philippines,"Nasugbu, Luzon",SEA,PHNUG
Philippines,Opol,SEA,PHOPO
Philippines,"Pagudpud, Luzon",SEA,PHPPP
Philippines,"Pasaleng, Luzon",SEA,PHPSL
Philippines,Philippines,SEA,PHPIS
Philippines,"Polanco, Mindanao",SEA,PHPDC
Philippines,"Polillo, Polillo Isl",SEA,PHPLL
Philippines,Port Irene,SEA,PHIRN
Philippines,"San Jose Apt, Mindoro",SEA,PHSJI
Philippines,Semirara,SEA,PHSMR
Philippines,Tabaco/Legaspi,SEA,PHTBC
Philippines,Taganito,SEA,PHTTO
Philippines,Tagoloan,SEA,PHTGO
Philippines,Talibon,SEA,PHTAL
Philippines,Tandayag,SEA,PHTAN
Philippines,Vitali/Zamboanga,SEA,PHVTL
Philippines,Port of Manila,SEA,PHMNL
Philippines,Ajuy,SEA,PHAJU
Philippines,Albuera,SEA,PHALB
Philippines,Alcoy,SEA,PHALC
Philippines,Astorga,SEA,PHAST
Philippines,Bacong,SEA,PHBAC
Philippines,Batonbaton,SEA,PHBAT
Philippines,"Bacolod, Negros",SEA,PHBCD
Philippines,Boracay,SEA,PHBOR
Philippines,Cagdianao,SEA,PHCDN
Philippines,Cebu,SEA,PHCEB
Philippines,Corregidor Island,SEA,PHCGI
Philippines,"Cagayan de Oro, Mindanao",SEA,PHCGY
Philippines,Carigara,SEA,PHCRA
Philippines,"Davao, Mindanao",SEA,PHDVO
Philippines,Garcia Hernandez,SEA,PHGHE
Philippines,Guihulngan,SEA,PHGHG
Philippines,Guiuan,SEA,PHGUN
Philippines,Hilongos,SEA,PHHIL
Philippines,Homonhon,SEA,PHHMH
Philippines,Larena,SEA,PHLNA
Philippines,Manicani,SEA,PHMNI
Philippines,Manila North Harbour,SEA,PHMNN
Philippines,Manila South Harbour,SEA,PHMNS
Philippines,Malatapay,SEA,PHMTP
Philippines,Batangas,SEA,PHNGT
Philippines,Odiongan,SEA,PHODI
Philippines,Oroquieta,SEA,PHORL
Philippines,Panabo,SEA,PHPAN
Philippines,Puerto Galera,SEA,PHPGA
Philippines,Pagbilao,SEA,PHPGB
Philippines,Romblon,SEA,PHROM
Philippines,Subic Bay,SEA,PHSFS
Philippines,Salomague,SEA,PHSLM
Philippines,Tubigon,SEA,PHTON
Pakistan,Kiamari,SEA,PKKIA
Pakistan,Muhammad Bin Qasim/Karachi,SEA,PKBQM
Pakistan,Port of Karachi,SEA,PKKHI
Pakistan,Keti Bandar,SEA,PKKBA
Pakistan,Karachi Container Terminal,SEA,PKKCT
Pakistan,Pakistan International Container Te,SEA,PKPCT
Qatar,Al Ruwais Qatar,SEA,QARUS
Qatar,As Salwa,SEA,QASLW
Qatar,Ras Laffan,SEA,QARLF
Qatar,Umm Sa'id (Mesaieed),SEA,QAUMS
Qatar,Doha,SEA,QADOH
Qatar,Halul,SEA,QAHAL
Russian Federation,Abinsk,SEA,RUABK
Russian Federation,Aleksandrovsk-Sakhalinskiy,SEA,RUSAK
Russian Federation,Amderma,SEA,RUAMV
Russian Federation,Angarsk,SEA,RUAGK
Russian Federation,Bagaevskaya,SEA,RUBGV
Russian Federation,Belaya Kalitva,SEA,RUBKT
Russian Federation,Boshnyakovo,SEA,RUBOS
Russian Federation,Bukhta Ol'ga,SEA,RUOLB
Russian Federation,Chamgu,SEA,RUCHA
Russian Federation,Chebarkul',SEA,RUCHB
Russian Federation,Derbeshkinskiy,SEA,RUDHA
Russian Federation,Ekonomiya,SEA,RUEKO
Russian Federation,Engels,SEA,RUPOK
Russian Federation,Gavrilov-Yam,SEA,RUGVY
Russian Federation,Ikryanoye,SEA,RUIOY
Russian Federation,Ivanovo,SEA,RUIVO
Russian Federation,Kashira,SEA,RUKAS
Russian Federation,Kasimov,SEA,RUKSI
Russian Federation,Kavkaz,SEA,RUKZP
Russian Federation,Kholmsk,SEA,RUKHO
Russian Federation,Khvalynsk,SEA,RUKNY
Russian Federation,Kirovskiy,SEA,RUKIY
Russian Federation,Konakovo,SEA,RUKOK
Russian Federation,Kotel'niki,SEA,RUXC2
Russian Federation,Kotel'nyy,SEA,RUKOT
Russian Federation,Krasnoturansk,SEA,RURYK
Russian Federation,Krasnotur'insk,SEA,RUKSO
Russian Federation,Krasnoyarsk,SEA,RUKRA
Russian Federation,Krasnyye Barrikady,SEA,RUKYB
Russian Federation,Lavrentiya,SEA,RULVR
Russian Federation,Lebedyan',SEA,RULDY
Russian Federation,Lesogorsk,SEA,RULES
Russian Federation,Lyubim,SEA,RULBU
Russian Federation,Makhachkala,SEA,RUMCX
Russian Federation,Malino,SEA,RUMA2
Russian Federation,Miass,SEA,RUMAS
Russian Federation,Moskva,SEA,RUMOW
Russian Federation,Mys Shmidta,SEA,RUMSH
Russian Federation,Naberezhnyye Chelny,SEA,RUNAC
Russian Federation,Nizhnevartovsk,SEA,RUNJC
Russian Federation,Nogliki,SEA,RUNOG
Russian Federation,Novodvinsk,SEA,RUNDK
Russian Federation,Novomoskovsk,SEA,RUNMK
Russian Federation,Novorossiysk,SEA,RUNVS
Russian Federation,"Okha, Sakhalin",SEA,RUOKA
Russian Federation,Oleniy Ostrov,SEA,RUOLO
Russian Federation,Ol'ga,SEA,RUOLP
Russian Federation,Olya,SEA,RUOYA
Russian Federation,Oranzherei,SEA,RUOZE
Russian Federation,Orekhovo-Zuevo,SEA,RUHZO
Russian Federation,Ozery,SEA,RUOZY
Russian Federation,Poyarkovo,SEA,RUPYO
Russian Federation,Preobrazheniye,SEA,RUPRY
Russian Federation,Prigorodnoye,SEA,RUPGN
Russian Federation,"Provideniya, Bukhta",SEA,RUPVS
Russian Federation,Rostov-na-Donu,SEA,RURND
Russian Federation,Sabetta,SEA,RUSAB
Russian Federation,Salekhard,SEA,RUSLH
Russian Federation,Samara,SEA,RUKUF
Russian Federation,Shebekino,SEA,RUB2L
Russian Federation,Siziman,SEA,RUSIZ
Russian Federation,Sochi,SEA,RUAER
Russian Federation,Solnechnogorsk,SEA,RUSNG
Russian Federation,Solovki,SEA,RUSLK
Russian Federation,Taman',SEA,RUTAM
Russian Federation,Timashevsk,SEA,RUTVK
Russian Federation,Tol'yatti,SEA,RUTOI
Russian Federation,Trudfront,SEA,RUTDO
Russian Federation,Uglich,SEA,RUUGC
Russian Federation,Ust-Kamchatsk,SEA,RUUKK
Russian Federation,Varandey,SEA,RUVAR
Russian Federation,Vityaz,SEA,RUVTZ
Russian Federation,Vladivostok,SEA,RUFIP
Russian Federation,Volgograd,SEA,RUVOG
Russian Federation,Volzhsk,SEA,RUVZH
Russian Federation,Vostochnyy Port,SEA,RUVYP
Russian Federation,Vostokmorservice,SEA,RUVMS
Russian Federation,Vyksa,SEA,RUVYK
Russian Federation,Yuzhno-Kuril'sk,SEA,RUDEE
Russian Federation,Zarubino,SEA,RUZAR
Russian Federation,Zelenodol'sk,SEA,RUZDK
Russian Federation,Ambarchik,SEA,RUABC
Russian Federation,Aksay,SEA,RUAKS
Russian Federation,Amderma,SEA,RUAMD
Russian Federation,Amursk,SEA,RUAMU
Russian Federation,Arman (Magadan),SEA,RUARM
Russian Federation,Azov,SEA,RUAZO
Russian Federation,Bolshoy Kamen,SEA,RUBKN
Russian Federation,Balakhna,SEA,RUBLK
Russian Federation,Balakhnya,SEA,RUBLN
Russian Federation,Borisova,SEA,RUBOR
Russian Federation,Chemashi,SEA,RUCHM
Russian Federation,Chuya,SEA,RUCHU
Russian Federation,Cpc Terminal,SEA,RUCPC
Russian Federation,Dubovka,SEA,RUDBK
Russian Federation,Dubna,SEA,RUDUB
Russian Federation,Fish Port Terminal,SEA,RUFPT
Russian Federation,Indiga,SEA,RUIDG
Russian Federation,Kirensk,SEA,RUKIK
Russian Federation,Kimry,SEA,RUKIM
Russian Federation,Kulakovo,SEA,RUKLK
Russian Federation,Koltogorskiye,SEA,RUKLT
Russian Federation,Kalyazin,SEA,RUKLY
Russian Federation,Malaya Kheta,SEA,RUKMM
Russian Federation,Konets Lug,SEA,RUKNL
Russian Federation,Korsakov,SEA,RUKOR
Russian Federation,Krivosheino,SEA,RUKRI
Russian Federation,Krasnyy Yar,SEA,RUKRY
Russian Federation,Kharasavey,SEA,RUKSA
Russian Federation,Khatyrka,SEA,RUKTY
Russian Federation,Kubekovo,SEA,RUKUB
Russian Federation,Kureysk,SEA,RUKUR
Russian Federation,Kolpashevo,SEA,RUKVO
Russian Federation,Kolguyev Island,SEA,RUKYI
Russian Federation,Kireyevskoye,SEA,RUKYK
Russian Federation,Kozhevnikovo,SEA,RUKZH
Russian Federation,Kozmino Port,SEA,RUKZM
Russian Federation,Leonova,SEA,RULEO
Russian Federation,Leushinskiye,SEA,RULEU
Russian Federation,Lensk,SEA,RULNK
Russian Federation,Lugovoye,SEA,RULUG
Russian Federation,Mamadysh,SEA,RUMDY
Russian Federation,Makarovo,SEA,RUMKR
Russian Federation,Mogochin,SEA,RUMOG
Russian Federation,Molchanovo,SEA,RUMON
Russian Federation,Narym,SEA,RUNAR
Russian Federation,Nakhodka,SEA,RUNJK
Russian Federation,Neftelensk,SEA,RUNLK
Russian Federation,Nizhnevartovsk,SEA,RUNNT
Russian Federation,Nizhnyaya Pesha,SEA,RUNPE
Russian Federation,Okruzhnoe,SEA,RUOKZ
Russian Federation,Olekminsk,SEA,RUOMK
Russian Federation,Oktyabrskoye,SEA,RUOYE
Russian Federation,Peregrebnoye,SEA,RUPGE
Russian Federation,Prokhorovskiy,SEA,RUPHS
Russian Federation,Petropavlovsk-Kamchatskiy,SEA,RUPKC
Russian Federation,Polnovat,SEA,RUPNV
Russian Federation,Posyet,SEA,RUPSE
Russian Federation,Potapova,SEA,RUPTP
Russian Federation,Angarsk,SEA,RURSK
Russian Federation,Rubnoye,SEA,RURUB
Russian Federation,Severodvinsk,SEA,RUSEW
Russian Federation,Slavyanka,SEA,RUSKA
Russian Federation,Streika,SEA,RUSTR
Russian Federation,Taganrog,SEA,RUTAG
Russian Federation,Tayura,SEA,RUTAY
Russian Federation,Tazovskiy,SEA,RUTAZ
Russian Federation,Tuapse,SEA,RUTUA
Russian Federation,Uelen,SEA,RUUEL
Russian Federation,Vaygach,SEA,RUVAY
Russian Federation,Vankarem,SEA,RUVKR
Russian Federation,Volga,SEA,RUVLG
Russian Federation,Vitim,SEA,RUVTM
Russian Federation,Vladivostok,SEA,RUVVO
Russian Federation,Vertikoye,SEA,RUVYE
Russian Federation,Yamburg,SEA,RUYAM
Saudi Arabia,Ad Dammam,SEA,SADMM
Saudi Arabia,Al Jubayl Industrial City,SEA,SAJBI
Saudi Arabia,Al Khobar,SEA,SAAQK
Saudi Arabia,Buraydah,SEA,SABUR
Saudi Arabia,Jazan Economic City,SEA,SAJEC
Saudi Arabia,Jeddah,SEA,SAJED
Saudi Arabia,Jizan,SEA,SAGIZ
Saudi Arabia,Ras Al-Khair,SEA,SARAZ
Saudi Arabia,Umm Lajj,SEA,SAVLA
Saudi Arabia,Yanbu al-Bahr,SEA,SAYNB
Saudi Arabia,Yanbu Industrial City,SEA,SAYBI
Saudi Arabia,Al Muajjiz,SEA,SAAMU
Saudi Arabia,Dhuba,SEA,SADHU
Saudi Arabia,Jubail,SEA,SAJUB
Saudi Arabia,Juaymah Terminal,SEA,SAJUT
Saudi Arabia,Jeddah Yachts Club Port,SEA,SAJYC
Saudi Arabia,King Abdullah City,SEA,SAKAC
Saudi Arabia,Al Khuraibah,SEA,SAKHU
Saudi Arabia,Al Qahmah,SEA,SAQAH
Saudi Arabia,Al Qunfudah,SEA,SAQUN
Saudi Arabia,Ras al Khafji,SEA,SARAR
Saudi Arabia,Ras Tanura,SEA,SARTA
Singapore,Bukit Merah Estate,SEA,SGBKM
Singapore,Changi,SEA,SGCHG
Singapore,Jurong/Singapore,SEA,SGJUR
Singapore,PASIR PANJANG Terminal,SEA,SGPPT
Singapore,Pulau Ayer Chawan,SEA,SGAYC
Singapore,Tuas,SEA,SGTUA
Syrian Arab Republic,Al Ladhiqiyah,SEA,SYALD
Syrian Arab Republic,Arwad,SEA,SYARW
Syrian Arab Republic,Banghazi,SEA,SYBEN
Syrian Arab Republic,Baniyas,SEA,SYBAN
Syrian Arab Republic,Latakia,SEA,SYLTK
Syrian Arab Republic,Tartus,SEA,SYTTS
Syrian Arab Republic,Rouad,SEA,SYRAD
Syrian Arab Republic,Tartus Oil Terminal,SEA,SYTAO
Thailand,Actu-lum,SEA,THSHT
Thailand,Ban Kantang,SEA,THBNK
Thailand,Ban Prakop Customs House,SEA,THBPK
Thailand,Ban Talat Takua Pa,SEA,THBTP
Thailand,Bang Saphan,SEA,THBSP
Thailand,Bangkok,SEA,THBKK
Thailand,Bangpakong Terminal,SEA,THBTC
Thailand,Bangpoomai,SEA,THBAI
Thailand,Chiang Saen Customs House,SEA,THCHS
Thailand,Ekachai Container Terminal,SEA,THECT
Thailand,Kamphaeng Phet,SEA,THKPT
Thailand,Kantang,SEA,THKAN
Thailand,Khanom,SEA,THKHA
Thailand,Khlong Yai,SEA,THKLY
Thailand,Ko Samui,SEA,THKSM
Thailand,Krabi,SEA,THKRV
Thailand,Laem Chabang,SEA,THLCH
Thailand,Nakhon Si Thammarat,SEA,THNKT
Thailand,Narathiwat,SEA,THNRW
Thailand,NH Prosperity,SEA,THNHP
Thailand,Pattani,SEA,THPTN
Thailand,Phahon Yothin Customs House,SEA,THPYT
Thailand,Photharam,SEA,THPTR
Thailand,Phra Khanong,SEA,THKRU
Thailand,Phra Pradaeng,SEA,THPPA
Thailand,Phuket Port,SEA,THPKT
Thailand,Prachuap Port,SEA,THPPC
Thailand,Ranong,SEA,THRNN
Thailand,Sathun,SEA,THSTH
Thailand,Siam Bangkok Port,SEA,THSBP
Thailand,Siamgas and Petrochemicals,SEA,THSSW
Thailand,Songkhla,SEA,THSGK
Thailand,T S Transport and Logistics,SEA,THI6C
Thailand,Tak Bai Customs House,SEA,THTAB
Thailand,Trang,SEA,THTRG
Thailand,Unithai Container Terminal,SEA,THUCT
Thailand,Bangkok Modern Terminals/Bangkok,SEA,THBMT
Thailand,Ban Don,SEA,THBND
Thailand,Bangnara,SEA,THBNG
Thailand,Ban Laem,SEA,THBNL
Thailand,Ban Pong,SEA,THBPG
Thailand,Chanthaburi,SEA,THCHA
Thailand,Chumphon,SEA,THCHU
Thailand,Erawan,SEA,THERA
Thailand,Ko Lanta,SEA,THKLA
Thailand,Ko Sichang,SEA,THKSI
Thailand,Klong Toey,SEA,THKTL
Thailand,Khlong Toei,SEA,THKTY
Thailand,Ko Yao,SEA,THKYO
Thailand,Lang Suan,SEA,THLAS
Thailand,Map Ta Phut,SEA,THMAT
Thailand,Mae Klong,SEA,THMEK
Thailand,Ban Map Ta Phut,SEA,THMTP
Thailand,Nim Port,SEA,THNIM
Thailand,Phang-Nga,SEA,THPHA
Thailand,Pakbara,SEA,THPKB
Thailand,Pak Nam,SEA,THPKN
Thailand,Pak Phanang,SEA,THPKP
Thailand,Platong,SEA,THPLA
Thailand,Sattahip,SEA,THSAT
Thailand,Sahathai Coastal Seaport,SEA,THSCS
Thailand,Songkhla,SEA,THSGZ
Thailand,Sichon,SEA,THSIC
Thailand,Si Racha,SEA,THSIR
Thailand,Satun,SEA,THSNT
Thailand,Samut Prakan Sahathai Terminal,SEA,THSPS
Thailand,Si Racha,SEA,THSRI
Thailand,Tha Chaleap,SEA,THTAC
Thailand,Tha Sala,SEA,THTHA
Thailand,Tungprong Pt,SEA,THTPP
Thailand,Surat Thani,SEA,THURT
Timor-Leste,Dili,SEA,TLDIL
Turkmenistan,Cheleken,SEA,TMCHE
Turkmenistan,Halach,SEA,TMHAL
Turkmenistan,Krasnovodsk,SEA,TMKRA
Turkmenistan,Turkmenbashi,SEA,TMKRW
Turkey,Akcaabat,SEA,TRAKB
Turkey,Akcapinar,SEA,TRGKV
Turkey,Akcay,SEA,TRAKY
Turkey,Akdeniz,SEA,TRAKD
Turkey,Alanya,SEA,TRALA
Turkey,Ambarli,SEA,TRAMR
Turkey,Anamur,SEA,TRANA
Turkey,Antalya,SEA,TRAYT
Turkey,Ayancik,SEA,TRAYA
Turkey,Ayvalik,SEA,TRAYV
Turkey,Bandirma,SEA,TRBDM
Turkey,Besiktas,SEA,TRBTS
Turkey,Beylerbeyi,SEA,TRBBI
Turkey,Bodrum,SEA,TRBXN
Turkey,Botas,SEA,TRBOT
Turkey,Bozcaada,SEA,TRBZC
Turkey,Buyukcukur,SEA,TRBUY
Turkey,Camalti,SEA,TRCAM
Turkey,Canakkale,SEA,TRCKZ
Turkey,Cesme,SEA,TRCES
Turkey,Cide,SEA,TRCID
Turkey,Datca,SEA,TRDAT
Turkey,Dikili,SEA,TRDIK
Turkey,Edremit,SEA,TREDO
Turkey,Enez,SEA,TRENE
Turkey,Erdek,SEA,TRERK
Turkey,Eregli,SEA,TRERE
Turkey,Evyap Port /Kocaeli,SEA,TREYP
Turkey,Fatsa,SEA,TRFAS
Turkey,Fethiye,SEA,TRFET
Turkey,Finike,SEA,TRFIN
Turkey,Firuzkoy,SEA,TRFRZ
Turkey,Foca,SEA,TRFOC
Turkey,Gebze,SEA,TRGEB
Turkey,Gemlik,SEA,TRGEM
Turkey,Gerze,SEA,TRGZE
Turkey,Giresun,SEA,TRGIR
Turkey,Gocek,SEA,TRGCK
Turkey,Gokceada,SEA,TRGCA
Turkey,Gorele,SEA,TRGOR
Turkey,Gulluk,SEA,TRGUL
Turkey,Hisaronu,SEA,TRHIS
Turkey,Hopa,SEA,TRHOP
Turkey,Icdas Jetty,SEA,TRIDS
Turkey,Igneada,SEA,TRIGN
Turkey,Inebolu,SEA,TRINE
Turkey,Isdemir,SEA,TRIDM
Turkey,Iskenderun,SEA,TRISK
Turkey,Istanbul,SEA,TRIST
Turkey,Izmir,SEA,TRIZM
Turkey,Izmit,SEA,TRIZT
Turkey,Kabatas,SEA,TRKBS
Turkey,Karabiga,SEA,TRKRB
Turkey,Karakoy/Istambul,SEA,TRKKY
Turkey,Karasu,SEA,TRKRS
Turkey,Karatas,SEA,TRKRT
Turkey,Kartepe,SEA,TRKPE
Turkey,Kas,SEA,TRKAS
Turkey,Kefken,SEA,TRKFK
Turkey,Kemer,SEA,TRKMR
Turkey,Konak,SEA,TRKN2
Turkey,Korfez,SEA,TRKFZ
Turkey,Kusadasi,SEA,TRKUS
Turkey,Manavgat,SEA,TRMVG
Turkey,Marmara Adasi,SEA,TRMRA
Turkey,Marmaris,SEA,TRMRM
Turkey,Mersin,SEA,TRMER
Turkey,Mersin-Free Zone,SEA,TRMFZ
Turkey,Mimarsinan,SEA,TRMIM
Turkey,Mudanya,SEA,TRMUD
Turkey,Nusaybin,SEA,TRM47
Turkey,Ordu,SEA,TRORD
Turkey,Pasakoy,SEA,TR9AK
Turkey,Pazar,SEA,TRPZR
Turkey,Port of Karasu,SEA,TRKSP
Turkey,Rize,SEA,TRRIZ
Turkey,Rota-Izmit Bay,SEA,TRRZY
Turkey,Samsun,SEA,TRSSX
Turkey,Sariseki,SEA,TRSRS
Turkey,Sile,SEA,TRSLE
Turkey,Silivri,SEA,TRSIL
Turkey,Sinop,SEA,TRSIC
Turkey,Surmene,SEA,TRSUR
Turkey,Tasucu,SEA,TRTAS
Turkey,Tekirdag,SEA,TRTEK
Turkey,Tirebolu,SEA,TRTIR
Turkey,"Toros Gubre Terminal, Gubre",SEA,TRTGT
Turkey,Trabzon,SEA,TRTZX
Turkey,Tuzla,SEA,TRTUZ
Turkey,Unye,SEA,TRUNY
Turkey,Vakfikebir,SEA,TRVAK
Turkey,Yalova,SEA,TRYAL
Turkey,Yesilovacik,SEA,TRYIK
Turkey,Yilport,SEA,TRYPO
Turkey,Yumurtalik,SEA,TRADY
Turkey,Zonguldak,SEA,TRZON
Turkey,Akcansa,SEA,TRAKC
Turkey,Aliaga,SEA,TRALI
Turkey,Yenikoy-Autoport,SEA,TRAUT
Turkey,Baba Point,SEA,TRBBP
Turkey,Darica,SEA,TRDAR
Turkey,Diliskelesi,SEA,TRDIL
Turkey,Derince,SEA,TRDRC
Turkey,Dortyol,SEA,TRDYL
Turkey,Haskoy,SEA,TRHAS
Turkey,Haydarpasa,SEA,TRHAY
Turkey,Hereke,SEA,TRHER
Turkey,Kumport,SEA,TRKMX
Turkey,Limas,SEA,TRLMA
Turkey,Mardas,SEA,TRMAD
Turkey,Maltepe,SEA,TRMAL
Turkey,Marport,SEA,TRMPT
Turkey,Nemrut Bay,SEA,TRNEM
Turkey,Saraylar,SEA,TRSRL
Turkey,Turan,SEA,TRTUR
Turkey,Uskudar,SEA,TRUSK
Turkey,Yarimca,SEA,TRYAR
"Taiwan, Province of China",Hukou,SEA,TWHUK
"Taiwan, Province of China",Sha-lun,SEA,TWSHL
"Taiwan, Province of China",Taipei,SEA,TWTPE
"Taiwan, Province of China",Wu-tu,SEA,TWWTU
"Taiwan, Province of China",Port of Keelung,SEA,TWKEL
"Taiwan, Province of China",Nangang,SEA,TWANG
"Taiwan, Province of China",Bali,SEA,TWBAL
"Taiwan, Province of China",Kaohsiung,SEA,TWKHH
"Taiwan, Province of China",Nantou,SEA,TWNAN
"Taiwan, Province of China",Taichung,SEA,TWTXG
"Taiwan, Province of China",Taoyuan,SEA,TWTYN
Uzbekistan,Akaltyn,SEA,UZAKT
Uzbekistan,Asaka,SEA,UZASA
Viet Nam,Ben Tre,SEA,VNTRE
Viet Nam,Binh Long Port,SEA,VNBLG
Viet Nam,Bong Son,SEA,VNHNH
Viet Nam,Cai Cui Port,SEA,VNCCU
Viet Nam,Cai Lan,SEA,VNCLN
Viet Nam,Cai Mep,SEA,VNTOT
Viet Nam,Cai Mep International Terminal,SEA,VNCMT
Viet Nam,Cam Lam,SEA,VNBAN
Viet Nam,Can Tho,SEA,VNVCA
Viet Nam,Cat Lai,SEA,VNCLI
Viet Nam,Culao,SEA,VNCLO
Viet Nam,Da Nang,SEA,VNDAD
Viet Nam,Dong Hai,SEA,VNDN3
Viet Nam,Dong Nai,SEA,VNDNA
Viet Nam,Dong Xuyen Port,SEA,VNDXN
Viet Nam,Dung Quat,SEA,VNDQT
Viet Nam,Hanoi,SEA,VNHAN
Viet Nam,Ho Chi Minh City,SEA,VNSGN
Viet Nam,Hon La Port,SEA,VNHLP
Viet Nam,ICD TRANSIMEX THU DUC,SEA,VNITX
Viet Nam,Long An International Port,SEA,VNLAP
Viet Nam,Long Binh Tan,SEA,VNLBT
Viet Nam,Lotus Port,SEA,VNLPO
Viet Nam,Nam Can Port,SEA,VNNCN
Viet Nam,Nam Hai Dinh Vu Port,SEA,VNNHD
Viet Nam,Nghe Tinh,SEA,VNNGT
Viet Nam,Nghi Son,SEA,VNNGH
Viet Nam,Nhon Trach,SEA,VNNHT
Viet Nam,Ninh Hoa,SEA,VNNIH
Viet Nam,Phuoc Long,SEA,VNPHG
Viet Nam,Phuoc Long ICD,SEA,VNIPH
Viet Nam,Quang Binh,SEA,VNQBH
Viet Nam,Qui Nhon,SEA,VNUIH
Viet Nam,Rao Qua,SEA,VNRQU
Viet Nam,Sa Dec,SEA,VNSAD
Viet Nam,Son Duong Port,SEA,VNSDP
Viet Nam,Song Doc,SEA,VNSON
Viet Nam,Tan Cang Hiep Phuoc Port,SEA,VNHPP
Viet Nam,Tan Thuan Dong,SEA,VNTTD
Viet Nam,Thu Dau Mot,SEA,VNTHD
Viet Nam,Vinalines Hau Giang Port,SEA,VNVHG
Viet Nam,Vinh,SEA,VNVNH
Viet Nam,Vung Ang,SEA,VNVAG
Viet Nam,Vung Tau,SEA,VNVUT
Viet Nam,Port of Haiphong,SEA,VNHPH
Viet Nam,Ben Dam Con Dao Terminals,SEA,VNBCD
Viet Nam,Binh Duong Terminal,SEA,VNBDG
Viet Nam,Binh Minh,SEA,VNBMH
Viet Nam,Ben Nghe,SEA,VNBNG
Viet Nam,Ba Ngoi,SEA,VNBNO
Viet Nam,Bong Sen,SEA,VNBSE
Viet Nam,Cua Cam Terminal,SEA,VNCCA
Viet Nam,Chan May Port,SEA,VNCMY
Viet Nam,Sai Gon Port,SEA,VNCSG
Viet Nam,Cua Lo,SEA,VNCUA
Viet Nam,Cua Viet Port,SEA,VNCUV
Viet Nam,Chua Ve Terminal,SEA,VNCVE
Viet Nam,Dam Mon,SEA,VNDMO
Viet Nam,Dong Thap,SEA,VNDTH
Viet Nam,Tien Sa Terminal,SEA,VNDTS
Viet Nam,Dinh Vu Terminal,SEA,VNDVU
Viet Nam,Doan Xa Terminal,SEA,VNDXA
Viet Nam,Go Dau A Terminal,SEA,VNGDA
Viet Nam,Go Dau B Terminal,SEA,VNGDB
Viet Nam,Hai Phong,SEA,VNHAP
Viet Nam,Hon Chong,SEA,VNHCH
Viet Nam,Ha Long,SEA,VNHLG
Viet Nam,Hongai,SEA,VNHON
Viet Nam,Hai Son,SEA,VNHSN
Viet Nam,Interflour Cai Mep,SEA,VNITF
Viet Nam,Ky Ha Terminal,SEA,VNKYH
Viet Nam,Ky Ha Quang Nam Terminal,SEA,VNKYQ
Viet Nam,Long Binh,SEA,VNLBN
Viet Nam,Long Thanh,SEA,VNLTH
Viet Nam,My Thoi,SEA,VNMTH
Viet Nam,Nguyen Van Troi Port,SEA,VNNVT
Viet Nam,Cat Lai Oil Port,SEA,VNOCL
Viet Nam,Nha Be Oil Port,SEA,VNONB
Viet Nam,Saigon Petro Oil Terminal,SEA,VNOSP
Viet Nam,Phu Bai,SEA,VNPHB
Viet Nam,Phu My,SEA,VNPHU
Viet Nam,Phu Quoc,SEA,VNPQC
Viet Nam,Quang Ninh,SEA,VNQNH
Viet Nam,Tan Cang Qui Nhon,SEA,VNQNT
Viet Nam,Rang Dong,SEA,VNRDG
Viet Nam,SP-PSA International Port,SEA,VNSIP
Viet Nam,Saigon ITV/Phu My,SEA,VNSIT
Viet Nam,Hiep Phuoc Port,SEA,VNSPC
Viet Nam,ICD Sotrans,SEA,VNSTR
Viet Nam,Tan Cang,SEA,VNTCG
Viet Nam,Tan Canh,SEA,VNTCN
Viet Nam,Tan Cang - Cai Mep Terminal,SEA,VNTCT
Viet Nam,Thuan An,SEA,VNTHU
Viet Nam,Tan Cang - Mien Trung Terminal,SEA,VNTMT
Viet Nam,Thi Nai Port,SEA,VNTNA
Viet Nam,Tra Noc,SEA,VNTNO
Viet Nam,Thanh Phuoc Port,SEA,VNTPP
Viet Nam,Transvina Terminal,SEA,VNTVN
Viet Nam,Vat Cach,SEA,VNVCH
Viet Nam,VTB & CN Tau Can Tho,SEA,VNVCT
Viet Nam,"Ho Chi Minh, VICT",SEA,VNVIC
Viet Nam,Vinh Long,SEA,VNVLG
Viet Nam,Van Phong,SEA,VNVPH
Viet Nam,Vung Ro,SEA,VNVRO
Viet Nam,Vinashin Shipyard,SEA,VNVSS
Yemen,Hodeidah,SEA,YEHOD
Yemen,Little Aden,SEA,YELAD
Yemen,Perim Island,SEA,YEPRM
Yemen,Suqutra,SEA,YESCT
Yemen,Aden,SEA,YEADE
Yemen,Mukalla,SEA,YEMKX
Armenia,Jermuk,SEA,AMJER
Nepal,Nawalparasi,SEA,NPLLU
Antigua and Barbuda,Falmouth,SEA,AGFAM
Antigua and Barbuda,Parham,SEA,AGPHM
Antigua and Barbuda,Saint John's,SEA,AGSJO
Antigua and Barbuda,Antigua,SEA,AGANU
Antigua and Barbuda,Barbuda,SEA,AGBBQ
Anguilla,Meads Bay Beach,SEA,AIMBB
Anguilla,Blowing Point,SEA,AIBLP
Anguilla,The Forest,SEA,AIFOR
Anguilla,Sombrero,SEA,AISOM
Anguilla,Wall Blake,SEA,AIWLL
Aruba,Aruba,SEA,AWAUA
Aruba,Barcadera,SEA,AWBAR
Aruba,Oranjestad,SEA,AWORJ
Barbados,Bridgetown,SEA,BBBGI
France,Saint-Barthelemy,SEA,BLSBH
France,Aeroport Gustaf III - Saint-Barthel,SEA,BLGUS
Bermuda,Devonshire,SEA,BMSEV
Bermuda,Saint George,SEA,BMSGE
Bermuda,Sandys,SEA,BMSAN
Bermuda,Southampton,SEA,BMSOU
Bermuda,Hamilton,SEA,BMBDA
Bermuda,Freeport,SEA,BMFPT
Netherlands,Bonaire,SEA,BQBON
Netherlands,Dorp Rincon,SEA,BQRIN
Netherlands,Kralendijk,SEA,BQKRA
Netherlands,Saba,SEA,BQSAB
Netherlands,Sint Eustatius,SEA,BQEUX
Bahamas,Bock Cay,SEA,BSBKC
Bahamas,Cape Eleuthera,SEA,BSCEL
Bahamas,Congo Town,SEA,BSCOX
Bahamas,Gorda Cay,SEA,BSGOC
Bahamas,Great Exuma Island,SEA,BSEXU
Bahamas,Great Harbour Cay,SEA,BSGHC
Bahamas,Green Turtle Cay,SEA,BSGTC
Bahamas,Harbour Island,SEA,BSHBI
Bahamas,Little San Salvador,SEA,BSHMC
Bahamas,Marsh Harbour,SEA,BSMHH
Bahamas,Nassau,SEA,BSNAS
Bahamas,Rock Sound,SEA,BSRSD
Bahamas,Stella Maris,SEA,BSSML
Bahamas,The Bight,SEA,BSTBI
Bahamas,West End,SEA,BSWTD
Bahamas,Cockburn Town,SEA,BSCBT
Bahamas,Little Stirrup Cay,SEA,BSCOC
Bahamas,"Freeport, Grand Bahama",SEA,BSFPO
Bahamas,Great Stirrup Cay,SEA,BSGSC
Bahamas,Lucaya,SEA,BSLUC
Belize,Barranco,SEA,BZBAR
Belize,Dangriga,SEA,BZDGA
Belize,Belize City,SEA,BZBZE
Canada,Adlavik,SEA,CAALK
Canada,Aguathuna,SEA,CAAGU
Canada,Anzac,SEA,CAANZ
Canada,Arctic Bay,SEA,CAARB
Canada,Argentia,SEA,CANWP
Canada,Arichat,SEA,CAARI
Canada,Arnold's Cove,SEA,CAARC
Canada,Arviat,SEA,CAYEK
Canada,Asquith,SEA,CAASQ
Canada,Atholville,SEA,CAALV
Canada,Avondale,SEA,CAAVO
Canada,Avonport,SEA,CAAVP
Canada,Baie Verte,SEA,CABVE
Canada,Baie-Johan-Beetz,SEA,CABJO
Canada,Baker Lake,SEA,CABLK
Canada,Bala,SEA,CABAA
Canada,Bald Rock,SEA,CABDR
Canada,Bantry,SEA,CANTR
Canada,Barrington,SEA,CABAN
Canada,Bay Bulls,SEA,CABBU
Canada,Bay Roberts,SEA,CABYR
Canada,"Bayside, Charlotte",SEA,CABST
Canada,Beach Point,SEA,CABPO
Canada,Beaver Cove,SEA,CABEA
Canada,Becancour,SEA,CABEC
Canada,Bedford,SEA,CABDF
Canada,Beresford,SEA,CABFR
Canada,Bobcaygeon,SEA,CABOB
Canada,Borden,SEA,CABOR
Canada,Botwood,SEA,CABWD
Canada,Bouctouche,SEA,CABUE
Canada,Bow City,SEA,CABC2
Canada,Bowen Island,SEA,CABNI
Canada,Brentwood Bay,SEA,CABRD
Canada,Bull Arm,SEA,CABUA
Canada,Burgeo,SEA,CABUO
Canada,Burin,SEA,CABUI
Canada,Burnside,SEA,CABUS
Canada,Burrard Inlet,SEA,CABIN
Canada,Cambridge Bay,SEA,CAYCB
Canada,Campbell River,SEA,CACAM
Canada,Campbellford,SEA,CACBF
Canada,Canso,SEA,CACAH
Canada,Cap-Chat,SEA,CACAC
Canada,Cape Ray,SEA,CACPY
Canada,Cap-St-Ignace,SEA,CACSI
Canada,Carberry,SEA,CACBY
Canada,Carbonear,SEA,CACRB
Canada,Carmanville,SEA,CACMV
Canada,Catalina,SEA,CACAT
Canada,Change Islands,SEA,CACIL
Canada,Channel-Port aux Basques,SEA,CAPBQ
Canada,Charlottetown,SEA,CACHA
Canada,Chateau-Richer,SEA,CARRE
Canada,Chesterfield Inlet,SEA,CAYCS
Canada,Chestermere,SEA,CACTR
Canada,Cheticamp,SEA,CACHT
Canada,Churchill,SEA,CACHV
Canada,Clarenville,SEA,CACLE
Canada,Clark's Harbour,SEA,CACLH
Canada,Clearwater,SEA,CACWT
Canada,Cleveland,SEA,CACVA
Canada,Clifford,SEA,CALLF
Canada,Coal Harbour,SEA,CACAU
Canada,Cobourg,SEA,CACBG
Canada,Coley's Point,SEA,CACYP
Canada,Come By Chance,SEA,CACBC
Canada,Coniston,SEA,CACSJ
Canada,Coral Harbour,SEA,CAYZS
Canada,Corner Brook,SEA,CACBK
Canada,Cow Head,SEA,CACWH
Canada,Cranford,SEA,CACRA
Canada,Crystal City,SEA,CACCI
Canada,Daniels Harbour,SEA,CAYDH
Canada,Deer Island,SEA,CADEI
Canada,Delta,SEA,CADEL
Canada,Denman Island,SEA,CADSA
Canada,Dildo,SEA,CADIL
Canada,Dingwall,SEA,CADWL
Canada,Dublin,SEA,CADLN
Canada,East Angus,SEA,CAETA
Canada,Emerald Park,SEA,CAXVX
Canada,Endako,SEA,CAEND
Canada,English Bay,SEA,CAEBY
Canada,Etang-du-Nord,SEA,CAETN
Canada,Etzikom,SEA,CAETZ
Canada,Fall River,SEA,CAFLR
Canada,Fogo,SEA,CAFOG
Canada,Forest,SEA,CAZFT
Canada,Fort Frances,SEA,CAFFS
Canada,Fort Franklin,SEA,CAFKN
Canada,Fort Langley,SEA,CAFLY
Canada,Fort MacKay,SEA,CAFMA
Canada,Fort William,SEA,CAFWL
Canada,Fortune,SEA,CAFOR
Canada,Fraser Wharves,SEA,CAFWS
Canada,Fraser-Surrey Docks,SEA,CAFSD
Canada,Fredericton,SEA,CAFRE
Canada,Galt,SEA,CAGLT
Canada,Gander,SEA,CAGAN
Canada,Gaspe,SEA,CAGPE
Canada,Gjoa Haven,SEA,CAYHK
Canada,Glace Bay,SEA,CAGLB
Canada,Goose Bay,SEA,CAGOO
Canada,Grand Bank,SEA,CAGRB
Canada,Grand Manan,SEA,CAGMA
Canada,Grande-Digue,SEA,CAEDI
Canada,Grise Fiord,SEA,CAYGZ
Canada,Hacketts Cove,SEA,CAHCC
Canada,Halton Hills,SEA,CAOON
Canada,Hampden,SEA,CAHMP
Canada,Hanover,SEA,CAHVR
Canada,Hants Harbour,SEA,CAHHB
Canada,Harbour Breton,SEA,CAHBR
Canada,Harbour Grace,SEA,CAHRE
Canada,Harriet Harbour,SEA,CAHAR
Canada,Harwood,SEA,CAHON
Canada,Hebertville,SEA,CAHEB
Canada,Hebron,SEA,CAHBN
Canada,Hemmingford,SEA,CAHMM
Canada,Herschel Island,SEA,CAHLI
Canada,Hibernia,SEA,CAHIB
Canada,Holyrood,SEA,CAHOD
Canada,Hopedale,SEA,CAHOP
Canada,Horsefly,SEA,CAHRF
Canada,Igloolik,SEA,CAIGL
Canada,Imperial,SEA,CASIM
Canada,Indian Arm,SEA,CAIAM
Canada,Inkerman,SEA,CAIKM
Canada,Invermere,SEA,CAIVM
Canada,Iqaluit,SEA,CAIQL
Canada,Irvine,SEA,CAIVN
Canada,Island Lake,SEA,CAISL
Canada,Jackson Arm,SEA,CAJAC
Canada,Jemseg,SEA,CAJEG
Canada,Kaslo,SEA,CAKLO
Canada,Key Harbour,SEA,CAKHO
Canada,Kinnear's Mills,SEA,CAKNE
Canada,Kovik Bay,SEA,CAKOV
Canada,Kuujjuaq,SEA,CAFCM
Canada,La Salle,SEA,CALMW
Canada,Lac La Biche,SEA,CAAAB
Canada,Lac-Drolet,SEA,CALDT
Canada,Lakeshore,SEA,CALSE
Canada,Lansdowne,SEA,CALDS
Canada,L'Anse-a-Beaufils,SEA,CALB3
Canada,L'Anse-au-Loup,SEA,CAALO
Canada,Lantzville,SEA,CALZV
Canada,Laverlochere,SEA,CALVH
Canada,Les Mechins,SEA,CAMHN
Canada,Levis,SEA,CALEV
Canada,Lewisporte,SEA,CALWP
Canada,L'Ile-des-Soeurs (Nuns Island),SEA,CAILS
Canada,Lobo,SEA,CALOB
Canada,Lockeport,SEA,CALCP
Canada,Lomond,SEA,CALMD
Canada,Long Harbour,SEA,CALOH
Canada,Long Pond,SEA,CALOP
Canada,Louisbourg,SEA,CALOU
Canada,Lowbanks,SEA,CALWB
Canada,Lower Cove,SEA,CALCV
Canada,Lower Woods Harbour,SEA,CALWH
Canada,Mabou,SEA,CAMAB
Canada,Magog,SEA,CAMAG
Canada,Main Brook,SEA,CAMBR
Canada,Malartic,SEA,CAMTI
Canada,Mary's Harbour,SEA,CAYMH
Canada,Marystown,SEA,CAMTN
Canada,Meaford,SEA,CAMFD
Canada,Merigomish,SEA,CAMGH
Canada,Metiskow,SEA,CAMSW
Canada,Millbank,SEA,CAMLK
Canada,Milne Inlet Port,SEA,CAMNI
Canada,Mindemoya,SEA,CAMYO
Canada,Minesville,SEA,CAMSV
Canada,Minto,SEA,CAMTO
Canada,Mission,SEA,CAMIB
Canada,Mont-Louis,SEA,CAMOL
Canada,Montreal-Est,SEA,CAMRE
Canada,Mould Bay,SEA,CAYMD
Canada,Musquodoboit Harbour,SEA,CAMUS
Canada,Nain,SEA,CANAI
Canada,Nakusp,SEA,CANAK
Canada,Nanticoke,SEA,CANAN
Canada,Naramata,SEA,CANMT
Canada,Neil's Harbour,SEA,CANS3
Canada,Nelson,SEA,CANLS
Canada,Newton,SEA,CAEWT
Canada,Niagara-on-the-Lake,SEA,CANOL
Canada,Norman's Cove,SEA,CANCV
Canada,North Bend,SEA,CANRB
Canada,Notre-Dame-de-Lourdes,SEA,CANDL
Canada,Notre-Dame-du-Bon-Conseil,SEA,CANBC
Canada,Oakville,SEA,CAOAJ
Canada,Odessa,SEA,CAODE
Canada,Oliver,SEA,CAOVR
Canada,Orleans,SEA,CAOLS
Canada,Philipsburg,SEA,CAPHL
Canada,Pleasantville,SEA,CAPSV
Canada,Pohenegamook,SEA,CAPHM
Canada,Point Edward,SEA,CAPEW
Canada,Point Tupper,SEA,CAPTU
Canada,Pointe Noire,SEA,CAPNO
Canada,Pointe-aux-Trembles,SEA,CAPXT
Canada,Pointe-Claire,SEA,CAPOI
Canada,Pointe-Fortune,SEA,CAPFT
Canada,Port au Port,SEA,CAPAP
Canada,Port Elgin,SEA,CAPEL
Canada,Port McNeill,SEA,CAPMA
Canada,Port Weller,SEA,CAPWE
Canada,Port-Alfred,SEA,CAPAF
Canada,Port-Cartier,SEA,CAPCA
Canada,Port-Daniel,SEA,CAPDL
Canada,Port-Daniel - Gascons,SEA,CAGPD
Canada,Port-Menier,SEA,CAPME
Canada,Preissac,SEA,CACQ5
Canada,Prevost,SEA,CAVOS
Canada,Prospect,SEA,CAPPT
Canada,Ramea,SEA,CARAM
Canada,Rankin Inlet,SEA,CARIT
Canada,Riviere-du-Loup,SEA,CARDL
Canada,Robert's Bank,SEA,CARTB
Canada,Robertsonville,SEA,CARSV
Canada,Rockwood,SEA,CARCD
Canada,Rocky View County,SEA,CAABR
Canada,Roddickton,SEA,CAROD
Canada,Rossport,SEA,CARPO
Canada,Saguenay,SEA,CASAG
Canada,Saint Albert,SEA,CAS8A
Canada,Saint-Anthony,SEA,CASAT
Canada,Saint-Armand,SEA,CASTD
Canada,Saint-Augustin,SEA,CASAU
Canada,Saint-Bruno-Lac-Saint-Jean,SEA,CABOJ
Canada,Saint-Catharines,SEA,CASCA
Canada,Saint-Charles-sur-Richelieu,SEA,CAZCR
Canada,Saint-Damien-de-Brandon,SEA,CASDN
Canada,Sainte-Catherine,SEA,CASCT
Canada,Sainte-Famille,SEA,CASFI
Canada,Saint-Eustache,SEA,CASEU
Canada,Saint-Felix-de-Kingsey,SEA,CAST3
Canada,Saint-Felix-de-Valois,SEA,CASFX
Canada,Saint-Francois-du-Lac,SEA,CASFR
Canada,Saint-Gedeon,SEA,CAW4C
Canada,Saint-Isidore d'Auckland,SEA,CAXZC
Canada,Saint-John,SEA,CASJB
Canada,Saint-John's,SEA,CASJF
Canada,Saint-Joseph-de-Beauce,SEA,CAXJH
Canada,Saint-Lambert,SEA,CASLT
Canada,Saint-Lawrence,SEA,CASLW
Canada,Saint-Marys,SEA,CASMS
Canada,Saint-Pascal,SEA,CASPA
Canada,Saint-Pierre,SEA,CASPI
Canada,Saint-Romuald-d'Etchemin,SEA,CASRO
Canada,Saint-Shotts,SEA,CASST
Canada,Saint-Tite,SEA,CAZTI
Canada,Saint-Zotique,SEA,CASZT
Canada,Sandy Beach,SEA,CASBH
Canada,Sanford,SEA,CASF2
Canada,Sayward,SEA,CASYW
Canada,Sedgewick,SEA,CASED
Canada,Seldom,SEA,CASEM
Canada,Sept-Iles,SEA,CASEI
Canada,Seven Islands Bay,SEA,CASEB
Canada,Shaunavon,SEA,CASNV
Canada,Sheet Harbour,SEA,CASHH
Canada,Shelburne,SEA,CASLB
Canada,Sicamous,SEA,CASIO
Canada,Spaniards Bay,SEA,CASPN
Canada,Split Lake,SEA,CASLK
Canada,Springdale,SEA,CASPD
Canada,Stephenville,SEA,CASTV
Canada,Stoney Island,SEA,CASYI
Canada,Stormont,SEA,CASMT
Canada,Sylvan Lake,SEA,CASYL
Canada,Thamesford,SEA,CATHA
Canada,Thawwassen,SEA,CATWN
Canada,Thetis Island,SEA,CATTL
Canada,Three Hills,SEA,CATHH
Canada,Tilt Cove,SEA,CATCV
Canada,Tring Jonction,SEA,CATJN
Canada,Trochu,SEA,CATRO
Canada,Twillingate,SEA,CATWI
Canada,Ucluelet,SEA,CAUCL
Canada,Upton,SEA,CAUPT
Canada,Valleyfield,SEA,CAVLF
Canada,Vercheres,SEA,CAVCH
Canada,Victoria,SEA,CAVIC
Canada,Voisey's Bay,SEA,CAVOB
Canada,Walton,SEA,CAWTN
Canada,West Vancouver,SEA,CAWVR
Canada,Westport,SEA,CAWTO
Canada,Whale Cove,SEA,CAYXN
Canada,Wildwood,SEA,CAWWO
Canada,Williams Harbour,SEA,CAYWM
Canada,Windsor,SEA,CAWDR
Canada,Yamachiche,SEA,CAZYE
Canada,Port of Toronto,SEA,CATOR
Canada,Port of Montreal,SEA,CAMTR
Canada,Amberly,SEA,CAABL
Canada,Brockville,SEA,CABCK
Canada,Brocket,SEA,CABKA
Canada,Belwood,SEA,CABLD
Canada,Burlington,SEA,CABRL
Canada,Bridgewater,SEA,CABRW
Canada,Blackstock,SEA,CABSK
Canada,Burks Falls,SEA,CABUK
Canada,Bowmanville,SEA,CABWV
Canada,Comfort Cove,SEA,CACCV
Canada,Chicoutimi,SEA,CACHI
Canada,Chatham,SEA,CACHN
Canada,Contrecoeur,SEA,CACOC
Canada,Conquitlam,SEA,CACQT
Canada,Dorchester,SEA,CADCS
Canada,Dalhousie,SEA,CADHS
Canada,Edwards Cove,SEA,CAEDC
Canada,Esquimalt,SEA,CAESQ
Canada,Grand-Mere,SEA,CAGDE
Canada,Rockport,SEA,CAGNN
Canada,Halifax,SEA,CAHAL
Canada,Hamilton,SEA,CAHAM
Canada,Keene,SEA,CAKEE
Canada,Kinkora,SEA,CAKKR
Canada,Kingsville,SEA,CAKVL
Canada,Lachine/Montreal,SEA,CALAC
Canada,L'Isletville,SEA,CALIQ
Canada,Leamington,SEA,CALMN
Canada,Riverton,SEA,CAMBT
Canada,Moncton,SEA,CAMNT
Canada,North Arm Fraser,SEA,CANAF
Canada,New Westminster,SEA,CANWE
Canada,Port Hope,SEA,CAOPE
Canada,Picton,SEA,CAPIC
Canada,Prince George,SEA,CAPRG
Canada,Prince Rupert,SEA,CAPRR
Canada,Penetanguishene,SEA,CAPTH
Canada,Queen Charlotte,SEA,CAQCH
Canada,Les Escoumins,SEA,CAQLE
Canada,Quebec,SEA,CAQUE
Canada,Robinsons,SEA,CARBN
Canada,La Relance,SEA,CAREL
Canada,Red Rock,SEA,CARRC
Canada,Saint-Christophe-d'Arthabaska,SEA,CASCP
Canada,Sainte-Anne-des-Monts,SEA,CASDM
Canada,Squamish,SEA,CASQA
Canada,Saint-Roch-de-l'Achigan,SEA,CASRA
Canada,Saint-Peters,SEA,CASRS
Canada,Stoney Creek,SEA,CASTC
Canada,Stockton,SEA,CASTK
Canada,Surrey,SEA,CASUY
Canada,Sainte-Victoire-de-Sorel,SEA,CASVD
Canada,Thornbury,SEA,CATBY
Canada,Vancouver,SEA,CAVAN
Canada,Victoria Harbour,SEA,CAVIH
Canada,Wallaceburg,SEA,CAWAL
Canada,Welland,SEA,CAWEL
Canada,Whiffen Head,SEA,CAWHH
Canada,Whitby,SEA,CAWHI
Costa Rica,Abangares,SEA,CRABG
Costa Rica,Cabo Blanco,SEA,CRCAB
Costa Rica,Caimital,SEA,CRCAI
Costa Rica,Caldera,SEA,CRCAL
Costa Rica,Chomes,SEA,CRCOM
Costa Rica,Ciruelas,SEA,CRCIR
Costa Rica,Coyol,SEA,CRCYL
Costa Rica,Curridabat,SEA,CRCRR
Costa Rica,Cutris,SEA,CRCUT
Costa Rica,Filadelfia,SEA,CRFIL
Costa Rica,Fraijanes,SEA,CRFPN
Costa Rica,Golfito,SEA,CRGLF
Costa Rica,Golfo de Papagayo,SEA,CRGDP
Costa Rica,Guardia,SEA,CRGDA
Costa Rica,Guatuso,SEA,CRGUA
Costa Rica,Jicaral,SEA,CRJIC
Costa Rica,La Fortuna,SEA,CRLAF
Costa Rica,La Tigra,SEA,CRTIG
Costa Rica,Moin,SEA,CRMOB
Costa Rica,Muelle de San Carlos,SEA,CRMUE
Costa Rica,Nandayure,SEA,CRNAN
Costa Rica,Naranjo,SEA,CRNAR
Costa Rica,Neily,SEA,CRCDN
Costa Rica,Orotina,SEA,CRORO
Costa Rica,Palmar Norte,SEA,CRPAN
Costa Rica,Parrita,SEA,CRPAR
Costa Rica,Pital,SEA,CRPIT
Costa Rica,Puerto Caldera,SEA,CRPTC
Costa Rica,Puerto Limon,SEA,CRLIO
Costa Rica,Puerto Viejo,SEA,CRVDT
Costa Rica,Punta Morales,SEA,CRPUM
Costa Rica,Puntarenas,SEA,CRPAS
Costa Rica,Quebrada Grande,SEA,CRQGG
Costa Rica,Rio Cuarto,SEA,CRRCD
Costa Rica,Rio Frio,SEA,CRRIO
Costa Rica,Rio Jimenez,SEA,CRRJI
Costa Rica,Samara,SEA,CRSAM
Costa Rica,San Ignacio de Acosta,SEA,CRSAN
Costa Rica,San Jose,SEA,CRSJO
Costa Rica,San Marcos de Tarrazu,SEA,CRMTZ
Costa Rica,San Pedro de Poas,SEA,CRSSP
Costa Rica,Santa Maria/Pocosol,SEA,CRSMP
Costa Rica,Santa Rosa/Pocosol,SEA,CRSRP
Costa Rica,Sarapiqui,SEA,CRSPI
Costa Rica,Sarchi,SEA,CRSRI
Costa Rica,Sixaola/Talamanca,SEA,CRSIX
Costa Rica,Tres Rios,SEA,CRTRE
Costa Rica,Turrubares,SEA,CRTUA
Costa Rica,Zarcero / Naranjo,SEA,CRZAR
Costa Rica,Moravia,SEA,CRCTC
Costa Rica,Horluetas/Sarapiqui,SEA,CRHSA
Costa Rica,Puerto Moin,SEA,CRPMN
Costa Rica,Poas,SEA,CRPOA
Costa Rica,San Rafael Guatuso,SEA,CRSRG
Cuba,Bahia Honda,SEA,CUBHO
Cuba,Banes,SEA,CUBAN
Cuba,Boca Grande,SEA,CUBOG
Cuba,Bufadero,SEA,CUBUF
Cuba,Cabanas,SEA,CUCAB
Cuba,Caibarien,SEA,CUCAI
Cuba,Camaguey,SEA,CUCMW
Cuba,Cardenas,SEA,CUCAR
Cuba,Casilda,SEA,CUCAS
Cuba,Ceiba Hueca,SEA,CUCEI
Cuba,Gibara,SEA,CUGIB
Cuba,Jucaro,SEA,CUJUC
Cuba,La Habana,SEA,CUHAV
Cuba,Mariel,SEA,CUMAR
Cuba,Media Luna,SEA,CUMEL
Cuba,Niquero,SEA,CUNIQ
Cuba,Nuevitas,SEA,CUNVT
Cuba,Palo Alto,SEA,CUPAL
Cuba,Puerto da Vita,SEA,CUVIT
Cuba,Puerto de Pastelillo,SEA,CUPAS
Cuba,Puerto Manati,SEA,CUMNT
Cuba,Puerto Padre,SEA,CUPPA
Cuba,Puerto Tarafa,SEA,CUPTA
Cuba,Sagua de Tanamo,SEA,CUSDT
Cuba,Sagua la Grande,SEA,CURSL
Cuba,Tunas de Zaza,SEA,CUTDZ
Cuba,Santiago de Cuba,SEA,CUSCU
Curaçao,Bullenbaai,SEA,CWBUB
Curaçao,Caracas Baai,SEA,CWCRB
Curaçao,Curacao,SEA,CWCUR
Curaçao,Fuikbaai,SEA,CWFUI
Curaçao,Sint Michielsbaai,SEA,CWSMB
Curaçao,Willemstad,SEA,CWWIL
Dominica,Portsmouth,SEA,DMPOR
Dominica,Roseau,SEA,DMRSU
Dominican Republic,Azua,SEA,DOAZU
Dominican Republic,Bani,SEA,DOBAN
Dominican Republic,Barcequillo,SEA,DOBQL
Dominican Republic,Bavaro,SEA,DOBAV
Dominican Republic,Casa de Campo,SEA,DOCDC
Dominican Republic,Catalina Island,SEA,DOCAI
Dominican Republic,Caucedo,SEA,DOCAU
Dominican Republic,Cayo Levantado,SEA,DOCAL
Dominican Republic,Haina,SEA,DOINA
Dominican Republic,Higuey,SEA,DOHIG
Dominican Republic,Manzanillo,SEA,DOMAN
Dominican Republic,Ocoa Bay,SEA,DOOCO
Dominican Republic,Puerto Palenque,SEA,DOPAL
Dominican Republic,Puerto Viejo de Azua,SEA,DOPVA
Dominican Republic,Sabana de la Mar,SEA,DOSNX
Dominican Republic,San Francisco de Macoris,SEA,DOSFN
Dominican Republic,San Pedro de Macoris,SEA,DOSPM
Dominican Republic,Sanchez,SEA,DOSNZ
Dominican Republic,Santo Domingo,SEA,DOSDQ
Dominican Republic,Villa Altagracia,SEA,DOVAL
Dominican Republic,Boca Chica,SEA,DOBCC
Dominican Republic,Rio Haina,SEA,DOHAI
Dominican Republic,Puerto Plata,SEA,DOPOP
Dominican Republic,Santiago de los Caballeros,SEA,DOSTI
Greenland,Kangerlussuaq Havn,SEA,GLKAN
Greenland,Kuummiut,SEA,GLKUN
Greenland,Nuuk (Godthaab),SEA,GLGOH
Greenland,Seqi Olivine Mine,SEA,GLSEQ
Greenland,Tasiilaq,SEA,GLAGM
Greenland,Tiniteqilaaq,SEA,GLTNT
Greenland,Toqqusaq,SEA,GLTOV
Greenland,Ilulissat (Jakobshavn),SEA,GLJAV
Greenland,Aasiaat (Egedesminde),SEA,GLJEG
Greenland,Paamiut (Fredrikshaab),SEA,GLJFR
Greenland,Sisimiut (Holsteinsborg),SEA,GLJHS
Greenland,Qaqortoq (Julianehaab),SEA,GLJJU
Greenland,Nanortalik,SEA,GLJNN
Greenland,Maniitsoq (Sukkertoppen),SEA,GLJSU
Greenland,Kullorsuaq,SEA,GLKUL
Guadeloupe,Baie-Mahault,SEA,GPBMH
Guadeloupe,Basse-Terre,SEA,GPBBR
Guadeloupe,Capesterre-Belle-Eau,SEA,GPCBE
Guadeloupe,Folle-Anse,SEA,GPFAE
Guadeloupe,Grand-Bourg,SEA,GPGRB
Guadeloupe,Jarry,SEA,GPJAR
Guadeloupe,Le Gosier,SEA,GPGOS
Guadeloupe,Pointe-a-Pitre Apt,SEA,GPPTP
Guadeloupe,Port-Louis,SEA,GPPTL
Guadeloupe,Saint-Francois,SEA,GPSFC
Guadeloupe,Baillif,SEA,GPAIF
Guadeloupe,Bouillante,SEA,GPBOU
Guadeloupe,Deshaies,SEA,GPDHR
Guadeloupe,Anse-Bertrand,SEA,GPFPI
Guadeloupe,Gustavia,SEA,GPGUS
Guadeloupe,Petit-Bourg,SEA,GPPBG
Guadeloupe,Saint Barthelemy,SEA,GPSBH
Guatemala,Champerico,SEA,GTCHR
Guatemala,Livingston,SEA,GTLIV
Guatemala,Puerto Santo Tomas de Castilla,SEA,GTSTC
Guatemala,Rio Bravo,SEA,GTRIO
Guatemala,Puerto Barrios,SEA,GTPBR
Guatemala,Puerto Quetzal,SEA,GTPRQ
Guatemala,San Jose,SEA,GTSNJ
Honduras,Omoa,SEA,HNOMO
Honduras,Roatan,SEA,HNRTB
Honduras,Puerto Castilla,SEA,HNPCA
Honduras,Puerto Cortes,SEA,HNPCR
Honduras,San Lorenzo,SEA,HNSLO
Haiti,Baie de Saint-Marc,SEA,HTSMC
Haiti,Cap-Haitien,SEA,HTCAP
Haiti,Caracol,SEA,HTCRC
Haiti,Lafiteau,SEA,HTLFT
Haiti,Lafito Port,SEA,HTPLH
Haiti,Petit Goave,SEA,HTPEG
Haiti,Port-au-Prince,SEA,HTPAP
Jamaica,Oracabessa,SEA,JMORC
Jamaica,Port Henderson,SEA,JMPHE
Jamaica,Saint Ann's Bay,SEA,JMSAW
Jamaica,Savanna-la-Mar,SEA,JMSLM
Jamaica,Kingston,SEA,JMKIN
Jamaica,Montego Bay,SEA,JMMBJ
Saint Kitts and Nevis,Charlestown,SEA,KNCHA
Saint Kitts and Nevis,Nevis,SEA,KNNEV
Saint Kitts and Nevis,"Basseterre, Saint Kitts",SEA,KNBAS
Cayman Islands,"Georgetown, Grand Cayman",SEA,KYGEC
Saint Lucia,Castries,SEA,LCCAS
Saint Lucia,Vieux Fort,SEA,LCVIF
Saint Martin (French part),Galisbay,SEA,MFGES
Saint Martin (French part),Marigot,SEA,MFMAR
Saint Martin (French part),St Martin,SEA,MFSXM
Martinique,Le Robert,SEA,MQLER
Martinique,Port de Fort-de-France Pt.,SEA,MQQPC
Martinique,Les Anses-d'Arlet,SEA,MQADA
Martinique,Fort-de-France,SEA,MQFDF
Martinique,Le Marigot,SEA,MQPFI
Montserrat,Little Bay,SEA,MSLTB
Montserrat,Plymouth,SEA,MSPLY
Mexico,Acapulco,SEA,MXACA
Mexico,Acolman,SEA,MXACM
Mexico,Agua Prieta,SEA,MXAPR
Mexico,Altamira,SEA,MXATM
Mexico,Amatitan,SEA,MXATN
Mexico,Arizpe,SEA,MXARZ
Mexico,Boca del Rio,SEA,MXBDR
Mexico,Cabo San Lucas,SEA,MXCSL
Mexico,Cadereyta Jimenez,SEA,MXZCA
Mexico,Camargo,SEA,MXAAO
Mexico,Cayo Arcas Terminal,SEA,MXCAT
Mexico,Cedros,SEA,MXCED
Mexico,Cedros Island,SEA,MXCRI
Mexico,Chiltepec,SEA,MXTAB
Mexico,Ciudad del Carmen,SEA,MXCME
Mexico,Ciudad Madero,SEA,MXCDD
Mexico,Ciudad Rio Bravo,SEA,MXRBV
Mexico,Ciudad Sahagun,SEA,MXCSG
Mexico,Coatzacoalcos,SEA,MXCOA
Mexico,Cotaxtla,SEA,MXCTX
Mexico,Cozumel,SEA,MXCZM
Mexico,Cuautla,SEA,MXCTL
Mexico,Dolores Hidalgo,SEA,MXDHD
Mexico,Dos Bocas Terminal,SEA,MXDBT
Mexico,Empalme,SEA,MXEPM
Mexico,Ensenada,SEA,MXESE
Mexico,Frontera,SEA,MXFRN
Mexico,General Teran,SEA,MXGET
Mexico,Granjas,SEA,MXGRA
Mexico,Guasave,SEA,MXGSV
Mexico,Guaymas,SEA,MXGYM
Mexico,Huatulco (Santa Maria Huatulco),SEA,MXHTO
Mexico,Hunucma,SEA,MXHUN
Mexico,Isla San Marcos,SEA,MXSMI
Mexico,Ixtapa/Zihuatanejo,SEA,MXZIH
Mexico,Ixtapaluca,SEA,MXZIP
Mexico,Juchitan de Zaragoza,SEA,MXJDZ
Mexico,La Paz,SEA,MXLAP
Mexico,La Troje,SEA,MXLTJ
Mexico,Lazaro Cardenas,SEA,MXLZC
Mexico,Loreto,SEA,MXLTO
Mexico,Magdalena/Hostotipaquillo,SEA,MXMHT
Mexico,Manzanillo,SEA,MXZLO
Mexico,Mazamitla,SEA,MXMAZ
Mexico,Mazatlan,SEA,MXMZT
Mexico,Merida,SEA,MXMID
Mexico,Nautla,SEA,MXNAU
Mexico,Obregon,SEA,MXOBR
Mexico,Pichilingue,SEA,MXPIC
Mexico,Playa del Carmen,SEA,MXPCM
Mexico,Progreso,SEA,MXPGO
Mexico,Puerta,SEA,MXPTA
Mexico,Puerto Angel,SEA,MXPNG
Mexico,Puerto Madero,SEA,MXPMD
Mexico,Puerto Morelos,SEA,MXPMS
Mexico,Puerto Vallarta,SEA,MXPVR
Mexico,Punta Baja,SEA,MXPBJ
Mexico,Punta Venado,SEA,MXPVN
Mexico,Rabon Grande/Coatzacoalcos,SEA,MXRBG
Mexico,Rosarito Terminal,SEA,MXRST
Mexico,Salina Cruz,SEA,MXSCX
Mexico,San Miguel Xoxtla,SEA,MXSGX
Mexico,Santa Ana,SEA,MXSN2
Mexico,Santa Cruz Tepexpan,SEA,MXTPX
Mexico,Santa Teresa,SEA,MXSTT
Mexico,Seybaplaya,SEA,MXSEY
Mexico,Tamaulipas,SEA,MXTMP
Mexico,Tampico,SEA,MXTAM
Mexico,Telixtlahuaca,SEA,MXTXH
Mexico,Tenabo,SEA,MXTEN
Mexico,Tepetlixpac,SEA,MX4TE
Mexico,Tijuana,SEA,MXTIJ
Mexico,Tlalpan,SEA,MXTJT
Mexico,Topolobampo,SEA,MXTPB
Mexico,Tuxpan,SEA,MXTUX
Mexico,Veracruz,SEA,MXVER
Mexico,Villa Nicolas Romero,SEA,MXVNR
Mexico,Xalostoc,SEA,MXXAL
Mexico,Xochimancas,SEA,MX9AS
Mexico,Zakapu,SEA,MXZKP
Mexico,Zaragoza,SEA,MXZRZ
Mexico,Zihuatanejo,SEA,MXXIH
Mexico,Pajaritos,SEA,MXPAJ
Mexico,Puerto Libertad,SEA,MXPUL
Mexico,San Lorenzo,SEA,MXSLO
Mexico,Santa Rosalia,SEA,MXSRL
Mexico,Takuntah,SEA,MXTAK
Mexico,Tlajomulco de Zuniga,SEA,MXTLJ
Mexico,Tiaxcala,SEA,MXTXC
Nicaragua,Las Maderas,SEA,NILM8
Nicaragua,Masachapa,SEA,NIMAC
Nicaragua,Potosi,SEA,NIPTI
Nicaragua,Puerto Isabel,SEA,NIPIB
Nicaragua,Puerto Sandino,SEA,NIPSN
Nicaragua,Rama,SEA,NIRAM
Nicaragua,Tipitapa,SEA,NITPA
Nicaragua,Totogalpa,SEA,NI8LG
Nicaragua,Corinto,SEA,NICIO
Nicaragua,Puerto Somoza,SEA,NIPSZ
Panama,Ancon,SEA,PAACO
Panama,Bahia Las Minas,SEA,PAPBM
Panama,Bayano,SEA,PABAY
Panama,Boca Chica,SEA,PABCC
Panama,Bocas del Toro,SEA,PABOC
Panama,Canazas,SEA,PACZZ
Panama,Chiriqui Grande,SEA,PACHG
Panama,Chitre,SEA,PACTD
Panama,Colon,SEA,PAONX
Panama,Cristobal,SEA,PACTB
Panama,Gualaca,SEA,PAG8L
Panama,Melones,SEA,PAMEL
Panama,"Panama, Ciudad de",SEA,PAPTY
Panama,Pedregal,SEA,PAPED
Panama,Pese,SEA,PAPES
Panama,Portobelo,SEA,PAPBE
Panama,Puerto Caimito,SEA,PAPCA
Panama,Rio Grande,SEA,PAGDE
Panama,Rodman,SEA,PAROD
Panama,Santa Clara,SEA,PASCL
Panama,Taboguilla,SEA,PATBG
Panama,Tocumen,SEA,PATOC
Panama,Vacamonte,SEA,PAVAC
Panama,Balboa,SEA,PABLB
Panama,Herrera,SEA,PAHER
Panama,Manzanillo,SEA,PAMIT
Panama,Punta Rincon,SEA,PAPRI
Panama,Rodman,SEA,PAPSA
Saint Pierre and Miquelon,Saint-Pierre,SEA,PMFSP
Puerto Rico,Arroyo,SEA,PRARR
Puerto Rico,Guanica,SEA,PRGUX
Puerto Rico,Guayanilla,SEA,PRGUY
Puerto Rico,Puerto de Jobos,SEA,PRPJO
Puerto Rico,Puerto Yabucoa,SEA,PRPYA
Puerto Rico,Salinas,SEA,PRSAL
Puerto Rico,San Juan,SEA,PRSJU
Puerto Rico,San Sebastian,SEA,PRSBS
Puerto Rico,San Juan,SEA,PRSIG
El Salvador,Apopa,SEA,SVAPO
El Salvador,Armenia,SEA,SVSSO
El Salvador,La Libertad,SEA,SVLLD
El Salvador,Nuevo Cuscatlan,SEA,SVNCU
El Salvador,Acajutla,SEA,SVAQJ
El Salvador,San Salvador,SEA,SVSAL
Sint Maarten (Dutch part),Marigot,SEA,SXMAR
Sint Maarten (Dutch part),Philipsburg,SEA,SXPHI
Sint Maarten (Dutch part),Sint-Maarten Apt,SEA,SXSXM
Trinidad and Tobago,Carenage,SEA,TTCRN
Trinidad and Tobago,Charlotteville,SEA,TTCHV
Trinidad and Tobago,Claxton Bay,SEA,TTCLA
Trinidad and Tobago,Couva,SEA,TTCVA
Trinidad and Tobago,Guayaguayare,SEA,TTGUA
Trinidad and Tobago,Port-of-Spain,SEA,TTPOS
Trinidad and Tobago,Saint Mary's,SEA,TTFPT
Trinidad and Tobago,Freeport,SEA,TTFRE
Trinidad and Tobago,Point Lisas,SEA,TTPTS
Trinidad and Tobago,San Fernando,SEA,TTSFE
United States,Aberdeen,SEA,USAEK
United States,Aberdeen,SEA,USAB3
United States,Accord,SEA,USA8C
United States,Adamston,SEA,USDST
United States,Addison,SEA,USIAB
United States,Adrian,SEA,USDIA
United States,Afognak,SEA,USAFK
United States,Afton,SEA,USAF5
United States,Alabama Pt.,SEA,USAA2
United States,Alachua,SEA,USAHU
United States,Alanson,SEA,USYAN
United States,Aldie,SEA,USAL7
United States,Alexandria,SEA,USAXR
United States,Algonquin,SEA,USAGQ
United States,Allendale,SEA,USEDL
United States,Allenstown,SEA,USATX
United States,Alliance,SEA,USAL3
United States,Alma,SEA,USXAM
United States,Alpine,SEA,USAPY
United States,Alstead,SEA,USAFA
United States,Alva,SEA,USXAK
United States,Alvarado,SEA,USZAD
United States,Amagansett,SEA,USAMF
United States,Amelia City,SEA,USALC
United States,Anadarko,SEA,USNKO
United States,Ancram,SEA,USACQ
United States,Andover,SEA,USAXZ
United States,Annisquam Harbour,SEA,USNQH
United States,Ansonville,SEA,USVFR
United States,Aransas Pass,SEA,USYAS
United States,Arion,SEA,USIOA
United States,Armstrong,SEA,USAEZ
United States,Ashville,SEA,USA22
United States,Asotin,SEA,USOAX
United States,Athena,SEA,USTHN
United States,Atlantic Beach,SEA,USTBH
United States,Atlantic Highlands,SEA,USAHZ
United States,Atreco,SEA,USATR
United States,Augusta,SEA,USVR9
United States,Augusta Springs,SEA,USVAU
United States,Aurora,SEA,USYAO
United States,Autaugaville,SEA,USAGV
United States,Avalon,SEA,USAOU
United States,Averill Park,SEA,USAV9
United States,Avon,SEA,USANW
United States,Azle,SEA,USAZL
United States,Bagley,SEA,USGAJ
United States,Bal Harbour,SEA,USFL8
United States,Baldwin,SEA,USLDK
United States,Ballston Lake,SEA,US2BY
United States,Balmorhea,SEA,USBA7
United States,Baltimore,SEA,USBAL
United States,Baraga,SEA,USRGA
United States,Barnegat,SEA,USBG7
United States,Bastrop,SEA,USZBP
United States,Bath,SEA,USBTH
United States,Bath,SEA,USAFH
United States,Baton Rouge,SEA,USBTR
United States,Battenville,SEA,USAFV
United States,Battle Ground,SEA,USBN9
United States,Bay City,SEA,USYBZ
United States,Beaver Dam,SEA,USBD3
United States,Beaver Island,SEA,USBI2
United States,Becker,SEA,USBKO
United States,Beggs,SEA,USZGG
United States,Bel Ridge,SEA,USYYX
United States,Belden,SEA,USYBD
United States,Belhaven,SEA,USBPV
United States,Bellbrook,SEA,USB44
United States,Belle Harbor,SEA,USBE8
United States,Bellwood,SEA,USEWO
United States,Benicia,SEA,USBNC
United States,Benton City,SEA,USIJM
United States,Berlin,SEA,USBCI
United States,Bernie,SEA,USEIE
United States,Berry Creek,SEA,US3BR
United States,Berryville,SEA,USBVV
United States,Berwick,SEA,USRWK
United States,Bethany Beach,SEA,USBBA
United States,Bethlehem,SEA,USEHL
United States,Bethlehem,SEA,USBEX
United States,Beulaville,SEA,USBCL
United States,Big Sandy,SEA,USBSM
United States,Big Stone,SEA,USIGS
United States,Big Stone City,SEA,USGQJ
United States,Bigelow,SEA,USBWH
United States,Bingham,SEA,USAFM
United States,Birchwood,SEA,USIWO
United States,Birmingham,SEA,USXY2
United States,Birnamwood,SEA,USWO4
United States,Biscoe,SEA,USBDS
United States,Black Hawk,SEA,USHWJ
United States,Blacklick,SEA,USBZZ
United States,Blairesville,SEA,USBV6
United States,Blawnox,SEA,USLXW
United States,Bloomer,SEA,USOOM
United States,Blount Island,SEA,USBI8
United States,Blue Earth,SEA,USLUF
United States,Boca Grande,SEA,USBCG
United States,Bodega Bay,SEA,USDHB
United States,Bogart,SEA,USZZB
United States,Bolinas,SEA,USB27
United States,Bolton Landing,SEA,USZBI
United States,Bongards,SEA,USYBG
United States,Bonifay,SEA,USYBY
United States,Bonners Ferry,SEA,USBF6
United States,Boothbay Harbor,SEA,USOYH
United States,Bothell,SEA,USYTH
United States,Bourbonnais,SEA,USUSA
United States,Boutte,SEA,USTUB
United States,Boylston,SEA,USYBN
United States,Boyne City,SEA,USBYZ
United States,Bradwood,SEA,USBRA
United States,Brandon,SEA,USBHF
United States,Brayton Point,SEA,USBNP
United States,Brevort,SEA,USBM4
United States,Brewster,SEA,USBCW
United States,Briarcliff Manor,SEA,USBFJ
United States,Bridgehampton,SEA,USBHC
United States,Bridgeport,SEA,USBDB
United States,Bridgewater,SEA,USB7S
United States,Brinnon,SEA,USB2N
United States,Broad Brook,SEA,USBB8
United States,Bromley,SEA,USBM3
United States,Bronston,SEA,USTSZ
United States,Brooklyn,SEA,USBOC
United States,Brooklyn/New York,SEA,USBOY
United States,Brooksville,SEA,USBKQ
United States,Browns Mills,SEA,USQXY
United States,Brownsburg,SEA,USBWB
United States,Brownsville,SEA,USBV8
United States,Brownsville,SEA,USBRO
United States,Brownsville,SEA,USZVB
United States,Bruce,SEA,USBHI
United States,Bruceton Mills,SEA,USBCM
United States,Brushvale,SEA,USBCH
United States,Buckeye Lake,SEA,USBFY
United States,Buena Vista,SEA,USB2V
United States,Buffalo,SEA,USFFO
United States,Bunker Hill,SEA,USZBA
United States,Bunola,SEA,USULO
United States,Burlington,SEA,USBHJ
United States,Burlison,SEA,USQRI
United States,Burnham,SEA,USBNH
United States,Burns Harbor,SEA,USBNB
United States,Burnsville,SEA,USBNI
United States,Bushkill,SEA,USBS9
United States,Butler,SEA,USBUI
United States,Butler,SEA,USBUJ
United States,Butte Meadows,SEA,USBU2
United States,Byron,SEA,USXYB
United States,Cadiz,SEA,USYCZ
United States,Calabash,SEA,USLBQ
United States,Calcite,SEA,USMI3
United States,Caledonia,SEA,USCDZ
United States,Calverton,SEA,USAEO
United States,Cambridge,SEA,USCBD
United States,Cambridge,SEA,USAMG
United States,Camden,SEA,USCDD
United States,Camden,SEA,USXAE
United States,Camden,SEA,USAQQ
United States,Cameron,SEA,USCMU
United States,Canaan,SEA,USCUM
United States,Candler,SEA,USCDF
United States,Caney,SEA,USCUQ
United States,Cannelton,SEA,USCUU
United States,Cape Carteret,SEA,USTPC
United States,Cape Coral,SEA,USCC2
United States,Cape Henry,SEA,USXPY
United States,Cape May,SEA,USCGF
United States,Capitan,SEA,USCAP
United States,Capitola,SEA,USCGP
United States,Captiva,SEA,US4CP
United States,Carlisle,SEA,USCUZ
United States,Carlisle,SEA,USCSJ
United States,Carlsbad,SEA,USCNM
United States,Caro,SEA,USCJO
United States,Carrboro,SEA,USZRR
United States,Carrier Mills,SEA,USCM9
United States,Carroll,SEA,USCWU
United States,Carthage,SEA,USQCH
United States,Carthage,SEA,USCGX
United States,Carver,SEA,USYCE
United States,Casselberry,SEA,USCIB
United States,Casselton,SEA,USRWX
United States,Cassopolis,SEA,USCZI
United States,Cassville,SEA,USXSS
United States,Castile,SEA,USOMW
United States,Castle Hills,SEA,USC4H
United States,Castle Island,SEA,USXSD
United States,Catalina Island,SEA,USCKI
United States,Cataumet,SEA,USUMO
United States,Cathedral City,SEA,USYCD
United States,Cato,SEA,USQAC
United States,Cave City,SEA,USCCS
United States,Cayucos,SEA,USYU5
United States,Cazenovia,SEA,USZCZ
United States,Cedar Bluffs,SEA,USC3B
United States,Cedar Grove,SEA,USYCG
United States,Cedar Grove,SEA,USXZA
United States,Cedar Lake,SEA,USCDU
United States,Cedar River,SEA,USDIV
United States,Center Hill,SEA,USZRH
United States,Center Valley,SEA,USCWQ
United States,Centerburg,SEA,USCBS
United States,Centerville,SEA,USL99
United States,Centerville,SEA,USCWF
United States,Centerville,SEA,USETI
United States,Central Point,SEA,USYCP
United States,Centralia,SEA,USZCT
United States,Centre Hall,SEA,USVVZ
United States,Ceredo,SEA,USW6T
United States,Cerro Gordo,SEA,USCGJ
United States,Champlin,SEA,USNMH
United States,Chapman,SEA,US9CP
United States,Chappaqua,SEA,USP3N
United States,Charleroi,SEA,USZOI
United States,Charleston Heights,SEA,USZGT
United States,Chatsworth,SEA,USTS4
United States,Chautauqua,SEA,USQCQ
United States,Chenango Bridge,SEA,USDGE
United States,Cherokee,SEA,USCKG
United States,Cherryfield,SEA,USCFF
United States,Chesapeake City,SEA,USCC8
United States,Cheshire,SEA,USKQC
United States,Chester,SEA,USCR5
United States,Chesterfield,SEA,USCFG
United States,Chetek,SEA,USXTK
United States,Chevy Chase,SEA,USQCC
United States,Cheyenne Wells,SEA,USZYN
United States,Chickasaw,SEA,USCGW
United States,Childersburg,SEA,USZCG
United States,Chimayo,SEA,USCI6
United States,Chinook,SEA,USCJC
United States,Cibolo,SEA,USZCB
United States,Circle Pines,SEA,USZLP
United States,City Island,SEA,USIS3
United States,Clancy,SEA,USZCY
United States,Clara City,SEA,USZCC
United States,Clare,SEA,USQAI
United States,Clarendon,SEA,USRNN
United States,Clarendon Heights,SEA,USZDC
United States,Clarkesville,SEA,USCWW
United States,Clatskanie,SEA,USYCK
United States,Clawson,SEA,USZCS
United States,Claysburg,SEA,USQCB
United States,Clayton,SEA,USCN3
United States,Clearlake Oaks,SEA,USRXO
United States,Clearville,SEA,US2PA
United States,Clearwater,SEA,USEWG
United States,Clendenin,SEA,USIUH
United States,Clermont,SEA,USERN
United States,Cleveland,SEA,USCWX
United States,Cleveland,SEA,USCLE
United States,Clifford Township,SEA,US2TO
United States,Clifton,SEA,USIFT
United States,Climax,SEA,USJMX
United States,Clinchfield,SEA,USZQC
United States,Clinton,SEA,USC4N
United States,Clinton,SEA,USCBT
United States,Clinton,SEA,USCWZ
United States,Clover,SEA,USCXV
United States,Clover,SEA,USXVR
United States,Cloverdale,SEA,USCYI
United States,Clute,SEA,USCU2
United States,Coal Center,SEA,USQCN
United States,Coal Valley,SEA,USZCV
United States,Coalfield,SEA,USZQZ
United States,Cobbs Creek,SEA,USCK2
United States,Cochise,SEA,USC55
United States,Cochranton,SEA,USCOJ
United States,Cockrell Hill,SEA,USCK9
United States,Coconut Grove,SEA,USNVV
United States,Cokeville,SEA,USYWW
United States,Cold Spring Harbor,SEA,USHQ2
United States,Coldwater,SEA,USQIM
United States,Colesburg,SEA,USCU6
United States,Colfax,SEA,USOFX
United States,Collegeville,SEA,USL55
United States,Columbia,SEA,USYNJ
United States,Columbia Falls,SEA,USYCU
United States,Commerce,SEA,USZEC
United States,Commerce Township,SEA,USOMM
United States,Concord,SEA,USJQQ
United States,Coolidge,SEA,USGCL
United States,Copan,SEA,USOPB
United States,Cornville,SEA,USC35
United States,Corolla,SEA,USZZC
United States,Coronado,SEA,USCD4
United States,Corralitos,SEA,USTO3
United States,Cortland,SEA,USCJ8
United States,Cottrellville,SEA,US2TT
United States,Council Grove,SEA,USUGE
United States,Cove Point,SEA,USCP6
United States,Cowiche,SEA,USYHE
United States,"Coxsackie, Greene",SEA,USCS6
United States,Cozad,SEA,USQCZ
United States,Cramerton,SEA,USZRC
United States,Creedmoor,SEA,USZCE
United States,Creekside,SEA,USQAP
United States,Creston,SEA,USC8T
United States,Crimora,SEA,USC74
United States,Cromwell,SEA,USZCW
United States,Croton-on-Hudson,SEA,USTHU
United States,Croxton,SEA,USV7X
United States,Cumberland,SEA,USHXD
United States,Cumberland City,SEA,USUDC
United States,"Curtis Bay, Baltimore",SEA,USUSB
United States,Dagsboro,SEA,USD5W
United States,Dale,SEA,USYDE
United States,Dallas Center,SEA,USDC6
United States,Damascus,SEA,USAR5
United States,Dane,SEA,USDNE
United States,Daphne,SEA,USDHA
United States,Darien,SEA,USDDR
United States,Dauphin,SEA,USDA8
United States,Dayton,SEA,USDY2
United States,De Funiak Springs,SEA,USDU5
United States,De Pere,SEA,USDRW
United States,De Tour Village,SEA,USDT4
United States,De Witt,SEA,USDWX
United States,Deep Gap,SEA,USE5P
United States,Deer Park,SEA,USDP5
United States,Deer Park,SEA,USFJY
United States,Deerwood,SEA,USDWD
United States,DeKalb,SEA,USDCB
United States,Del Norte,SEA,USDN2
United States,Delaware City,SEA,USDCI
United States,Delevan,SEA,USDVA
United States,Delhi,SEA,USYDP
United States,Delmont,SEA,USDVQ
United States,Delta,SEA,USAL5
United States,Depue,SEA,USDE5
United States,DeQuincy,SEA,USQDQ
United States,Deshler,SEA,USDSR
United States,Deshler,SEA,USDSH
United States,Detroit,SEA,US7AL
United States,Detroit,SEA,USDET
United States,Devenscrest,SEA,USQDV
United States,Diamondville,SEA,USDM4
United States,Dickson,SEA,USZKN
United States,District Heights,SEA,USJHO
United States,Dolgeville,SEA,USQDY
United States,Dolores,SEA,USZDE
United States,Donalsonville,SEA,USDSL
United States,Doniphan,SEA,USDPH
United States,Dorchester,SEA,USDZM
United States,"Douglas, Allegan",SEA,USDOG
United States,Drytown,SEA,USDR3
United States,Dunkirk,SEA,USDKK
United States,Dunmore,SEA,USDU3
United States,Dunnellon,SEA,USDFU
United States,Dupo,SEA,USDUP
United States,Duquesne,SEA,USZDQ
United States,Dutzow,SEA,USZDZ
United States,Duxbury,SEA,USDUH
United States,Eakly,SEA,USQEY
United States,Earl,SEA,USERE
United States,Earl Park,SEA,USEPA
United States,Earlington,SEA,USQEO
United States,Earlville,SEA,USQEV
United States,East Bloomfield,SEA,USZTB
United States,East Dubuque,SEA,USEQE
United States,East Fairfield,SEA,US4HE
United States,East Falmouth,SEA,USZEF
United States,East Freetown,SEA,USEFN
United States,East Keansburg,SEA,USEKB
United States,East Lake,SEA,USE2L
United States,East Leroy,SEA,USXXY
United States,East Machias,SEA,USEM7
United States,East Orange,SEA,USEOG
United States,East Palestine,SEA,USYEP
United States,East Point,SEA,USEPY
United States,East Setauket,SEA,USQET
United States,East Troy,SEA,USTYY
United States,East Walpole,SEA,USZEP
United States,East Windsor,SEA,US99W
United States,Eastport,SEA,USEPM
United States,Eddington,SEA,USE2D
United States,Eddyville,SEA,USEDV
United States,Eden,SEA,USEV6
United States,Eden Valley,SEA,USZVY
United States,Edgartown,SEA,USETW
United States,Edgemere,SEA,USGME
United States,Edinboro,SEA,USQEB
United States,Edson,SEA,USZYL
United States,El Campo,SEA,USECP
United States,El Dorado Hills,SEA,USEHI
United States,Elbert,SEA,USEB4
United States,Eleanor,SEA,USILW
United States,Eleele,SEA,USKHW
United States,Elk Horn,SEA,USE3K
United States,Elk River,SEA,USER2
United States,Elkmont,SEA,USZEM
United States,Elkton,SEA,USEKT
United States,Elkton,SEA,USEKZ
United States,Ellabell,SEA,USEBZ
United States,Ellaville,SEA,USZEV
United States,Ellenboro,SEA,USYEB
United States,Ellenwood,SEA,USZEW
United States,Ellettsville,SEA,USZEN
United States,Ellington,SEA,USZET
United States,Ellport,SEA,USEQZ
United States,Ellwood,SEA,USEL3
United States,Elmer,SEA,USEL4
United States,Elmont,SEA,USQDM
United States,Elroy,SEA,USERY
United States,Emery,SEA,USEMY
United States,Emigrant Gap,SEA,USEM4
United States,Emmetsburg,SEA,USEMG
United States,Emory,SEA,USYEM
United States,Empire,SEA,USEPE
United States,Erial,SEA,USQRL
United States,Erie,SEA,USXEH
United States,Erwins,SEA,USQEW
United States,Estero,SEA,USESG
United States,Etter,SEA,USETT
United States,Eudora,SEA,USEUD
United States,Evansville,SEA,USEVV
United States,Evendale,SEA,USEV7
United States,Ewing,SEA,USQEI
United States,Excelsior Springs,SEA,USZEO
United States,Fair Play,SEA,USFPL
United States,Fairmont City,SEA,USQFY
United States,Fairmont City,SEA,USQFC
United States,"Fairmont, Will",SEA,USFMW
United States,Fairmount,SEA,USFMU
United States,Fairport Harbor Village,SEA,USFPT
United States,Fairton,SEA,USNJF
United States,Fairview,SEA,USTX3
United States,Falls City,SEA,USFSY
United States,Farmington,SEA,USFA3
United States,Farmington Hill,SEA,USQFM
United States,Fawnskin,SEA,USF2S
United States,Fellsmere,SEA,USFEL
United States,Ferguson,SEA,USZGU
United States,Fernandina Beach,SEA,USFEB
United States,Ferriday,SEA,USQFI
United States,Fiddletown,SEA,USFI3
United States,"Fisher Island, Miami",SEA,USZFI
United States,Fishkill,SEA,USFIK
United States,Flagler Beach,SEA,USFBF
United States,Fleming Island,SEA,USFI7
United States,Floodwood,SEA,USFW2
United States,Florence,SEA,USFNE
United States,Florence,SEA,USFLZ
United States,Florida City,SEA,USYFA
United States,Forest City,SEA,USFCC
United States,Forest Dale,SEA,USFSQ
United States,Forest Ranch,SEA,USRA3
United States,Forestville,SEA,USFO9
United States,Forsyth,SEA,USZYF
United States,Fort Atkinson,SEA,USXFO
United States,Fort Calhoun,SEA,USFTC
United States,Fort Davis,SEA,USQFA
United States,Fort Lauderdale,SEA,USFLL
United States,Fort Lupton,SEA,USQFU
United States,Fort Monmouth,SEA,USFTM
United States,Fort Recovery,SEA,USFVR
United States,Fort Snelling,SEA,USTSN
United States,Four Oaks,SEA,USFR6
United States,Fox Lake,SEA,USYFX
United States,Francesville,SEA,USFCV
United States,Frankfort,SEA,USFNF
United States,Franklin Furnace,SEA,USFAU
United States,Frazeysburg,SEA,USYFZ
United States,Frederick,SEA,USXZD
United States,Fredericksburg,SEA,USFDE
United States,Freedom,SEA,USFZZ
United States,Freeland,SEA,USFNB
United States,Freeport,SEA,USXAS
United States,Frenchtown,SEA,USJWY
United States,Friendship,SEA,USFSP
United States,Fruitland,SEA,USZFM
United States,Gales Ferry,SEA,USGSF
United States,Galeton,SEA,USZGQ
United States,Galion,SEA,USGQQ
United States,Gallatin Gateway,SEA,USGG2
United States,Gallaway,SEA,USAWY
United States,Gansevoort,SEA,USGVR
United States,Garberville,SEA,USGBV
United States,Garden City,SEA,USTXU
United States,Garden Valley,SEA,USG44
United States,Gardendale,SEA,USGT9
United States,Gardiner,SEA,USNXR
United States,Garner,SEA,USGNR
United States,Garner,SEA,USGNC
United States,Garrett,SEA,USQGT
United States,Garrison,SEA,USGA7
United States,Gary,SEA,USGT4
United States,Geneseo,SEA,USZGZ
United States,Ghent,SEA,USGHE
United States,Gibson City,SEA,USGBC
United States,Gideon,SEA,USGID
United States,Gilbertville,SEA,USGEZ
United States,Glen Flora,SEA,USZLO
United States,Glendale,SEA,USOR8
United States,Glendale Heights,SEA,USG2H
United States,Glenndale,SEA,USYNN
United States,Glennville,SEA,USYGL
United States,Glenwood,SEA,USGKX
United States,Glidden,SEA,USZGE
United States,Goehner,SEA,USN3E
United States,Golconda,SEA,USGCA
United States,Goldendale,SEA,USGLA
United States,Goldthwaite,SEA,USQGX
United States,Goochland,SEA,USVZZ
United States,Good Hope,SEA,USGOP
United States,Gordonville,SEA,USLLJ
United States,Gordonville,SEA,USGVZ
United States,Gore,SEA,USGVA
United States,Goshen,SEA,USOEN
United States,Gosport,SEA,USGP2
United States,Grabill,SEA,USGZB
United States,Grand Blanc,SEA,USQGB
United States,Granite City,SEA,USGZI
United States,Grays Harbor City,SEA,USGHC
United States,Grayson,SEA,USYYG
United States,Green Bay,SEA,USGRB
United States,Greenboro,SEA,USGEB
United States,Greenport,SEA,USGP4
United States,Greentown,SEA,USPA9
United States,"Greenwood, Guernsey",SEA,USGNS
United States,Grimes,SEA,USQR5
United States,Griswold,SEA,USG77
United States,Grover Beach,SEA,USGVB
United States,Groves,SEA,USYGS
United States,Grovetown,SEA,USGTG
United States,Guildhall,SEA,USGDJ
United States,Guttenberg,SEA,USGUG
United States,Guy,SEA,USG8Y
United States,Gypsum,SEA,USGM2
United States,Hackensack,SEA,USHS2
United States,Hagerstown,SEA,USHWN
United States,Haiku,SEA,USHXK
United States,Haleiwa,SEA,USHA7
United States,Halls,SEA,USHLJ
United States,Hallstead,SEA,USHS6
United States,Hamer,SEA,USHMR
United States,Hampton Roads Pt,SEA,USHR3
United States,Hancock,SEA,USH2N
United States,Harbor Beach,SEA,USHB4
United States,Harbor Springs,SEA,USHS3
United States,Hardwick,SEA,US5MN
United States,Harris,SEA,USH9R
United States,Harrisburg,SEA,USHB3
United States,Harwood,SEA,USZHW
United States,Harwood Heights,SEA,USHHT
United States,Hasbrouck Heights,SEA,USZHU
United States,Hastings,SEA,USHG2
United States,Hatton,SEA,USQHA
United States,Havelock,SEA,USHL5
United States,Hawesville,SEA,USHZZ
United States,Hawthorne,SEA,USXVB
United States,Hebron,SEA,USYHR
United States,Hector,SEA,USHR4
United States,Helen,SEA,USZEH
United States,Henderson,SEA,USH99
United States,Herculaneum,SEA,USHM4
United States,Hercules,SEA,USHXU
United States,Hermann,SEA,USRMA
United States,Hewlett,SEA,USHWX
United States,Heyburn,SEA,USYHB
United States,Hickman,SEA,USHM3
United States,Hickory Creek,SEA,USHCO
United States,High Ridge,SEA,USHRQ
United States,Hilger,SEA,USHR5
United States,Hill Air Force Base,SEA,USHIF
United States,Hilmar,SEA,USZHM
United States,Ho-Ho-Kus,SEA,USHHK
United States,Hoisington,SEA,USZHT
United States,Holland,SEA,USHLM
United States,Hollister,SEA,USHRM
United States,Hollsopple,SEA,USZPP
United States,Holmes,SEA,USYHM
United States,Homer,SEA,USHOR
United States,Honolulu,SEA,USHNL
United States,Hoodsport,SEA,US9WA
United States,Hooker,SEA,USQHE
United States,Hooksett,SEA,USKSH
United States,Hooper,SEA,USHO7
United States,Hopkinton,SEA,USQHK
United States,House Springs,SEA,USHU8
United States,Houston,SEA,USHOU
United States,Howland Hook,SEA,USH4H
United States,Hoyt Lakes,SEA,USYKL
United States,Huber Heights,SEA,USQHT
United States,Hudson,SEA,USHSF
United States,Hudson,SEA,USH8N
United States,Huger,SEA,USQHG
United States,Hughesville,SEA,USHV2
United States,Huguenot,SEA,USHGU
United States,Hungerford,SEA,USHXF
United States,Huntington Woods,SEA,USHGW
United States,Huron,SEA,USHN9
United States,Idabel,SEA,USQIL
United States,Incline Village,SEA,USIVG
United States,Indialantic,SEA,USYIL
United States,Indian Mills,SEA,USTGB
United States,Indian Orchard,SEA,USIO2
United States,Indian River City,SEA,USIR2
United States,Ingleside,SEA,USYIG
United States,Inkom,SEA,USZIK
United States,Inverness,SEA,USQIS
United States,Irvine,SEA,USIVK
United States,Isle,SEA,USIVA
United States,Iuka,SEA,USIUK
United States,Jacksboro,SEA,USJQK
United States,Jackson,SEA,USJS3
United States,Jacksonville,SEA,USJ3C
United States,Jakolof Bay,SEA,USJKF
United States,Jamaica,SEA,USJA2
United States,Jamesburg,SEA,USJMB
United States,Jamesport,SEA,USJPY
United States,Janesville,SEA,USJVL
United States,Jay,SEA,USJAY
United States,Jefferson Hills,SEA,USJE2
United States,Jeffersonville,SEA,USZJ9
United States,Jenks,SEA,USJUK
United States,Jobstown,SEA,USQJB
United States,John F Kennedy Space Center/Cape Canaveral,SEA,USKDC
United States,Johnsburg,SEA,USJBG
United States,Johnson,SEA,USJOA
United States,Jonesport,SEA,USJON
United States,Judsonia,SEA,USJSA
United States,Kaguyak,SEA,USKAG
United States,Kahuku,SEA,USKL9
United States,Kahului,SEA,USOGG
United States,Kailua,SEA,USKA7
United States,Kansas City,SEA,USMKC
United States,Kawkawlin,SEA,USKW7
United States,Kaysville,SEA,USKAY
United States,Keego Harbor,SEA,USKHB
United States,Kenmore,SEA,USKMR
United States,Kensington,SEA,USC3A
United States,Kenwood,SEA,USKE7
United States,Keota,SEA,USKTZ
United States,Keswick,SEA,USQKK
United States,Ketchum,SEA,USQKM
United States,Kewaunee,SEA,USKWU
United States,Keyport,SEA,USKYP
United States,Keysville,SEA,USZYK
United States,Kihei,SEA,USKIH
United States,Kimberling City,SEA,USQKC
United States,King William,SEA,USKWM
United States,Kings Mills,SEA,USKGM
United States,Kirkwood,SEA,USXKW
United States,Kiska Harbour,SEA,USKAB
United States,Kiska Island,SEA,USKIS
United States,Kittery,SEA,USKXK
United States,Kitty Hawk,SEA,USKTT
United States,Knob Noster,SEA,USK99
United States,Konawa,SEA,USKW2
United States,Koppel,SEA,USKPP
United States,Kuluk Bay,SEA,USKUB
United States,La Grange,SEA,USLGK
United States,Ladera Ranch,SEA,USXXL
United States,Ladysmith,SEA,USZYT
United States,Lafayette,SEA,USYFQ
United States,LaGrange,SEA,USL9G
United States,Lagunitas,SEA,USL5A
United States,Lake Arrowhead,SEA,USLA2
United States,Lake Elsinore,SEA,USLE3
United States,Lake Garfield,SEA,USZLG
United States,Lake George,SEA,USLG2
United States,Lake Huntington,SEA,USLU7
United States,Lake Orion,SEA,USLRP
United States,Lake Providence,SEA,USYLP
United States,Lake Saint Louis,SEA,US6ER
United States,Lake Waccamaw,SEA,USWCW
United States,Lakeshore,SEA,USLS4
United States,Lancaster,SEA,USLZC
United States,Landing,SEA,USLZV
United States,Lanesville,SEA,USL54
United States,Lanett,SEA,USYLT
United States,Laurel,SEA,USURE
United States,Laureldale,SEA,USQLR
United States,Laurelville,SEA,USQLH
United States,Laurence Harbor,SEA,US5BL
United States,Lawrence,SEA,USLWE
United States,Laytonville,SEA,USAY5
United States,Le Sueur,SEA,USLUU
United States,League City,SEA,USZLT
United States,Lebec,SEA,USYLB
United States,Leitchfield,SEA,USLCF
United States,Leland,SEA,USLLC
United States,Lemay,SEA,USLMY
United States,Lenard Harbour,SEA,USLH7
United States,Leonia,SEA,USQLO
United States,Lewis Center,SEA,USLEQ
United States,Lewisport,SEA,USLWD
United States,Lexington,SEA,USQDU
United States,Liberty,SEA,USLIB
United States,Lighthouse Point,SEA,USL2P
United States,Limestone,SEA,USLIZ
United States,Lincoln City,SEA,USYOC
United States,Lind,SEA,USYLD
United States,Linden Hill,SEA,USDD6
United States,Linn Creek,SEA,USQLF
United States,Linnton,SEA,USLN5
United States,Lino Lakes,SEA,USLLB
United States,Little Deer Isle,SEA,USL2D
United States,Little Genesee,SEA,USLTG
United States,Little Hocking,SEA,USLHK
United States,Little River,SEA,USLR3
United States,Littlerock,SEA,USYLR
United States,Llano,SEA,USLXQ
United States,Locust,SEA,USXLT
United States,Lodi,SEA,USLO7
United States,Logan Township,SEA,USYLO
United States,Lolita,SEA,USOIT
United States,Long Beach,SEA,USLGB
United States,Long Branch,SEA,USLCJ
United States,Long Reach,SEA,USLRC
United States,Longboat Key,SEA,USL9K
United States,Longmeadow,SEA,USZLW
United States,Loop Terminal,SEA,USLO9
United States,Loretto,SEA,USQLT
United States,Los Lunas,SEA,USLLU
United States,Lost Hills,SEA,USTSO
United States,Loudonville,SEA,USQYL
United States,Louisiana Offshore Oil Port (Loop),SEA,USLO8
United States,Loup City,SEA,USLC2
United States,Loves Park,SEA,USQLI
United States,Lovettsville,SEA,USVTT
United States,Lowden,SEA,US7SD
United States,Lowell,SEA,USLWY
United States,Lubec,SEA,USLB2
United States,Lula,SEA,USYLU
United States,Lupton,SEA,USLP2
United States,Lutz,SEA,USLTZ
United States,Lyerly,SEA,USLYR
United States,Lyle,SEA,US3WA
United States,Lyles,SEA,USQLY
United States,Lynn Haven,SEA,USLYM
United States,Lynnfield,SEA,US7YT
United States,Lynnhaven Roads,SEA,USYVO
United States,Mabscott,SEA,US3SD
United States,Mabton,SEA,USZAN
United States,Machesney Park,SEA,USMP5
United States,Madison Park,SEA,USYMD
United States,Madisonville,SEA,USINV
United States,Malaga,SEA,USMG5
United States,Maltby,SEA,USAQJ
United States,Manasquan,SEA,USZMQ
United States,Manchester,SEA,USMCR
United States,Manhasset,SEA,USMH8
United States,Manheim Center,SEA,USZMY
United States,Mannsville,SEA,USNSV
United States,Mantua,SEA,USQMU
United States,Maple Bluff,SEA,USZPU
United States,Mapleton,SEA,USXUY
United States,Marblehead,SEA,USMH2
United States,Marcus Hook,SEA,USMAH
United States,Marcy,SEA,USZAY
United States,Markleville,SEA,USQMK
United States,Marne,SEA,USQMM
United States,Marseilles,SEA,USMR2
United States,Marshall,SEA,USNMA
United States,Matawan,SEA,USTAW
United States,Mauckport,SEA,USMP2
United States,Mayville,SEA,USAY7
United States,McCleary,SEA,USQMW
United States,McEwen,SEA,USZWM
United States,McFarland,SEA,USMF6
United States,McKees Rocks,SEA,USMKJ
United States,McLeansville,SEA,USQMC
United States,Mecosta,SEA,USUMQ
United States,Melvindale,SEA,USMGF
United States,Mendon,SEA,USM8N
United States,Menemsha,SEA,USMN5
United States,Mentone,SEA,USMT6
United States,Mer Rouge,SEA,USZXE
United States,Meraux,SEA,USMXP
United States,Meredith,SEA,USMD5
United States,Meredosia,SEA,USOIS
United States,Mexico,SEA,USXXX
United States,Miami Beach,SEA,USIYH
United States,Miami Gardens,SEA,USZMG
United States,Miami Shores,SEA,USM4I
United States,Miamisburg,SEA,USIAM
United States,Middle Island,SEA,USZIX
United States,Middletown,SEA,USM44
United States,Midway Park,SEA,USM2P
United States,Milburn,SEA,USM2B
United States,Milford,SEA,USMRQ
United States,Mill Creek,SEA,USMKW
United States,Millican,SEA,UST9X
United States,Millport,SEA,USIPR
United States,Millwood,SEA,USMW4
United States,Milton,SEA,USMT5
United States,Mims,SEA,USMS6
United States,Mohnton,SEA,USZOH
United States,Molena,SEA,USM47
United States,Monmouth,SEA,USOO9
United States,Monmouth Beach,SEA,USM9O
United States,Monroe,SEA,USM4X
United States,Monterey,SEA,USMY3
United States,Moravia,SEA,USQOR
United States,Morehouse,SEA,USYRE
United States,Moreland Hills,SEA,US9OH
United States,Morrisonville,SEA,USM5V
United States,Moscow,SEA,USMW3
United States,Mosier,SEA,USYMR
United States,Mosinee,SEA,USINX
United States,Mound House,SEA,USXZS
United States,Mount Carmel,SEA,USMTK
United States,Mount Gilead,SEA,USMGQ
United States,Mount Holly Springs,SEA,USQHS
United States,Mount Vernon,SEA,USYMV
United States,Mountain,SEA,USMU4
United States,Mukilteo,SEA,USMKI
United States,Mukwonago,SEA,USMKZ
United States,Muldrow,SEA,USZMW
United States,Murdock,SEA,USYMK
United States,Murphy,SEA,USZMU
United States,Murrysville,SEA,USXYS
United States,Muskegon,SEA,USMKG
United States,Mystic,SEA,USMYC
United States,Naches,SEA,USYNA
United States,Nassau,SEA,USNYU
United States,Natick,SEA,USNAK
United States,Navarre,SEA,USNVA
United States,Nawiliwili,SEA,USNIJ
United States,Necedah,SEA,USNEJ
United States,Needmore,SEA,USNZQ
United States,Neodesha,SEA,USNDA
United States,Neponset,SEA,USN8P
United States,Neptune City,SEA,USNPC
United States,Nesbit,SEA,USNXZ
United States,New Bedford,SEA,USNBD
United States,New Bloomfield,SEA,USNBL
United States,New Brockton,SEA,USBW5
United States,New Caney,SEA,USNCY
United States,New Castle,SEA,USNSX
United States,New Columbia,SEA,USZWC
United States,New Enterprise,SEA,USNP7
United States,New Era,SEA,US4NJ
United States,New Freedom,SEA,USNFR
United States,New Haven,SEA,USNH2
United States,New Hudson,SEA,USNHN
United States,New Ipswich,SEA,USQNN
United States,New Lisbon,SEA,USNLI
United States,New London,SEA,USNED
United States,New Madrid,SEA,USXNW
United States,New Martinsville,SEA,USNM2
United States,New Point,SEA,USQZN
United States,New Providence,SEA,USNPX
United States,New Smyrna Beach,SEA,USNSB
United States,New Tripoli,SEA,USN5T
United States,New York,SEA,USNYC
United States,Newark,SEA,USEWR
United States,Newburyport,SEA,USZMP
United States,Newcastle,SEA,USAWS
United States,Newfane,SEA,USNFE
United States,Newport,SEA,USNOZ
United States,Newport,SEA,USNPO
United States,Newport Beach,SEA,USJNP
United States,Newport News,SEA,USNNS
United States,"Newport, Perry",SEA,USNRP
United States,Newportville,SEA,USQNE
United States,Nicholls,SEA,USICH
United States,Niobrara,SEA,USN5B
United States,Nixon,SEA,USNIX
United States,Nokesville,SEA,USQNV
United States,Norcross,SEA,USNCX
United States,Norman,SEA,USNI2
United States,North Augusta,SEA,USNAU
United States,North Bay Village,SEA,USN99
United States,North Beach,SEA,USN4B
United States,North Grosvenor Dale,SEA,USZGN
United States,North Hartland,SEA,USNHQ
United States,North Houston,SEA,USN2R
United States,North Miami,SEA,USQNM
United States,North Monmouth,SEA,USUHO
United States,North Rose,SEA,USNQZ
United States,North Royalton,SEA,USZNR
United States,North Sioux City,SEA,USNSC
United States,North Wildwood,SEA,USNW2
United States,North Woodstock,SEA,USYNO
United States,Northampton,SEA,USNHM
United States,Northport,SEA,USZZH
United States,Norton Shores,SEA,USNTR
United States,Norwell,SEA,USNOW
United States,Norwood,SEA,USNXL
United States,Noti,SEA,USTXQ
United States,Nyack,SEA,USNYX
United States,Oak Bluffs,SEA,USOB2
United States,Oak Grove,SEA,USAKJ
United States,Oak Park,SEA,USQOP
United States,Oakboro,SEA,USYOB
United States,Oakville,SEA,USOKV
United States,Oberlin,SEA,USXOR
United States,Obion,SEA,USOBI
United States,Ocean Gate,SEA,USOAM
United States,Oceanport,SEA,USOCP
United States,Ocoee,SEA,USOC7
United States,Odessa,SEA,USO82
United States,Oglesby,SEA,USOGY
United States,Ogunquit,SEA,USYOQ
United States,Okarche,SEA,USZHE
United States,Okemos,SEA,USOKX
United States,Old Brookville,SEA,USDXX
United States,Oleum,SEA,USOL2
United States,Olivette,SEA,USZOT
United States,Olton,SEA,USQOT
United States,Olyphant,SEA,USQOA
United States,Onawa,SEA,USIA3
United States,Ontario,SEA,USOT5
United States,Ontonagon,SEA,USONG
United States,Ooltewah,SEA,USZOW
United States,Orange Beach,SEA,USOBC
United States,Orca,SEA,USOSZ
United States,Orcutt,SEA,US8MN
United States,Oregon,SEA,USOEG
United States,Orondo,SEA,USYDO
United States,Osceola,SEA,USM2S
United States,Oskaloosa,SEA,USOS3
United States,Osterville,SEA,USOV3
United States,Oswego,SEA,USOSW
United States,Ottawa Lake,SEA,USOTL
United States,Ottsville,SEA,USOSV
United States,Outlook,SEA,US3VC
United States,Oviedo,SEA,USZOD
United States,Paducah,SEA,USPAH
United States,Pagedale,SEA,USPGE
United States,Paisley,SEA,USPY6
United States,Palatine Bridge,SEA,USPBE
United States,Palm,SEA,USPQM
United States,Palmertown,SEA,USPMZ
United States,Palmetto Bay,SEA,USP64
United States,Palo Pinto,SEA,USPGZ
United States,Pamplin,SEA,USQPM
United States,Panora,SEA,USP77
United States,Parks,SEA,USPK3
United States,Parkton,SEA,USPKT
United States,Pasadena,SEA,USPAS
United States,Patchogue,SEA,USPCP
United States,Paterson,SEA,USPWG
United States,Peach Bottom,SEA,USYL2
United States,Pearson,SEA,USPS6
United States,Peconic,SEA,USQPN
United States,Pembroke,SEA,USJUY
United States,Pembroke Park,SEA,USZPB
United States,Penn Valley,SEA,US7CA
United States,Penngrove,SEA,US9DK
United States,Pennsauken,SEA,USPPS
United States,Pensacola Beach,SEA,USPB4
United States,Pequannock,SEA,USPQN
United States,Perdue Hill,SEA,USXPE
United States,Perryman,SEA,USPYB
United States,Peterborough,SEA,USYPB
United States,Philomath,SEA,USYPH
United States,Pigeon Forge,SEA,USYPF
United States,Pillager,SEA,USPGX
United States,Pilottown,SEA,USPIW
United States,Pine Apple,SEA,USPAA
United States,Pine Bluffs,SEA,USQPS
United States,Pine Bush,SEA,USYPN
United States,Pine Plains,SEA,USQPY
United States,Pittsville,SEA,USITV
United States,Placida,SEA,USEUU
United States,Pleasant Island,SEA,USPI7
United States,Pleasant Lake,SEA,USP2L
United States,Pleasant Prairie,SEA,USPLP
United States,Pocahontas,SEA,USQPH
United States,Point Arena,SEA,USPA2
United States,Point Conception,SEA,USPP5
United States,Point Pleasant Beach,SEA,USPP3
United States,Point Reyes Station,SEA,US9IU
United States,Point Roberts,SEA,USPRS
United States,Point Wells,SEA,USOW4
United States,Poland,SEA,USQPD
United States,Ponce de Leon,SEA,US4NM
United States,Ponsford,SEA,USPO7
United States,Port Allen,SEA,USPAL
United States,Port Arthur,SEA,USPOA
United States,Port Blakely,SEA,USPRY
United States,Port Bolivar,SEA,USPOB
United States,Port Canaveral,SEA,USPCV
United States,Port Chicago,SEA,USPZH
United States,Port Eads,SEA,USQPR
United States,Port Elizabeth,SEA,USPEB
United States,Port Ewen,SEA,USPE2
United States,Port Fourchon,SEA,USFOC
United States,Port Gamble,SEA,USPGH
United States,Port Hadlock,SEA,USABC
United States,Port Hueneme,SEA,USNTD
United States,Port Huron,SEA,USPHN
United States,Port Jefferson,SEA,USPTJ
United States,Port Laudania,SEA,USJDT
United States,Port Ludlow,SEA,USPLU
United States,Port MacKenzie,SEA,USPMV
United States,Port Madison,SEA,USPDI
United States,Port Manatee,SEA,USPME
United States,Port Monmouth,SEA,USPM3
United States,"Port Morris, Bronx",SEA,USPM4
United States,Port Murray,SEA,USURR
United States,Port Newark,SEA,USPNJ
United States,Port Of South Louisiana,SEA,USLU8
United States,Port Orford,SEA,USPO2
United States,Port Republic,SEA,USYPR
United States,Port Richmond,SEA,USRI4
United States,Port Saint Joe,SEA,USPSJ
United States,Port San Luis,SEA,USPSL
United States,Port Washington,SEA,USPOW
United States,Portage,SEA,USPOJ
United States,Portageville,SEA,USZPT
United States,Porterdale,SEA,USPOD
United States,Portland,SEA,USDTP
United States,Portola Valley,SEA,USXPT
United States,Portville,SEA,USVTP
United States,Pound Ridge,SEA,USPG8
United States,Powderly,SEA,USTXX
United States,Powells Point,SEA,USPP4
United States,Powhatan,SEA,USZPW
United States,Prairie du Sac,SEA,USPS3
United States,Preston,SEA,USPS9
United States,Prichard,SEA,USPT7
United States,Prospect,SEA,USPP9
United States,Prosper,SEA,USQPX
United States,Puget Sound,SEA,USPGQ
United States,Quarryville,SEA,USZQE
United States,Queen City,SEA,USZQU
United States,Quincy,SEA,USQUI
United States,Ragland,SEA,USYRG
United States,Rainbow City,SEA,USXRC
United States,Rancho Bernardo,SEA,USRBO
United States,Rancho Mirage,SEA,USRHG
United States,Ranchos de Taos,SEA,US8DD
United States,Rapidan,SEA,USYRP
United States,Ravena,SEA,USXRA
United States,Raymond,SEA,USACC
United States,Raytown,SEA,USYRO
United States,Red Feather Lakes,SEA,USRF5
United States,Red Hill,SEA,USRHY
United States,Red Oak,SEA,USRDK
United States,Redwood Valley,SEA,USRR6
United States,Renick,SEA,USIZK
United States,Rexford,SEA,USRXF
United States,Reynoldsville,SEA,USYRY
United States,Rhinebeck,SEA,USZBK
United States,Richmond,SEA,USRIC
United States,Rickreall,SEA,USZIC
United States,Rimer,SEA,USRIM
United States,Ringle,SEA,USRAF
United States,Rio,SEA,USR88
United States,River Grove,SEA,USRG6
United States,River Ridge,SEA,USQQN
United States,Riverbank,SEA,USZRB
United States,Rivergate,SEA,USRGJ
United States,Riverside,SEA,USVRD
United States,Riverside,SEA,USVSE
United States,Rochelle,SEA,USR55
United States,Rock Creek,SEA,USRC6
United States,Rock Tavern,SEA,USXRT
United States,Rockport,SEA,USR63
United States,Rockport,SEA,USRP3
United States,Rockville,SEA,USR2V
United States,Rocky Face,SEA,USRYF
United States,Rocky River,SEA,USRKY
United States,Rodeo,SEA,USRD4
United States,Rogers,SEA,USRGS
United States,Rogers Haven,SEA,USRH2
United States,Rollinsford,SEA,USR3O
United States,Romoland,SEA,USOMD
United States,Roosevelt,SEA,USRLT
United States,Rootstown,SEA,USR34
United States,Rosenberg,SEA,USRSG
United States,Roseton,SEA,USRJT
United States,Rosiclare,SEA,USRSK
United States,Rotterdam,SEA,USRAJ
United States,Rowena,SEA,USR5W
United States,Rowlett,SEA,USZRE
United States,Ruffin,SEA,USYRF
United States,Runnemede,SEA,USYRD
United States,Rye,SEA,USZRY
United States,Sabetha,SEA,USZHB
United States,Sabina,SEA,USSBB
United States,Saco,SEA,USQSK
United States,Sacramento,SEA,USSAC
United States,Sag Harbor,SEA,USGXH
United States,Sagaponack,SEA,USSP2
United States,Sagola,SEA,USXSG
United States,Saint Albans,SEA,USSA3
United States,Saint Charles,SEA,USS7T
United States,Saint Clair,SEA,USSKZ
United States,Saint Clair Shores,SEA,USCS4
United States,Saint George,SEA,USST9
United States,Saint Henry,SEA,USHZA
United States,Saint James City,SEA,USJSY
United States,Saint Johns,SEA,USJO4
United States,Saint Johnsville,SEA,USTOU
United States,Saint Joseph,SEA,USYSJ
United States,Saint Louis,SEA,USUTS
United States,Saint Louis,SEA,USSTL
United States,Saint Paul Park,SEA,USS67
United States,Saint Pete Beach,SEA,US6TT
United States,Saint Petersburg,SEA,USPIE
United States,Saint Thomas,SEA,USXTM
United States,Samoa,SEA,USIOR
United States,San Acacio,SEA,USZSI
United States,San Diego,SEA,USSAN
United States,San Lucas,SEA,USZXZ
United States,Sandoval,SEA,USBMH
United States,Sands Point,SEA,USZDS
United States,"Sandusky, Erie",SEA,USSKY
United States,Sandy Springs,SEA,USYSG
United States,Sanford,SEA,USFU7
United States,Santa Rosa Beach,SEA,USJQJ
United States,Santa Rosa Island,SEA,USRO2
United States,Santee,SEA,USSA6
United States,Saranac,SEA,USSRN
United States,Sarasota,SEA,USZOR
United States,Sarita,SEA,USS4Y
United States,Satsop,SEA,USZOP
United States,Savannah,SEA,USTSA
United States,Sayreville,SEA,USXNA
United States,Scales Mound,SEA,USQJZ
United States,Scio,SEA,USS44
United States,Scott,SEA,USXOT
United States,Scottsdale,SEA,USSTZ
United States,Scottsville,SEA,USTTS
United States,Sea Cliff,SEA,US7OL
United States,Sebree,SEA,USYSB
United States,Sedan,SEA,USSE4
United States,Selma,SEA,USOSM
United States,Shaker Heights,SEA,USXSK
United States,Shalimar,SEA,USSR4
United States,Shamokin,SEA,USYSH
United States,Shedd,SEA,USYSD
United States,Shelby,SEA,USNE5
United States,Sheldon,SEA,USZ4X
United States,Shelter Island,SEA,USXSI
United States,Sherborn,SEA,USZSO
United States,Shingle Springs,SEA,USXSH
United States,Ship Bottom,SEA,USSBQ
United States,Ship Island,SEA,USIPX
United States,Short Hills,SEA,USXSY
United States,Sidney,SEA,USS7I
United States,Sierra Vista,SEA,USSI7
United States,Silva,SEA,USZVA
United States,Silver Grove,SEA,USVKY
United States,Silverton,SEA,USXVN
United States,Sinton,SEA,US2SI
United States,Sisters,SEA,USYER
United States,Sledge Island,SEA,USSI2
United States,Smackover,SEA,USSK4
United States,Smelterville,SEA,USYSV
United States,Smithton,SEA,USITN
United States,Smokey Point,SEA,USYSK
United States,Smyrna,SEA,USS7Y
United States,Soap Lake,SEA,USSE3
United States,Soda Springs,SEA,USYSS
United States,Solomons,SEA,USOMU
United States,Somerset,SEA,USSS3
United States,South Dartmouth,SEA,USODT
United States,South Glastonbury,SEA,USYSY
United States,South Hamilton,SEA,USZYX
United States,South Jordan,SEA,USXSJ
United States,South Kingstown,SEA,USS7K
United States,South Mills,SEA,USAA9
United States,South Ogden,SEA,US2OG
United States,South Padre Island,SEA,USPXD
United States,South Saint Paul,SEA,USSPT
United States,South Salt Lake,SEA,USS8K
United States,South Walpole,SEA,USQSW
United States,South Willamsport,SEA,USIOH
United States,South Windham,SEA,USUWH
United States,Southhaven,SEA,USHH7
United States,Speedwell,SEA,US7BA
United States,Spencer,SEA,USRWQ
United States,Spencer,SEA,USECR
United States,Spillville,SEA,USLX8
United States,Spotsylvania,SEA,USXXO
United States,Spring Green,SEA,USQSG
United States,Spring Grove,SEA,USSG3
United States,Spring Grove,SEA,USZSG
United States,Spring Grove,SEA,USS3G
United States,"Springville, Suffolk",SEA,USXPG
United States,Sproul,SEA,USYSP
United States,Stansbury park,SEA,USSR9
United States,Star,SEA,USYRX
United States,Starlight,SEA,USRL5
United States,Starr,SEA,USXAR
United States,Staten Island,SEA,USUYU
United States,Steelton,SEA,USQQX
United States,Stephentown,SEA,USTEP
United States,Sterling,SEA,USSGI
United States,Stevensburg,SEA,USZSB
United States,"Stewart, McLeod",SEA,USTWM
United States,Stickney,SEA,USSKT
United States,Stillmore,SEA,USLLM
United States,Stillwater,SEA,USTIS
United States,Stockett,SEA,USTK9
United States,Stockton,SEA,USSCK
United States,Stonington,SEA,USSGN
United States,Stony Point,SEA,USS8T
United States,"Stony Point, Rockland",SEA,USNYI
United States,Stookey,SEA,USSO9
United States,Stormville,SEA,USZST
United States,Stow,SEA,USVOW
United States,Stoystown,SEA,USQST
United States,Stratford,SEA,USTFO
United States,Sugar City,SEA,USHJD
United States,Sugarcreek,SEA,USZSU
United States,Sumiton,SEA,USASZ
United States,Summerland Key,SEA,USSK3
United States,Sunny Point,SEA,USSUT
United States,Susitna,SEA,USUIT
United States,Sutherland,SEA,USZSD
United States,Suttons Bay,SEA,USZYY
United States,Swoope,SEA,USZS2
United States,Sylvania,SEA,USYL9
United States,Tabor,SEA,USTB3
United States,Tabor City,SEA,USQTB
United States,Taconite Harbor,SEA,USTCH
United States,Taft,SEA,USTFT
United States,Tahuya,SEA,USTA3
United States,Taintor,SEA,USZAO
United States,Talent,SEA,USYTL
United States,Talihina,SEA,USTA2
United States,"Tallassee, Elmore",SEA,USYTA
United States,Tamarac,SEA,USTRK
United States,Tamms,SEA,USTMM
United States,Tams,SEA,USXTS
United States,Tanaga Bay,SEA,USTBJ
United States,Tangent,SEA,USZTG
United States,Tarrytown,SEA,USTWZ
United States,Tatoosh Island,SEA,USTDI
United States,Tavernier,SEA,USTNE
United States,Tchula,SEA,USUTA
United States,Tecumseh,SEA,USTMZ
United States,Ten Sleep,SEA,USTSL
United States,Tenants Harbour,SEA,USZNH
United States,Terra Bella,SEA,USVVC
United States,Terrebonne,SEA,USNJQ
United States,Terry,SEA,USQTY
United States,The Colony,SEA,USCY2
United States,Thenard,SEA,USOJL
United States,Thompson,SEA,USTPS
United States,Thompson Falls,SEA,USTHF
United States,Thompsontown,SEA,USTPW
United States,Three Forks Junction,SEA,USQTF
United States,Three Oaks,SEA,USOI7
United States,Tiburon,SEA,USXTN
United States,Tillar,SEA,USZTR
United States,Timmonsville,SEA,USXTE
United States,Tishomingo,SEA,USTSI
United States,Tomah,SEA,USQTH
United States,Tomhicken,SEA,USYTO
United States,Tomkins Cove,SEA,USTKN
United States,Tonica,SEA,USQTO
United States,Tornillo,SEA,USQTN
United States,"Tottenville, Staten Island",SEA,USTTV
United States,Toughkenamon,SEA,USZTU
United States,Tow,SEA,UST5W
United States,Town and Country,SEA,USTC4
United States,Trafalgar,SEA,USTFG
United States,Transfer,SEA,USTFR
United States,Trempealeau,SEA,UST2R
United States,Tres Pinos,SEA,US8YI
United States,Triangle,SEA,USTNV
United States,Tri-Cities,SEA,USYTC
United States,Trinity,SEA,USQTI
United States,Troy,SEA,USOYY
United States,Troy,SEA,USTRY
United States,Trumann,SEA,USTMN
United States,Tryon,SEA,USZNT
United States,Tuckahoe,SEA,USXTY
United States,Tulalip,SEA,USUQQ
United States,Tunica,SEA,USTNI
United States,Tupper Lake,SEA,USTP2
United States,Turners Falls,SEA,USM4U
United States,Tuscan,SEA,USTT9
United States,Twin Lake,SEA,USTW2
United States,Tybee Island,SEA,USZYI
United States,Ulm,SEA,US4TP
United States,Ulupalakua,SEA,US3DV
United States,Umpqua,SEA,US9QA
United States,Union Center,SEA,USZUC
United States,Union Gap,SEA,USYUG
United States,Uniontown,SEA,USUT2
United States,Unity,SEA,USUHI
United States,University Park,SEA,USUKK
United States,Upper Brookville,SEA,USYUP
United States,Upper Saint Regis,SEA,USQUS
United States,Uwchland,SEA,USUWC
United States,Uxbridge,SEA,USUXX
United States,Vallecito,SEA,US8QA
United States,Van Alstyne,SEA,USVLS
United States,Van Buren,SEA,USVBE
United States,Vanceburg,SEA,USVGS
United States,Varnell,SEA,USYVR
United States,Vashon Island,SEA,USYVI
United States,Venice,SEA,USVN3
United States,Ventura,SEA,USVNT
United States,Vermilion,SEA,USVE9
United States,Vicksburg,SEA,USVKB
United States,Victor,SEA,US3DU
United States,Vienna,SEA,USVMD
United States,Villard Junction,SEA,USVJ2
United States,Vineburg,SEA,US3TR
United States,Vineyard,SEA,USVED
United States,Violet,SEA,USVOT
United States,Viroqua,SEA,USVIR
United States,Wading River,SEA,USWR4
United States,Wadley,SEA,USWY2
United States,Wadmalaw Island,SEA,USWW9
United States,Waelder,SEA,USQWD
United States,Waggaman,SEA,USWG2
United States,Waianae,SEA,US9AI
United States,Waianae,SEA,USWH7
United States,Wakeman,SEA,USWA7
United States,Waldo,SEA,US8UY
United States,Walnut,SEA,USWU7
United States,Walnut Shade,SEA,USH9S
United States,Walsh,SEA,USWA4
United States,Ward,SEA,USYWD
United States,Ware Shoals,SEA,USASS
United States,Warren,SEA,USVWR
United States,Warsaw,SEA,USWZS
United States,Wartburg,SEA,USWTU
United States,Washington,SEA,USKJH
United States,Washington,SEA,USWAB
United States,Washington Terrace,SEA,USW9A
United States,Water Valley,SEA,USWVA
United States,Waterproof,SEA,USWPF
United States,Waterville,SEA,US999
United States,Waukegan,SEA,USUGN
United States,Wauna Range,SEA,USWQU
United States,Waupaca,SEA,USWUP
United States,Waverly Hall,SEA,USZAL
United States,Wayzata,SEA,USYWZ
United States,Webb City,SEA,USXBW
United States,"Webster, Harris",SEA,USAFW
United States,Welcome,SEA,USEOM
United States,Welcome,SEA,USWCO
United States,Wellfleet,SEA,US3OL
United States,Wentworth,SEA,USWNH
United States,West Allis,SEA,USWEQ
United States,West Boylston,SEA,USWBM
United States,West Glocester,SEA,US4WR
United States,West Grove,SEA,USL3Y
United States,West Homestead,SEA,USYWE
United States,West Long Branch,SEA,USWLQ
United States,West Milton,SEA,USJWQ
United States,West Newton,SEA,US3TU
United States,West Point,SEA,USWOT
United States,West Portsmouth,SEA,USWR3
United States,West Reading,SEA,USZDG
United States,West Rutland,SEA,USXTR
United States,West Sayville,SEA,USYLY
United States,West Yarmouth,SEA,USWMU
United States,Westampton,SEA,USWEP
United States,Weston,SEA,USWY7
United States,Westover,SEA,USZXQ
United States,Westport,SEA,USWPT
United States,Westwood,SEA,US3DC
United States,Weyauwega,SEA,USWWI
United States,Weybridge,SEA,USU3V
United States,Whately,SEA,USYWH
United States,Whitakers,SEA,USWKT
United States,White Lake,SEA,USXWE
United States,White Pine,SEA,USZTP
United States,Whitestown,SEA,USXWT
United States,Whitman,SEA,USWQA
United States,Wicker Park,SEA,USWCP
United States,Wilcox,SEA,USYWI
United States,Wilder,SEA,USVTD
United States,Willacoochee,SEA,USYWA
United States,Williams,SEA,USIIW
United States,Williamston,SEA,USIIM
United States,Willimantic,SEA,USQWL
United States,Willow Park,SEA,USW26
United States,Wilma,SEA,USWMA
United States,Wilmington,SEA,USWTN
United States,Wilmington,SEA,USILM
United States,Windham,SEA,USWMJ
United States,Windsor,SEA,USQZJ
United States,Wingate,SEA,USWGX
United States,Winnetka,SEA,USZTK
United States,Winona,SEA,USONA
United States,Winsted,SEA,USWNS
United States,Winter Springs,SEA,USZIW
United States,Wintersville,SEA,USWQZ
United States,Wisconsin Dells,SEA,USWNF
United States,Wolcott,SEA,USXWO
United States,Wolcottville,SEA,USTIE
United States,Wolfeboro,SEA,USWFB
United States,Woodacre,SEA,US8DC
United States,Woodbury,SEA,US8TT
United States,Woodfin,SEA,USUO4
United States,Woodgate,SEA,USWO7
United States,Woodmere,SEA,US8XC
United States,Woodmere,SEA,US8XD
United States,Woodside,SEA,USWDZ
United States,Woodsville,SEA,USWOV
United States,Woolrich,SEA,USYWR
United States,Wrightstown,SEA,USWXS
United States,Wurtland,SEA,USWUR
United States,Wyatt,SEA,USXYT
United States,Wyckoff,SEA,USZWK
United States,Wynnewood,SEA,USQWW
United States,Yazoo City,SEA,USYAZ
United States,Yoke Bay,SEA,USYOK
United States,York Beach,SEA,USYKB
United States,York Harbor,SEA,USZYH
United States,Youngstown,SEA,USYTW
United States,Zamora,SEA,US8PR
United States,Zirconia,SEA,USZR9
United States,Zumbrota,SEA,USZUM
United States,Port of Chicago,SEA,USCHI
United States,Port of Norfolk,SEA,USORF
United States,Port of Los Angeles,SEA,USLAX
United States,Port of Savannah,SEA,USSAV
United States,Port of Oakland,SEA,USOAK
United States,Port of Miami,SEA,USMIA
United States,Port of Memphis,SEA,USMEM
United States,Albany,SEA,USALB
United States,Anchorage,SEA,USANC
United States,Abbottstown,SEA,USAQW
United States,Boston,SEA,USBOS
United States,Beaumont,SEA,USBPT
United States,Camden,SEA,USCDE
United States,Charleston,SEA,USCHS
United States,Chester,SEA,USCHT
United States,Carpinteria,SEA,USCPT
United States,Corpus Christi,SEA,USCRP
United States,Charleston,SEA,USCRW
United States,Cincinnati,SEA,USCVG
United States,Dubuque,SEA,USDBQ
United States,Dill City,SEA,USDCY
United States,Delhi,SEA,USDIJ
United States,Old Rock Hill,SEA,USDKH
United States,Des Moines,SEA,USDSM
United States,Delta,SEA,USDTC
United States,Dutch Harbor,SEA,USDUT
United States,Downsville,SEA,USDWQ
United States,Mechanic Falls,SEA,USEAZ
United States,East Chicago,SEA,USECH
United States,Etiwanda,SEA,USEFS
United States,Effingham,SEA,USEGH
United States,Madeira Beach,SEA,USEIF
United States,Macks Creek,SEA,USEJK
United States,Kenosha,SEA,USENW
United States,Elwood,SEA,USEQW
United States,Erie,SEA,USERI
United States,Port Elizabeth,SEA,USEZX
United States,Fall River,SEA,USFAV
United States,Fairfield,SEA,USFDF
United States,Farmingville,SEA,USFGQ
United States,Fairfield,SEA,USFGX
United States,Freeport,SEA,USFPO
United States,Forest Park,SEA,USFTA
United States,Fairview Park,SEA,USFVP
United States,Georgetown,SEA,USGGE
United States,Glen Ridge,SEA,USGJQ
United States,Gloucester City,SEA,USGLC
United States,Galveston,SEA,USGLS
United States,Goshen,SEA,USGOH
United States,Gulfport,SEA,USGPT
United States,Grosse Point Woods,SEA,USGPW
United States,Gasport,SEA,USGSQ
United States,Gulfmex Lightering Area,SEA,USGUM
United States,Gold River,SEA,USGXR
United States,Witchita,SEA,USHCJ
United States,Hidalgo,SEA,USHID
United States,Harbor Island,SEA,USHJS
United States,"Hickory Grove, York",SEA,USHKG
United States,Ingleside,SEA,USIEG
United States,Wilmington,SEA,USILG
United States,International Falls,SEA,USINL
United States,Hilo,SEA,USITO
United States,Jackman,SEA,USJAM
United States,Jacksonville,SEA,USJAX
United States,Berkeley,SEA,USJBK
United States,Warrensburg,SEA,USJCQ
United States,Jacinto City,SEA,USJCX
United States,Jefferson,SEA,USJFZ
United States,Saint Marys,SEA,USJIO
United States,Meadows of Dan,SEA,USJJQ
United States,Land O'Lakes,SEA,USKAJ
United States,Miami River,SEA,USKKV
United States,Los Alamitos,SEA,USLAT
United States,Lake Charles,SEA,USLCH
United States,Minneapolis,SEA,USMES
United States,Manhattan/New York,SEA,USMNH
United States,Mobile,SEA,USMOB
United States,Morehead City,SEA,USMRH
United States,Morristown,SEA,USMRT
United States,New Orleans,SEA,USMSY
United States,Manitowoc,SEA,USMTW
United States,North Dartmouth,SEA,USNDB
United States,Destrehan,SEA,USNEW
United States,Nelsonia,SEA,USNOQ
United States,New London,SEA,USNQV
United States,North Charleston,SEA,USNTS
United States,Newington,SEA,USNWZ
United States,Ocean View,SEA,USOCX
United States,Omaha,SEA,USOMA
United States,South Ozone Park,SEA,USOZN
United States,Everett,SEA,USPAE
United States,Perth Amboy,SEA,USPAY
United States,Portland,SEA,USPDX
United States,Port Everglades,SEA,USPEF
United States,Panama City,SEA,USPFN
United States,Philadelphia,SEA,USPHL
United States,Port Allen,SEA,USPLL
United States,Port Lavaca,SEA,USPLV
United States,Pensacola,SEA,USPNS
United States,Providence,SEA,USPVD
United States,Portland,SEA,USPWM
United States,Ambrose Channel Light,SEA,USQHH
United States,Lake Park,SEA,USQJC
United States,Port Orchard,SEA,USQOC
United States,Port Arthur,SEA,USQRT
United States,St Clair Shores,SEA,USQSS
United States,Richmond,SEA,USRCH
United States,Roggen,SEA,USRJQ
United States,Ronks,SEA,USROJ
United States,Barboursville,SEA,USRUX
United States,Redwood City,SEA,USRWC
United States,Port Washington,SEA,USRWR
United States,Rockaway Parks,SEA,USRYK
United States,Roslyn Heights,SEA,USRYN
United States,Sabine,SEA,USSAB
United States,Seattle,SEA,USSEA
United States,San Francisco,SEA,USSFO
United States,Springfield,SEA,USSFY
United States,San Jose,SEA,USSJC
United States,Salem,SEA,USSLM
United States,Saint Rose,SEA,USSRE
United States,Brunswick,SEA,USSSI
United States,Saint Paul,SEA,USSTP
United States,Port Sulphur,SEA,USSUL
United States,San Mateo,SEA,USSXF
United States,Alta Loma,SEA,USTAJ
United States,Point Barrow,SEA,USTBW
United States,Tubac,SEA,USTBZ
United States,Tacoma,SEA,USTIW
United States,Brilliant,SEA,USTJB
United States,Platte,SEA,USTJJ
United States,Hilton,SEA,USTLQ
United States,Low Moor,SEA,USTOZ
United States,Tampa,SEA,USTPA
United States,Tionesta,SEA,USTQT
United States,Mauston,SEA,USTSX
United States,Gertrude Cove,SEA,USTUV
United States,Urbancrest,SEA,USUCR
United States,Valdez,SEA,USVDZ
United States,Viola,SEA,USVIX
United States,Nashville,SEA,USVQV
United States,Claves,SEA,USVXJ
United States,"Winnebago, Faribault",SEA,USWGB
United States,Wilkes Barre,SEA,USWKB
United States,Whitmore Lake,SEA,USWMP
United States,Winooski,SEA,USWNK
United States,Wills Point,SEA,USWPB
United States,Winterthur,SEA,USWRP
United States,Williamsburg,SEA,USWUS
United States,White Oak,SEA,USWXB
United States,Wayzata,SEA,USWYZ
United States,Clallam Bay,SEA,USXMY
United States,Willianstown,SEA,USXZW
United States,Winneconne,SEA,USYEC
United States,Keyes,SEA,USYEJ
United States,Saint Marys,SEA,USYNM
United States,Chelsea,SEA,USYSC
United States,Winchester,SEA,USYST
United States,Bartow,SEA,USYTJ
United States,Naples,SEA,USYUD
United States,Cypress Bend,SEA,USYXB
United States,Tarpon Springs,SEA,USZKL
United States,Breezewood,SEA,USZWB
Saint Vincent and the Grenadines,Campden Park,SEA,VCCRP
Saint Vincent and the Grenadines,Kingstown,SEA,VCKTN
Saint Vincent and the Grenadines,"Port Elizabeth, Bequia",SEA,VCBQU
Saint Vincent and the Grenadines,Canouan Island,SEA,VCCAN
Saint Vincent and the Grenadines,Georgetown,SEA,VCGRG
Saint Vincent and the Grenadines,Saint Vincent,SEA,VCSVD
"Virgin Islands, U.S.","Christiansted, Saint Croix",SEA,VICTD
"Virgin Islands, U.S.","Cruz Bay, Saint John",SEA,VICZB
"Virgin Islands, U.S.",Saint Thomas,SEA,VISTT
"Virgin Islands, U.S.","Charlotte Amalie, Saint Thomas",SEA,VICHA
"Virgin Islands, U.S.",Limetree Bay,SEA,VILIB
Grenada,Saint George's,SEA,GDSTG
Turks and Caicos Islands,Grand Turk Island,SEA,TCGDT
Turks and Caicos Islands,North Caicos,SEA,TCNCA
Turks and Caicos Islands,Providenciales,SEA,TCPLS
Turks and Caicos Islands,South Caicos,SEA,TCXSC
"Virgin Islands, British",Jost Van Dyke,SEA,VGJVD
"Virgin Islands, British",Norman Island,SEA,VGNIS
"Virgin Islands, British",Port Purcell,SEA,VGPUR
"Virgin Islands, British","Road Town, Tortola",SEA,VGRAD
"Virgin Islands, British",Sopers Hole,SEA,VGSHO
"Virgin Islands, British",Tortola,SEA,VGTOV
Albania,Sarande,SEA,ALSAR
Albania,Shengjin,SEA,ALSHG
Albania,Vlore,SEA,ALVOA
Albania,Butrint,SEA,ALBUT
Albania,Durres,SEA,ALDRZ
Albania,Himare,SEA,ALHMR
Austria,Altenworth,SEA,ATAWH
Austria,Asten,SEA,ATATN
Austria,Bernhardsthal,SEA,ATSXA
Austria,Bischofshofen,SEA,ATBFS
Austria,Bohlerwenk,SEA,ATBOE
Austria,Bregenz,SEA,ATBRZ
Austria,Deutsch Wagram,SEA,ATDWA
Austria,Deutschkreutz,SEA,ATDKZ
Austria,Dobermannsdorf,SEA,ATERR
Austria,Donnerskirchen,SEA,ATNNN
Austria,Dross,SEA,ATDRO
Austria,Durnstein,SEA,ATDUE
Austria,Ebreichsdorf,SEA,ATEBR
Austria,Eibiswald,SEA,ATEWD
Austria,Engabrunn,SEA,ATBRI
Austria,Engelmannsbrunn,SEA,ATERO
Austria,Engerwitzdorf,SEA,ATDFC
Austria,Erl,SEA,ATERL
Austria,Erpersdorf,SEA,ATEPD
Austria,Faistenau,SEA,ATFSU
Austria,Falkenstein,SEA,ATLKN
Austria,Fehring,SEA,ATFHR
Austria,Fulpmes,SEA,ATFPS
Austria,Gamlitz,SEA,ATGA6
Austria,Gmunden,SEA,ATGDN
Austria,Greifenstein,SEA,ATGFS
Austria,Grein,SEA,ATGRN
Austria,Gross-Schweinbarth,SEA,ATSWH
Austria,Gutenstein,SEA,ATGSN
Austria,Hadersdorf,SEA,ATDOF
Austria,Hadersdorf-Kammern,SEA,ATHKM
Austria,Hainfeld,SEA,ATLTX
Austria,Haugsdorf,SEA,ATGHH
Austria,Hausleiten,SEA,ATITN
Austria,Hausmannstatten,SEA,ATTEN
Austria,Hobersbrunn,SEA,ATBNN
Austria,Hoflein,SEA,ATEIN
Austria,Inzersdorf an der Traisen,SEA,ATZIN
Austria,Japons,SEA,ATJPS
Austria,Jetzelsdorf,SEA,ATZLF
Austria,Judendorf,SEA,ATJDD
Austria,Kammern im Liesingtal,SEA,ATKAM
Austria,Kematen in Tirol,SEA,ATKTT
Austria,Ketzelsdorf,SEA,ATZRF
Austria,Knittelfeld,SEA,ATKFD
Austria,Krummnussbaum,SEA,ATKMB
Austria,Krustetten,SEA,ATGHJ
Austria,Langenzersdorf,SEA,ATLZD
Austria,Lembach,SEA,ATLUA
Austria,Leutschach,SEA,ATLTS
Austria,Limberg,SEA,ATIEG
Austria,Manning,SEA,ATMAN
Austria,Marbach an der Donau,SEA,ATMAB
Austria,Markt Allhau,SEA,ATMKA
Austria,Mitterkirchen,SEA,ATMKC
Austria,Morbisch am See,SEA,ATMBS
Austria,Muthmannsdorf,SEA,ATNT9
Austria,Neudegg,SEA,ATNGG
Austria,Neufelden,SEA,ATNFN
Austria,Neuhofen an der Ybbs,SEA,ATNAD
Austria,Nickelsdorf,SEA,ATND2
Austria,Nuziders,SEA,ATNUZ
Austria,Oehling,SEA,ATXAE
Austria,Oggau,SEA,ATGGU
Austria,Ottensheim,SEA,ATOSH
Austria,Persenbeug,SEA,ATPBU
Austria,Petzenkirchen,SEA,ATPET
Austria,Podersdorf am See,SEA,ATPAS
Austria,Prinzersdorf,SEA,AT7PZ
Austria,Radstadt,SEA,ATRAD
Austria,Ranshofen,SEA,ATRHN
Austria,Rietz,SEA,ATETZ
Austria,Rohrau,SEA,ATRHR
Austria,Ruhrsdorf,SEA,ATRRF
Austria,Sankt Aegidi,SEA,ATSAK
Austria,Sankt Georgen bei Salzburg,SEA,ATSGS
Austria,Sankt Margarethen an der Raab,SEA,ATSMR
Austria,Sankt Stefan ob Stainz,SEA,ATFBZ
Austria,Sankt Ulrich,SEA,ATSUH
Austria,Sankt Veit im Muhlkreis,SEA,ATSVM
Austria,Schonau im Muhlkreis,SEA,ATSMK
Austria,Schrattenthal,SEA,ATTTL
Austria,Schutzen am Gebirge,SEA,ATSAG
Austria,Senftenberg,SEA,ATSFT
Austria,Spannberg,SEA,ATSPG
Austria,Spitz,SEA,ATSPZ
Austria,Steeg,SEA,ATSTD
Austria,Steinberg,SEA,ATSSS
Austria,Steinhaus,SEA,ATSUS
Austria,Straden,SEA,ATST6
Austria,Tamsweg,SEA,ATTAM
Austria,Taufkirchen an der Pram,SEA,ATTKP
Austria,Terfens,SEA,ATTFS
Austria,Theiss,SEA,ATTHS
Austria,Traismauer,SEA,ATTMR
Austria,Velden,SEA,ATVEL
Austria,Vordernberg,SEA,ATERM
Austria,Wallsee,SEA,ATWSE
Austria,Weinburg,SEA,ATWEU
Austria,Weitendorf,SEA,ATWDF
Austria,Wulkaprodersdorf,SEA,ATWUL
Austria,Zobing,SEA,ATZNG
Austria,Ebbs,SEA,ATBBS
Austria,Drasenhofen,SEA,ATDRA
Austria,Freudenau,SEA,ATFNA
Austria,Oberneukirchen,SEA,ATOBU
Austria,Schorfling,SEA,ATORC
Austria,Regau,SEA,ATREG
Austria,Gallbrunn,SEA,ATRTV
Ã…land Islands,Maarianhamina (Mariehamn),SEA,AXMHQ
Bosnia and Herzegovina,Cazin,SEA,BA4CA
Bosnia and Herzegovina,Domaljevac,SEA,BADOJ
Bosnia and Herzegovina,Fojnica,SEA,BAFOJ
Bosnia and Herzegovina,Jablanica,SEA,BAJBA
Bosnia and Herzegovina,Maglaj,SEA,BAMAG
Bosnia and Herzegovina,Neum,SEA,BANEM
Bosnia and Herzegovina,Sanski Most,SEA,BASMT
Bosnia and Herzegovina,Vogosca,SEA,BAVGS
Bosnia and Herzegovina,Zvornik,SEA,BAZNK
Belgium,Andenne,SEA,BEAND
Belgium,Antwerpen,SEA,BEANR
Belgium,Appelterre-Eichem,SEA,BEAPT
Belgium,Astene,SEA,BEAST
Belgium,Athis,SEA,BE7PD
Belgium,Awirs,SEA,BEW5R
Belgium,Baasrode,SEA,BEBSR
Belgium,Baillonville,SEA,BEBAI
Belgium,Balgerhoek,SEA,BEBGK
Belgium,Berchem,SEA,BEBCM
Belgium,Blaregnies,SEA,BEWHT
Belgium,Boortmeerbeek,SEA,BEBMB
Belgium,Bougnies,SEA,BEBO2
Belgium,Brussel (Bruxelles),SEA,BEBRU
Belgium,Charleroi,SEA,BECRL
Belgium,Chertal,SEA,BECTA
Belgium,Courcelles,SEA,BECCS
Belgium,Daknam,SEA,BEDKN
Belgium,Denderbelle,SEA,BEDNB
Belgium,Drongen,SEA,BEDGN
Belgium,Eben-Emael,SEA,BE9IR
Belgium,Eke,SEA,BEEQE
Belgium,Eksaarde,SEA,BEEKS
Belgium,Ename,SEA,BEEAM
Belgium,Estaimpuis,SEA,BEEMP
Belgium,Ethe,SEA,BEEET
Belgium,Franiere,SEA,BEFNR
Belgium,Gavere,SEA,BEGVR
Belgium,Geel,SEA,BEGEL
Belgium,Genenbos,SEA,BEGBH
Belgium,Gent (Ghent),SEA,BEGNE
Belgium,Geraardsbergen,SEA,BEGEA
Belgium,Haccourt,SEA,BEHCT
Belgium,Halluin,SEA,BEHLU
Belgium,Hamme,SEA,BEHMM
Belgium,Ham-sur-Sambre,SEA,BEHMB
Belgium,Handzame,SEA,BEHNA
Belgium,Haren,SEA,BEHAR
Belgium,Herent,SEA,BEHET
Belgium,Houx,SEA,BEHUX
Belgium,Huy,SEA,BEHUY
Belgium,Jambes,SEA,BEJAM
Belgium,Jupille-sur-Meuse,SEA,BEJAK
Belgium,Kachtem,SEA,BEKCT
Belgium,Kaulille,SEA,BEKLE
Belgium,Kortrijk,SEA,BEKJK
Belgium,Kuringen,SEA,BEKRN
Belgium,Kwaadmechelen,SEA,BEKWA
Belgium,Ladeuze,SEA,BELUZ
Belgium,Landegem,SEA,BELGM
Belgium,Lanquesaint,SEA,BELQA
Belgium,Lauwe,SEA,BELAW
Belgium,Liege,SEA,BELGG
Belgium,Lobbes,SEA,BELBS
Belgium,Lokeren,SEA,BELOK
Belgium,Lustin,SEA,BELUI
Belgium,Maransart,SEA,BEWBR
Belgium,Marche-les-Dames,SEA,BEMLD
Belgium,Maubray,SEA,BEMBY
Belgium,Meigem,SEA,BEMGM
Belgium,Meilegem,SEA,BEMEG
Belgium,Melsen,SEA,BEELS
Belgium,Mespelare,SEA,BEMSP
Belgium,Moerbrugge,SEA,BEMRB
Belgium,Moerzeke,SEA,BEMZK
Belgium,Moignelee,SEA,BEMGN
Belgium,Mol,SEA,BEMLO
Belgium,Mons,SEA,BEMQS
Belgium,Mornimont,SEA,BEMRO
Belgium,Muizen,SEA,BEMUI
Belgium,Nameche,SEA,BENMC
Belgium,Neerharen,SEA,BENHA
Belgium,Neffe,SEA,BENFE
Belgium,Neuville-sous-Huy,SEA,BENHY
Belgium,Ninove,SEA,BENNV
Belgium,Oeselgem,SEA,BEOSG
Belgium,Okegem,SEA,BEOKG
Belgium,Onkerzele,SEA,BEOZL
Belgium,Ooigem,SEA,BEOOG
Belgium,Oostende (Ostend),SEA,BEOST
Belgium,Oosterlo,SEA,BEOTL
Belgium,Oostkamp,SEA,BEOKP
Belgium,Oostkerke,SEA,BEOTK
Belgium,Opitter,SEA,BEOPI
Belgium,Orroir,SEA,BEORR
Belgium,Overpelt,SEA,BEOVE
Belgium,Pamel,SEA,BEPML
Belgium,Peronnes,SEA,BEPES
Belgium,Pollinkhove,SEA,BEPKH
Belgium,Pont-a-Celles,SEA,BEPCL
Belgium,Richelle,SEA,BERCL
Belgium,Riviere,SEA,BERVE
Belgium,Rocourt,SEA,BERJT
Belgium,Ronquieres,SEA,BERQS
Belgium,Roselies,SEA,BEROS
Belgium,Rupelmonde,SEA,BERPM
Belgium,Samson,SEA,BESSO
Belgium,Sas-Slijkens,SEA,BESLJ
Belgium,Schelderode,SEA,BESHR
Belgium,Sint-Jacobs-Kapelle,SEA,BEJKP
Belgium,Solre-sur-Sambre,SEA,BESSB
Belgium,Stasegem,SEA,BESGM
Belgium,Statte,SEA,BESTT
Belgium,Teralfene,SEA,BETFN
Belgium,Thorntonbank,SEA,BETOB
Belgium,Tilleur,SEA,BETLR
Belgium,Tisselt,SEA,BETIS
Belgium,Val Saint-Lambert,SEA,BEVSB
Belgium,Vaulx,SEA,BEVLX
Belgium,Vezin,SEA,BEVZI
Belgium,Viesville,SEA,BEVVI
Belgium,Waardamme,SEA,BEWDM
Belgium,Walem,SEA,BEWLM
Belgium,Warcoing,SEA,BEWCG
Belgium,Willebroek,SEA,BEWLB
Belgium,Wulpen,SEA,BEWLP
Belgium,Zandvoorde,SEA,BEZVD
Belgium,Zeebrugge,SEA,BEZEE
Belgium,Zelzate,SEA,BEZEL
Belgium,Zemst,SEA,BEZET
Belgium,Aalst,SEA,BEAAB
Belgium,Aalter,SEA,BEAAL
Belgium,Adinkerke,SEA,BEADK
Belgium,Arendonk,SEA,BEAEJ
Belgium,Afsnee,SEA,BEAFN
Belgium,Argenteau,SEA,BEAGT
Belgium,Antheit,SEA,BEAHE
Belgium,Amay,SEA,BEAMY
Belgium,Angleur,SEA,BEANB
Belgium,Anhee,SEA,BEANH
Belgium,Appels,SEA,BEAPL
Belgium,Ampsin,SEA,BEAPS
Belgium,Asper,SEA,BEASP
Belgium,Anseremme,SEA,BEASR
Belgium,Ath,SEA,BEATH
Belgium,Antoing,SEA,BEATO
Belgium,Annevoie,SEA,BEAVE
Belgium,Avelgem,SEA,BEAVL
Belgium,Auvelais,SEA,BEAVS
Belgium,Ben-Ahin,SEA,BEBAN
Belgium,Battel,SEA,BEBAT
Belgium,Bazel,SEA,BEBAZ
Belgium,Blankenberge,SEA,BEBBG
Belgium,Bellecourt,SEA,BEBCR
Belgium,Baudour,SEA,BEBDU
Belgium,Beerse,SEA,BEBER
Belgium,Briegden,SEA,BEBGN
Belgium,Brugge (Bruges),SEA,BEBGS
Belgium,Boekhoute,SEA,BEBHE
Belgium,Bleharies,SEA,BEBHR
Belgium,Buggenhout,SEA,BEBHU
Belgium,Balen,SEA,BEBLE
Belgium,Beloeil,SEA,BEBLO
Belgium,Blaton,SEA,BEBLT
Belgium,Berneau,SEA,BEBNU
Belgium,Bas-Oha,SEA,BEBOA
Belgium,Bocholt,SEA,BEBOC
Belgium,Boom,SEA,BEBOM
Belgium,Bornem,SEA,BEBON
Belgium,Boorsem,SEA,BEBOO
Belgium,Bree,SEA,BEBRE
Belgium,Beernem,SEA,BEBRM
Belgium,Berendrecht,SEA,BEBRT
Belgium,Bruyelle,SEA,BEBRY
Belgium,Bissegem,SEA,BEBSE
Belgium,Labuissiere,SEA,BEBSI
Belgium,Bossuit,SEA,BEBSU
Belgium,Bertrix,SEA,BEBTX
Belgium,Burcht,SEA,BEBUD
Belgium,Bever,SEA,BEBVE
Belgium,Bouvignes-sur-Meuse,SEA,BEBVM
Belgium,Beverlo,SEA,BEBVO
Belgium,Warneton,SEA,BEBWN
Belgium,Clabecq,SEA,BECBQ
Belgium,Calonne,SEA,BECLN
Belgium,Comines,SEA,BECMS
Belgium,Comines,SEA,BECOM
Belgium,Couillet,SEA,BECOU
Belgium,Cheratte,SEA,BECRA
Belgium,Chercq,SEA,BECRQ
Belgium,Chatelineau,SEA,BECTL
Belgium,Dendermonde,SEA,BEDDR
Belgium,Deurne,SEA,BEDEG
Belgium,Doel,SEA,BEDEL
Belgium,Deinze,SEA,BEDEZ
Belgium,Dinant,SEA,BEDIA
Belgium,Diksmuide,SEA,BEDIK
Belgium,Dilsen,SEA,BEDLS
Belgium,De Pinte,SEA,BEDPE
Belgium,Diepenbeek,SEA,BEDPK
Belgium,Dampremy,SEA,BEDPY
Belgium,Denderleeuw,SEA,BEDRW
Belgium,Dessel,SEA,BEDSE
Belgium,Desselgem,SEA,BEDSL
Belgium,Duffel,SEA,BEDUF
Belgium,Deux-Acren,SEA,BEDXN
Belgium,Emblem,SEA,BEEBM
Belgium,Eigenbilzen,SEA,BEEBZ
Belgium,Mechelen,SEA,BEECH
Belgium,Eeklo,SEA,BEEEK
Belgium,Escanaffles,SEA,BEEFS
Belgium,Eindhout,SEA,BEEHT
Belgium,Eine,SEA,BEEIN
Belgium,Ekeren,SEA,BEEKE
Belgium,Engis,SEA,BEENG
Belgium,Esquelmes,SEA,BEEQM
Belgium,Ertvelde,SEA,BEERE
Belgium,Eisden,SEA,BEESD
Belgium,Evergem,SEA,BEEVM
Belgium,Farciennes,SEA,BEFCS
Belgium,Feluy,SEA,BEFEY
Belgium,Floriffoux,SEA,BEFFX
Belgium,Flone,SEA,BEFLN
Belgium,Floreffe,SEA,BEFLO
Belgium,Flemalle,SEA,BEFMA
Belgium,Fontaine-Valmont,SEA,BEFVT
Belgium,Flawinne,SEA,BEFWI
Belgium,Grobbendonk,SEA,BEGBB
Belgium,Gentbrugge,SEA,BEGBU
Belgium,Godsheide,SEA,BEGDE
Belgium,Godinne,SEA,BEGDN
Belgium,Grembergen,SEA,BEGGM
Belgium,Saint-Ghislain,SEA,BEGHI
Belgium,Ghlin,SEA,BEGHL
Belgium,Gellik,SEA,BEGLK
Belgium,Genk,SEA,BEGNK
Belgium,Gosselies,SEA,BEGOS
Belgium,Grimbergen,SEA,BEGRB
Belgium,Groot Bijgaarden,SEA,BEGRO
Belgium,Hamsehoeven,SEA,BEHAM
Belgium,Hansbeke,SEA,BEHBE
Belgium,Hoboken,SEA,BEHBN
Belgium,Harchies,SEA,BEHCS
Belgium,Heindonk,SEA,BEHDK
Belgium,Harelbeke,SEA,BEHEJ
Belgium,Herentals,SEA,BEHER
Belgium,Hemiksem,SEA,BEHEX
Belgium,Halle,SEA,BEHFB
Belgium,Houdeng-Aimeries,SEA,BEHGA
Belgium,Houdeng-Goegnies,SEA,BEHGG
Belgium,Helkijn,SEA,BEHKN
Belgium,Hermalle-sous-Huy,SEA,BEHMH
Belgium,Hensies,SEA,BEHNS
Belgium,Hollain,SEA,BEHOL
Belgium,Hastiere-par-dela,SEA,BEHPD
Belgium,Havre,SEA,BEHRE
Belgium,Hourpes,SEA,BEHRP
Belgium,Herstal,SEA,BEHRS
Belgium,Hofstade,SEA,BEHSD
Belgium,Sint-Huibrechts-Lille,SEA,BEHSL
Belgium,Hasselt,SEA,BEHSS
Belgium,Hautrage,SEA,BEHTJ
Belgium,Humbeek,SEA,BEHUM
Belgium,Hever,SEA,BEHVE
Belgium,Herdersem,SEA,BEHYB
Belgium,Ingelmunster,SEA,BEIGE
Belgium,Isieres,SEA,BEISR
Belgium,Itter (Ittre),SEA,BEITR
Belgium,Izegem,SEA,BEIZG
Belgium,Java,SEA,BEJAV
Belgium,Jemeppe-sur-Sambre,SEA,BEJPS
Belgium,Kain,SEA,BEKAI
Belgium,Canne (Kanne),SEA,BEKAN
Belgium,Kieldrecht,SEA,BEKDE
Belgium,Kruibeke,SEA,BEKEK
Belgium,Kerkhove,SEA,BEKHN
Belgium,Kampenhout,SEA,BEKMH
Belgium,Knesselaere,SEA,BEKNS
Belgium,Kallo,SEA,BEKOU
Belgium,Kapelle-op-den-Bos,SEA,BEKPB
Belgium,Kinrooi,SEA,BEKRO
Belgium,Kessenich,SEA,BEKSN
Belgium,Kluisbergen,SEA,BEKSR
Belgium,Kuurne,SEA,BEKUU
Belgium,Klein Veerle,SEA,BEKVE
Belgium,Lanaken,SEA,BELAN
Belgium,Lembeek,SEA,BELBE
Belgium,Landelies,SEA,BELDS
Belgium,Lessines,SEA,BELES
Belgium,Leuven,SEA,BELEU
Belgium,Leffinge,SEA,BELFE
Belgium,Langerbrugge,SEA,BELGB
Belgium,Langerlo,SEA,BELGO
Belgium,Liefkenshoek,SEA,BELHK
Belgium,Lier,SEA,BELIE
Belgium,Lillo,SEA,BELIL
Belgium,Lixhe,SEA,BELIX
Belgium,Lommel,SEA,BELML
Belgium,Lanklaar,SEA,BELNK
Belgium,Lanaye (Ternaaien),SEA,BELNY
Belgium,Lot,SEA,BELOT
Belgium,Lozen,SEA,BELOZ
Belgium,Leopoldsburg,SEA,BELPG
Belgium,Laplaigne,SEA,BELPI
Belgium,Ledeberg,SEA,BELRG
Belgium,Lummen,SEA,BELUM
Belgium,Manage,SEA,BEMAN
Belgium,Marchienne-au-Pont,SEA,BEMAP
Belgium,Meer,SEA,BEMEE
Belgium,Meerhout,SEA,BEMEH
Belgium,Melle,SEA,BEMEL
Belgium,Menen,SEA,BEMEN
Belgium,Moerbeke-Waas,SEA,BEMEW
Belgium,Maffle,SEA,BEMFF
Belgium,Montignies-sur-Sambre,SEA,BEMGS
Belgium,Massenhoven,SEA,BEMHN
Belgium,Marly,SEA,BEMLY
Belgium,Maasmechelen,SEA,BEMMN
Belgium,Moen,SEA,BEMNO
Belgium,Merendree,SEA,BEMRD
Belgium,Maurage,SEA,BEMRG
Belgium,Merksem,SEA,BEMRK
Belgium,Merelbeke,SEA,BEMRL
Belgium,Merkem,SEA,BEMRM
Belgium,Monsin,SEA,BEMSI
Belgium,Molenbeek-Saint-Jean (Sint-Jans-Mol,SEA,BEMSJ
Belgium,Maaseik,SEA,BEMSK
Belgium,Maisieres,SEA,BEMSR
Belgium,Monceau-sur-Sambre,SEA,BEMSS
Belgium,Namur,SEA,BENAM
Belgium,Nimy,SEA,BENBA
Belgium,Nieuwpoort,SEA,BENIE
Belgium,Niel,SEA,BENIL
Belgium,Neerpelt,SEA,BENRP
Belgium,Neeroeteren,SEA,BENRT
Belgium,Renory,SEA,BENRY
Belgium,Neder-Over-Heembeek,SEA,BENVH
Belgium,Nevele,SEA,BENVL
Belgium,Noeveren,SEA,BENVN
Belgium,Nijlen,SEA,BENYL
Belgium,Oudenburg,SEA,BEOBG
Belgium,Obourg,SEA,BEOBR
Belgium,Ombret-Rawsa,SEA,BEOBT
Belgium,Auderghem (Oudergem)/Brussel (Bruxe,SEA,BEODE
Belgium,Oelegem,SEA,BEOEL
Belgium,Oevel,SEA,BEOEV
Belgium,Ollignies,SEA,BEOGS
Belgium,Ophoven,SEA,BEOHN
Belgium,Overboelare,SEA,BEOLE
Belgium,Olen,SEA,BEOLN
Belgium,Oupeye,SEA,BEOPY
Belgium,Oisquercq,SEA,BEOQC
Belgium,Oud-Turnhout,SEA,BEOTH
Belgium,Oudenaarde,SEA,BEOUD
Belgium,Ougree,SEA,BEOUG
Belgium,Paal,SEA,BEPAL
Belgium,Pecq,SEA,BEPCQ
Belgium,Profondeville,SEA,BEPFE
Belgium,Peronnes/Binche,SEA,BEPLB
Belgium,Pont-de-Loup,SEA,BEPLO
Belgium,Petit-Lanaye,SEA,BEPLY
Belgium,Pommeroeul,SEA,BEPME
Belgium,Pijp Tabak,SEA,BEPTP
Belgium,Pottes,SEA,BEPTS
Belgium,Puurs,SEA,BEPUU
Belgium,La Roche-en-Ardenne,SEA,BERAR
Belgium,Roesbrugge,SEA,BERBE
Belgium,Rebaix,SEA,BERBX
Belgium,Ramegnies-Chin,SEA,BERCI
Belgium,Roucourt,SEA,BERCT
Belgium,Rekkem,SEA,BEREK
Belgium,Erquelinnes,SEA,BEREQ
Belgium,Reninge,SEA,BERGE
Belgium,Roesbrugge-Haringe,SEA,BERHA
Belgium,Rieme,SEA,BERIE
Belgium,Rijkevorsel,SEA,BERIJ
Belgium,Beringen,SEA,BERIN
Belgium,Roeselare,SEA,BEROE
Belgium,Le Roeulx,SEA,BEROU
Belgium,Roux,SEA,BEROX
Belgium,Retie,SEA,BERTI
Belgium,Ruien,SEA,BERUE
Belgium,Ruisbroek,SEA,BERUI
Belgium,Rumst,SEA,BERUS
Belgium,Ravels,SEA,BERVS
Belgium,Sint-Andries,SEA,BESAN
Belgium,Sint-Amands,SEA,BESAS
Belgium,Steenbrugge,SEA,BESBE
Belgium,Stambruges,SEA,BESBG
Belgium,Schilde,SEA,BESCE
Belgium,Schoten,SEA,BESCT
Belgium,Steendorp,SEA,BESDP
Belgium,Soudromont,SEA,BESDT
Belgium,Seneffe,SEA,BESEN
Belgium,Seilles,SEA,BESES
Belgium,Sclaigneaux,SEA,BESGX
Belgium,Schellebelle,SEA,BESHB
Belgium,Schelle,SEA,BESHL
Belgium,Sint-Job-in-'t-Goor,SEA,BESJG
Belgium,Sint-Jozef-Olen,SEA,BESJO
Belgium,Sint-Joris,SEA,BESJR
Belgium,Stokrooie,SEA,BESKR
Belgium,Sint-Lenaarts,SEA,BESLN
Belgium,Sclayn,SEA,BESLY
Belgium,Sint-Martens-Latem,SEA,BESML
Belgium,Schoonaarde,SEA,BESNE
Belgium,Scheepsdale,SEA,BESPE
Belgium,Spiere (Espierres),SEA,BESPI
Belgium,Snaaskerke,SEA,BESSK
Belgium,Sclessin,SEA,BESSN
Belgium,Ruisbroek,SEA,BESVG
Belgium,Stevensvennen,SEA,BESVN
Belgium,Tournebride,SEA,BETBE
Belgium,Terdonk,SEA,BETDK
Belgium,Ternat,SEA,BETER
Belgium,Tessenderlo,SEA,BETES
Belgium,Tertre,SEA,BETET
Belgium,Tergnee,SEA,BETGE
Belgium,Tongerlo,SEA,BETGL
Belgium,Terhagen,SEA,BETGN
Belgium,Thieu,SEA,BETHE
Belgium,Tihange,SEA,BETHG
Belgium,Thuin,SEA,BETHU
Belgium,Tielrode,SEA,BETIL
Belgium,Tildonk,SEA,BETLK
Belgium,Tamines,SEA,BETMS
Belgium,Tournai (Doornik),SEA,BETRN
Belgium,Temse,SEA,BETSE
Belgium,Tourinnes-St-Lambert,SEA,BETSL
Belgium,Turnhout,SEA,BETUR
Belgium,Uitbergen,SEA,BEUIT
Belgium,Vaux-sur-Sure,SEA,BEVAU
Belgium,Verbrande Brug,SEA,BEVBG
Belgium,Veurne,SEA,BEVEU
Belgium,Virginal-Samme,SEA,BEVGL
Belgium,Vroenhoven,SEA,BEVHN
Belgium,Vilvoorde,SEA,BEVIL
Belgium,Sankt Vith,SEA,BEVIT
Belgium,Ville-sur-Haine,SEA,BEVSH
Belgium,Viersel,SEA,BEVSL
Belgium,Veldwezelt,SEA,BEVWZ
Belgium,Waasmunster,SEA,BEWAA
Belgium,Wanze,SEA,BEWAN
Belgium,Waregem,SEA,BEWAR
Belgium,Wondelgem,SEA,BEWDG
Belgium,Wingene,SEA,BEWEE
Belgium,Wellen,SEA,BEWEL
Belgium,Wervik,SEA,BEWER
Belgium,Wetteren,SEA,BEWET
Belgium,Wevelgem,SEA,BEWEV
Belgium,Wijgmaal,SEA,BEWGL
Belgium,Wichelen,SEA,BEWIH
Belgium,Wepion,SEA,BEWIP
Belgium,Wiers,SEA,BEWIR
Belgium,Wijnegem,SEA,BEWJG
Belgium,Waulsort,SEA,BEWLT
Belgium,Wandre,SEA,BEWND
Belgium,Wintham,SEA,BEWTH
Belgium,Ivoz-Ramet,SEA,BEYRT
Belgium,Yvoir,SEA,BEYVO
Belgium,Zandbergen,SEA,BEZBR
Belgium,Seraing,SEA,BEZER
Belgium,Zingem,SEA,BEZGM
Belgium,Zele,SEA,BEZLE
Belgium,Zolder,SEA,BEZOD
Belgium,Zomergem,SEA,BEZRM
Belgium,Zutendaal,SEA,BEZTL
Belgium,Zulte,SEA,BEZUL
Belgium,Zuun (Zuen),SEA,BEZUN
Belgium,Zwevegem,SEA,BEZWE
Belgium,Zwijndrecht,SEA,BEZWL
Belgium,Zwijnaarde,SEA,BEZWN
Bulgaria,Akhtopol,SEA,BGAKH
Bulgaria,Balchik,SEA,BGBAL
Bulgaria,Byala Cherkva,SEA,BGVT4
Bulgaria,Byala Slatina,SEA,BGBSL
Bulgaria,Gurkovo,SEA,BGGUR
Bulgaria,Ignatievo,SEA,BG4IG
Bulgaria,Kuklen,SEA,BGKUK
Bulgaria,Marchevo,SEA,BGMAB
Bulgaria,Nessebar,SEA,BGNES
Bulgaria,Nikopol,SEA,BGNPO
Bulgaria,Oryakhovo,SEA,BGOKH
Bulgaria,Ruse,SEA,BGRDU
Bulgaria,Sozopol,SEA,BGSOZ
Bulgaria,Straldzha,SEA,BGS3W
Bulgaria,Port of Varna,SEA,BGVAR
Bulgaria,Port of Burgas,SEA,BGBOJ
Bulgaria,Varna-Zapad,SEA,BGVAZ
Belarus,Kletsk,SEA,BYKLK
Belarus,Kostyukovichi,SEA,BYKYC
Belarus,Pinsk,SEA,BYPIK
Belarus,Rechytsa,SEA,BYRYA
Belarus,Slonim,SEA,BYSNM
Belarus,Vawkavysk,SEA,BYVAW
Switzerland,Aeugst am Albis,SEA,CHXRE
Switzerland,Bad Ragaz,SEA,CHBRZ
Switzerland,Ballwil,SEA,CHBA8
Switzerland,Biberist,SEA,CHBIB
Switzerland,Birrwil,SEA,CHBIR
Switzerland,Blonay,SEA,CHBLY
Switzerland,Bretigny-sur-Morrens,SEA,CHBSM
Switzerland,Brunnen,SEA,CHBRU
Switzerland,Brutten,SEA,CHBTT
Switzerland,Bursinel,SEA,CHBUR
Switzerland,Cham,SEA,CHHHM
Switzerland,Chevenez,SEA,CHCHE
Switzerland,Choindez,SEA,CHN66
Switzerland,Collonge-Bellerive,SEA,CHCBL
Switzerland,Coppet,SEA,CHCOP
Switzerland,Couvet,SEA,CHCVT
Switzerland,Dottingen,SEA,CHDOT
Switzerland,Epesses,SEA,CHEPS
Switzerland,Erlenbach,SEA,CHERB
Switzerland,Feldmeilen,SEA,CHFEM
Switzerland,Flasch,SEA,CHFLA
Switzerland,Gorgier,SEA,CHGRG
Switzerland,Guttingen,SEA,CHGTT
Switzerland,Hauterive,SEA,CHHTE
Switzerland,Herrliberg,SEA,CHHBG
Switzerland,Ibach,SEA,CHXZX
Switzerland,Klingnau,SEA,CHRGU
Switzerland,Kollbrunn,SEA,CHK3L
Switzerland,Koppigen,SEA,CHKPP
Switzerland,Lancy,SEA,CHGEL
Switzerland,Le Landeron,SEA,CHLDO
Switzerland,Le Lieu,SEA,CHLLU
Switzerland,Maur,SEA,CHMAU
Switzerland,Meilen,SEA,CHMLN
Switzerland,Meisterschwanden,SEA,CHMWA
Switzerland,Miege,SEA,CHMIG
Switzerland,Nafels,SEA,CHNEF
Switzerland,Niederbipp,SEA,CHNDB
Switzerland,Oberried am Brienzersee,SEA,CHODB
Switzerland,Porto Ronco,SEA,CHPOR
Switzerland,Raron,SEA,CHRRN
Switzerland,Reichenbach,SEA,CHRNB
Switzerland,Rougemont,SEA,CHRGT
Switzerland,Saint-Aubin-Sauges,SEA,CHSAS
Switzerland,Saint-Sulpice,SEA,CHSSV
Switzerland,Salenstein,SEA,CHTTG
Switzerland,Schenkon,SEA,CHSEN
Switzerland,Schmerikon,SEA,CHSMK
Switzerland,Stansstad,SEA,CHSTA
Switzerland,Steinhausen,SEA,CHSTI
Switzerland,Twann,SEA,CHTAN
Switzerland,Uetikon am See,SEA,CHUKS
Switzerland,Utzenstorf,SEA,CHTZE
Switzerland,Versoix,SEA,CHVSX
Switzerland,Villaz-Saint-Pierre,SEA,CHVS5
Switzerland,Vitznau,SEA,CHVZU
Switzerland,Walchwil,SEA,CHWCW
Switzerland,Wurenlos,SEA,CHWLO
Switzerland,Chesieres,SEA,CHCHS
Switzerland,Epalinges,SEA,CHDSF
Switzerland,Mannedorf,SEA,CHMDF
Switzerland,Meisterschwanden,SEA,CHMSC
Switzerland,Vaumarcus,SEA,CHVAU
Czechia,Bartosovice,SEA,CZBAR
Czechia,Bilina,SEA,CZBLN
Czechia,Cervena Voda,SEA,CZC7V
Czechia,Ceska Ves,SEA,CZCEV
Czechia,Chocen,SEA,CZCCN
Czechia,Chrastava,SEA,CZCUL
Czechia,Chudobin,SEA,CZCHU
Czechia,Decin,SEA,CZDCB
Czechia,Dehtary,SEA,CZSKJ
Czechia,Divisov,SEA,CZDIV
Czechia,Dobris,SEA,CZDRS
Czechia,Dobromerice,SEA,CZDRO
Czechia,Dobroviz,SEA,CZDDD
Czechia,Dolni Benesov,SEA,CZDOB
Czechia,Dolni Berkovice,SEA,CZBBE
Czechia,Dolni Jircany,SEA,CZSK5
Czechia,Dolni Lhota,SEA,CZDOL
Czechia,Drnholec,SEA,CZDRN
Czechia,Drzkov,SEA,CZDKV
Czechia,Hradek,SEA,CZDEK
Czechia,Hradesin,SEA,CZHRN
Czechia,Hrusky/Breclav,SEA,CZHRU
Czechia,Jablonne nad Orlici,SEA,CZJAB
Czechia,Jencice,SEA,CZJEN
Czechia,Jevisovice,SEA,CZJIE
Czechia,Kadan,SEA,CZKAD
Czechia,Karolinka,SEA,CZKUV
Czechia,Kosor,SEA,CZKOQ
Czechia,Kralice na Hane,SEA,CZRNH
Czechia,Kralupy nad Vltavou,SEA,CZKNV
Czechia,Kvasice,SEA,CZZLY
Czechia,Kyselka,SEA,CZKKA
Czechia,Lobodice,SEA,CZLOB
Czechia,Lochovice,SEA,CZLUK
Czechia,Michnov,SEA,CZMNV
Czechia,Myto/Cesky Krumlov,SEA,CZMYT
Czechia,Nehvizdy,SEA,CZNEH
Czechia,Netolice,SEA,CZNET
Czechia,Novy Knin,SEA,CZOVV
Czechia,Novy Vestec,SEA,CZNVV
Czechia,Opocno,SEA,CZOCX
Czechia,Osice,SEA,CZOSI
Czechia,Police nad Metuji,SEA,CZPNJ
Czechia,Popuvky,SEA,CZPOP
Czechia,Prague-Vinohrady,SEA,CZXUY
Czechia,Sakvice,SEA,CZJK6
Czechia,Sedlec,SEA,CZNKN
Czechia,Semcice,SEA,CZSEM
Czechia,Smichov,SEA,CZSMO
Czechia,Smrzovka,SEA,CZOVK
Czechia,Stribrna Skalice,SEA,CZBRA
Czechia,Sviadnov,SEA,CZSDO
Czechia,Tanvald,SEA,CZTVA
Czechia,Tisnov,SEA,CZTIS
Czechia,Touzim,SEA,CZTOM
Czechia,Tuchomerice,SEA,CZTUC
Czechia,Usti nad Labem,SEA,CZULN
Czechia,Veverska Bityska,SEA,CZVAA
Czechia,Babice,SEA,CZBBC
Czechia,Cepi,SEA,CZCEP
Czechia,Smilovice,SEA,CZCRS
Czechia,Hluk,SEA,CZHLU
Czechia,Kostelec nad Labem,SEA,CZKSL
Czechia,Milotice nad Becvou,SEA,CZMIB
Czechia,Neratovice,SEA,CZNRT
Czechia,Odolena Voda,SEA,CZODO
Czechia,Plana u Marianskych Lazni,SEA,CZPAU
Czechia,Polna,SEA,CZPNA
Czechia,Stechovice,SEA,CZSTE
Czechia,Steti,SEA,CZSTT
Czechia,Blatna,SEA,CZTNN
Czechia,Trnavka,SEA,CZVKA
Germany,Abbehausen,SEA,DEABH
Germany,Abbenfleth,SEA,DEABF
Germany,Abbesbuttel,SEA,DEABL
Germany,Achmer,SEA,DEAMR
Germany,Achterwehr,SEA,DEAWR
Germany,Aitrach,SEA,DEAIT
Germany,Alf,SEA,DEAQF
Germany,Alsleben,SEA,DEAXB
Germany,Alt Bork,SEA,DEABO
Germany,Altenbruch Reede,SEA,DEANR
Germany,Altengors,SEA,DESH4
Germany,Altenlingen,SEA,DEATL
Germany,Altenwerder,SEA,DEHHV
Germany,Amberg,SEA,DEAMB
Germany,Amelsburen,SEA,DEAML
Germany,Ammerland,SEA,DEARL
Germany,Amrum,SEA,DEIAM
Germany,Andernach,SEA,DEAND
Germany,Apen,SEA,DEAPE
Germany,Arendsee,SEA,DEASE
Germany,Arnsberg,SEA,DEARN
Germany,Audorf,SEA,DEAUO
Germany,Augustfehn,SEA,DEAUG
Germany,Aurich,SEA,DEAUR
Germany,Bacharach,SEA,DEDCH
Germany,Bad Bevensen,SEA,DEBBV
Germany,Bad Durrenberg,SEA,DEUBG
Germany,Bad Durrheim,SEA,DERHX
Germany,Bad Essen,SEA,DEBES
Germany,Bahlingen,SEA,DEBEZ
Germany,Ballrechten,SEA,DETEJ
Germany,Baltrum,SEA,DEBMR
Germany,Barbing,SEA,DEGBX
Germany,Barnkrug,SEA,DEBRK
Germany,Basbeck,SEA,DEBAS
Germany,Beddingen,SEA,DEBZS
Germany,Beeskow,SEA,DEBKW
Germany,Belgern,SEA,DEELG
Germany,Bendorf/Rhein,SEA,DEBDF
Germany,Bensersiel,SEA,DEBEN
Germany,Berggiesshubel,SEA,DEHUB
Germany,Bergisch Gladbach,SEA,DEBGL
Germany,Berlin,SEA,DEBER
Germany,Bermatingen,SEA,DEBMN
Germany,Bertingen,SEA,DEBTI
Germany,Biene,SEA,DEIEN
Germany,Biere,SEA,DEERX
Germany,Bindow,SEA,DEBIW
Germany,Bingen am Rhein,SEA,DEBIN
Germany,Binz,SEA,DEBZR
Germany,Birklar,SEA,DEBQ2
Germany,Birkweiler,SEA,DEBWQ
Germany,Blankenheim,SEA,DECKH
Germany,Blumenthal/Bremen,SEA,DEBLM
Germany,Bockenem,SEA,DECKK
Germany,Bockholdt,SEA,DEBCO
Germany,Bodenteich,SEA,DEBTC
Germany,Boffzen,SEA,DEBFF
Germany,Boizenburg,SEA,DEBOI
Germany,Bokel,SEA,DEBOK
Germany,Borgemoor,SEA,DEBMO
Germany,Borgstedt,SEA,DEBYT
Germany,Borkum,SEA,DEBMK
Germany,Borschutz,SEA,DEBCT
Germany,Bortfeld,SEA,DEBTA
Germany,Boxberg,SEA,DEBXB
Germany,Brachwitz,SEA,DEBCW
Germany,Brahlstorf,SEA,DEBTF
Germany,Brake,SEA,DEBKE
Germany,Bramel,SEA,DEBRA
Germany,Brandenburg,SEA,DEBBG
Germany,Braunschweig,SEA,DEBWE
Germany,Bremervorde,SEA,DEBMV
Germany,Brink,SEA,DEBNK
Germany,Britz,SEA,DERIZ
Germany,Brodenbach,SEA,DEBDA
Germany,Bubsheim,SEA,DEBSI
Germany,Budelsdorf,SEA,DEUSF
Germany,Buhl,SEA,DEBUL
Germany,Bullenhausen,SEA,DEBEU
Germany,Burglengenfeld,SEA,DEBLD
Germany,Burgstadt,SEA,DEBZQ
Germany,Burladingen,SEA,DEURR
Germany,Butjadingen,SEA,DEBUT
Germany,Butzfleth,SEA,DEBUZ
Germany,Buxtehude,SEA,DEBUX
Germany,Carolinensiel,SEA,DECAR
Germany,Castrop-Rauxel,SEA,DECRL
Germany,Copitz,SEA,DECPZ
Germany,Crossen an der Elster,SEA,DECRR
Germany,Cumlosen,SEA,DECUM
Germany,Cuxhaven,SEA,DECUX
Germany,Dangast,SEA,DEDAN
Germany,Dannenwalde,SEA,DEDWD
Germany,Dassow,SEA,DEMVD
Germany,Deggenau,SEA,DEDGA
Germany,Demmin,SEA,DEDMN
Germany,Derenburg,SEA,DEDNR
Germany,Dernau,SEA,DEDEU
Germany,Derschen,SEA,DERPD
Germany,Dersum,SEA,DEDSU
Germany,Deuben,SEA,DEDEB
Germany,Dierhagen,SEA,DEDIA
Germany,Diersheim,SEA,DEDHM
Germany,Dinkelscherben,SEA,DEDSC
Germany,Dittersdorf,SEA,DEDT8
Germany,Ditzum,SEA,DEDIT
Germany,Dolzig,SEA,DELZ6
Germany,Dombuhl,SEA,DEDE3
Germany,Dorenthe,SEA,DEDNT
Germany,Dormagen,SEA,DEDMG
Germany,Dornach,SEA,DERKQ
Germany,Dorpen,SEA,DEDRP
Germany,Dorsten,SEA,DEDON
Germany,Dortmund,SEA,DEDTM
Germany,Dorverden,SEA,DEDVE
Germany,Drebber,SEA,DEDR5
Germany,Dreisbach,SEA,DENDQ
Germany,Drochtersen,SEA,DEDRO
Germany,Duisburg,SEA,DEDUI
Germany,Dusseldorf,SEA,DEDUS
Germany,Dusslingen,SEA,DEDUL
Germany,Eberbach,SEA,DEEBB
Germany,Eching/Landshut,SEA,DEEGC
Germany,Edingen,SEA,DEEDI
Germany,Effeldorf,SEA,DEEAX
Germany,Eggermuhlen,SEA,DEEGJ
Germany,Eggolsheim,SEA,DEEOM
Germany,Ehingen,SEA,DEEHI
Germany,Eiderdeich,SEA,DEEDD
Germany,Eisenhuttenstadt,SEA,DEEHS
Germany,Ellerbek,SEA,DEELB
Germany,Elsenfeld,SEA,DEELF
Germany,Elsfleth,SEA,DEELS
Germany,Elster,SEA,DELER
Germany,Elten,SEA,DEETN
Germany,Elzach,SEA,DEEZH
Germany,Emden,SEA,DEEME
Germany,Emersacker,SEA,DEEM4
Germany,Emmelsum,SEA,DEESU
Germany,Erlau,SEA,DEEAU
Germany,Erlenbach am Main,SEA,DEEAM
Germany,Ettal,SEA,DEETY
Germany,Euerfeld,SEA,DEXAX
Germany,Falkenberg,SEA,DEFBR
Germany,Fellheim,SEA,DEFHM
Germany,Ferdinandshof,SEA,DEMV5
Germany,Flemlingen,SEA,DERP7
Germany,Framersheim,SEA,DEFSH
Germany,Frankfurt am Main,SEA,DEFRA
Germany,Frankfurt/Oder,SEA,DEFFO
Germany,Freistett,SEA,DEFES
Germany,Fresenburg,SEA,DEFRE
Germany,Friedrichsfeld,SEA,DEFHL
Germany,Friesoythe,SEA,DEFYE
Germany,Fritzdorf,SEA,DEFNW
Germany,Gager,SEA,DEGXG
Germany,Gau Odernheim,SEA,DEGAO
Germany,Gaussig,SEA,DEGXS
Germany,Geeste,SEA,DEGST
Germany,Gelbensande,SEA,DEGNL
Germany,Gelsenkirchen,SEA,DEGEK
Germany,Gersfeld,SEA,DEGFD
Germany,Gersheim,SEA,DEGHZ
Germany,Gilserberg,SEA,DEGS5
Germany,Gimmeldingen,SEA,DEGXN
Germany,Ginepp,SEA,DEGNP
Germany,Gmund am Tegernsee,SEA,DEUND
Germany,Godorf,SEA,DEGDO
Germany,Gohlis,SEA,DEGTR
Germany,Goldkronach,SEA,DEGKR
Germany,Gossenheim,SEA,DEGO4
Germany,Graal-Muritz,SEA,DEGMV
Germany,Grafenhainichen,SEA,DEEFE
Germany,Grambin,SEA,DERBI
Germany,Grau Rheindorf,SEA,DEGNR
Germany,Grauelsbaum,SEA,DERLB
Germany,Greetsiel,SEA,DEGRE
Germany,Grieth,SEA,DEITH
Germany,Grimberg,SEA,DEGMR
Germany,Grimmen,SEA,DEGMN
Germany,Grode,SEA,DEGXR
Germany,Gronau,SEA,DEGNU
Germany,Groppenbruch,SEA,DEGPR
Germany,Gross Krotzenburg,SEA,DEGKG
Germany,Grosseichholzheim,SEA,DEHHO
Germany,Grossenbrode,SEA,DEGRO
Germany,Grossensiel,SEA,DEGSI
Germany,Grosslehna,SEA,DEGSA
Germany,Grosszerlang,SEA,DEGZG
Germany,Gudderath,SEA,DEGDZ
Germany,Gutenberg,SEA,DEGNX
Germany,Hallig,SEA,DEHRX
Germany,Hamburg,SEA,DEHAM
Germany,Hamburg-Mitte,SEA,DEHTJ
Germany,Hameln,SEA,DEHAN
Germany,Hamm,SEA,DEHMM
Germany,Hanau,SEA,DEHAU
Germany,Hannover,SEA,DEHAJ
Germany,Harlesiel,SEA,DEHSX
Germany,Haseldorf,SEA,DEHLO
Germany,Hasloch,SEA,DEHAO
Germany,Hattenheim,SEA,DEHME
Germany,Hehlen,SEA,DEHHL
Germany,Heidelberg,SEA,DEHEI
Germany,Heidesheim,SEA,DEHSI
Germany,Heimersheim,SEA,DEHE5
Germany,Heinrichsberg,SEA,DEHRC
Germany,Helgoland,SEA,DEHGL
Germany,Hemmoor,SEA,DEHMO
Germany,Hennigsdorf,SEA,DEHNF
Germany,Herbertingen,SEA,DEXRT
Germany,Herbornseelbach,SEA,DEH54
Germany,Herbrum,SEA,DEHBR
Germany,Hergatz,SEA,DEHGZ
Germany,Herne,SEA,DEHEE
Germany,Herten,SEA,DEHRT
Germany,Hesselte,SEA,DESSL
Germany,Hiddingsel,SEA,DEHDI
Germany,Hiltrup,SEA,DEHLP
Germany,Hirzenhain,SEA,DEHRE
Germany,Hitdorf,SEA,DEHD8
Germany,Hochst,SEA,DEHCS
Germany,Hochstadt,SEA,DEHO4
Germany,Hohenhameln,SEA,DEHOJ
Germany,Hohensaaten,SEA,DEHSA
Germany,Hohenwarthe,SEA,DEOWH
Germany,Hollenstedt,SEA,DEHLN
Germany,Holzminden,SEA,DEHZN
Germany,Homberg,SEA,DEHBO
Germany,Hooge,SEA,DEHGE
Germany,Hooksiel,SEA,DEHOO
Germany,Hoopte,SEA,DEHPE
Germany,Hoppegarten,SEA,DE3L4
Germany,Horselberg,SEA,DEHSB
Germany,Horumersiel,SEA,DEHOS
Germany,Hubertushohe,SEA,DEHRO
Germany,Hundsmuhlen,SEA,DEHSU
Germany,Hunsborn,SEA,DEHUX
Germany,Huttingen,SEA,DEHZZ
Germany,Igersheim,SEA,DEIGH
Germany,Ihrlerstein,SEA,DEZVE
Germany,Ingolstadt,SEA,DEING
Germany,Ispringen,SEA,DEISP
Germany,Issum,SEA,DEISU
Germany,Jemgum,SEA,DEJEM
Germany,Jettingen,SEA,DEJTN
Germany,Jossen,SEA,DEJSN
Germany,Juist,SEA,DEJUI
Germany,Kaimt,SEA,DEKMT
Germany,Kallstadt,SEA,DEKDT
Germany,Karnin,SEA,DEKAR
Germany,Karthaus,SEA,DEKHU
Germany,Kenn,SEA,DENNP
Germany,Kesselstadt,SEA,DEKLS
Germany,Kettenheim,SEA,DEJIV
Germany,Kiel,SEA,DEKEL
Germany,Kietz,SEA,DEKIE
Germany,Kinderbeuern,SEA,DEKBR
Germany,Kipfenberg,SEA,DEKPF
Germany,Kirchhellen,SEA,DENWC
Germany,Kirchmoser,SEA,DEKCO
Germany,Kirschfurt,SEA,DERFT
Germany,Kolenfeld,SEA,DEKOF
Germany,Koln,SEA,DECGN
Germany,Konigs Wusterhausen,SEA,DEKWH
Germany,Konigsmoor,SEA,DEKGM
Germany,Kosbach,SEA,DEKB6
Germany,Kosten,SEA,DEKTN
Germany,Kovenig,SEA,DEKVG
Germany,Kranzberg,SEA,DEKZB
Germany,Krautsand,SEA,DEKRA
Germany,Krefeld,SEA,DEKRE
Germany,Kriegenbrunn,SEA,DEKGU
Germany,Kronskamp,SEA,DEKR9
Germany,Kunkemuhle,SEA,DEKKU
Germany,Lahde,SEA,DELHD
Germany,Landau in der Pfalz,SEA,DELAD
Germany,Landkreis Ammerland,SEA,DEAAD
Germany,Langballig,SEA,DE73A
Germany,Langendamm,SEA,DELDM
Germany,Langeoog,SEA,DELGO
Germany,Langewiesen,SEA,DELAW
Germany,Langsur,SEA,DE6NK
Germany,Lankwitz,SEA,DELKI
Germany,Lathen,SEA,DELAT
Germany,Laubegast,SEA,DEUBT
Germany,Laubenheim,SEA,DEDE8
Germany,Lauenburg/Elbe,SEA,DELNU
Germany,Laussig,SEA,DELS4
Germany,Leina,SEA,DELIA
Germany,Leinatal,SEA,DE23A
Germany,Leipheim,SEA,DELPH
Germany,Leissnitz,SEA,DELIZ
Germany,Lembruch,SEA,DELRC
Germany,Lemwerder,SEA,DELEW
Germany,Letmathe,SEA,DEDDD
Germany,Leverkusen,SEA,DELEV
Germany,Lich,SEA,DEILH
Germany,Lichterfelde,SEA,DELTF
Germany,Liebenau,SEA,DELIB
Germany,Liepgarten,SEA,DELPQ
Germany,Lieser,SEA,DELSR
Germany,Limeshain,SEA,DELSH
Germany,Lindau,SEA,DELIU
Germany,Linz am Rhein,SEA,DELRN
Germany,Lohnerheide,SEA,DELNH
Germany,Longen,SEA,DEONG
Germany,Loschwitz,SEA,DELCW
Germany,Ludwigsau,SEA,DELSU
Germany,Ludwigshafen,SEA,DELUH
Germany,Ludwigshohe,SEA,DELGX
Germany,Lulsdorf,SEA,DELLS
Germany,Lunow,SEA,DELOW
Germany,Lutgenrode,SEA,DELT9
Germany,Lutjenburg,SEA,DETJE
Germany,Mainzlar,SEA,DEGYM
Germany,Malente,SEA,DEMAM
Germany,Malsfeld,SEA,DEMFL
Germany,Mammendorf,SEA,DEMMF
Germany,Mamming,SEA,DEMMI
Germany,Mannheim,SEA,DEMHG
Germany,Marcardsmoor,SEA,DEMRM
Germany,Mariensiel,SEA,DEMRS
Germany,Maxau,SEA,DEMXA
Germany,Maximiliansau,SEA,DEMXM
Germany,Mehring,SEA,DEMHR
Germany,Mehrum,SEA,DEMRU
Germany,Meiderich,SEA,DEMDI
Germany,Meineweh,SEA,DEME8
Germany,Meissen,SEA,DEMEI
Germany,Mellensee,SEA,DEMZE
Germany,Memmert,SEA,DEMEM
Germany,Mescherin,SEA,DEMSH
Germany,Michelbach am Heuchelberg,SEA,DEZ4Z
Germany,Minden,SEA,DEMID
Germany,Minheim,SEA,DEMNM
Germany,Minsen,SEA,DEMIN
Germany,Misburg,SEA,DEMIB
Germany,Mittelsburen,SEA,DEMSB
Germany,Mogglingen,SEA,DEMGW
Germany,Mommenheim,SEA,DEMMM
Germany,Monchweiler,SEA,DEMWW
Germany,Mondorf,SEA,DEMNF
Germany,Monheim,SEA,DEXMP
Germany,Motzen,SEA,DEMOZ
Germany,Muglitztal,SEA,DEGL3
Germany,Muhlberg,SEA,DEMXB
Germany,Mulheim,SEA,DEMMO
Germany,Mulheim an der Ruhr,SEA,DEMUH
Germany,Mulsen,SEA,DEULS
Germany,Munchsdorf,SEA,DEM5B
Germany,Munster,SEA,DEMUN
Germany,Munster,SEA,DEMSR
Germany,Munster-Sarmsheim,SEA,DEMNQ
Germany,Nahmitz,SEA,DENZM
Germany,Neckartailfingen,SEA,DENTA
Germany,Neckarzimmern,SEA,DENZE
Germany,Neef,SEA,DENFE
Germany,Nessmersiel,SEA,DENES
Germany,Neuendorf-Hiddensee,SEA,DENNH
Germany,Neuessen,SEA,DENSE
Germany,Neuharlingersiel,SEA,DENHS
Germany,Neuhaus an der Oste,SEA,DENEH
Germany,Neukieritzsch,SEA,DEUKI
Germany,Neuland/Elbe,SEA,DENEL
Germany,Neuleiningen,SEA,DENN4
Germany,Neumagen-Dhron,SEA,DENMN
Germany,Neumarkt-Sankt Veit,SEA,DENSV
Germany,Neuscharrel,SEA,DENCA
Germany,Neuss,SEA,DENSS
Germany,Neustadt in Holstein,SEA,DENHO
Germany,Neustadt-Glewe,SEA,DENGL
Germany,Niebelsbach,SEA,DEBWJ
Germany,Niederdollendorf,SEA,DEDFX
Germany,Niederkaina,SEA,DECH5
Germany,Niederneuching,SEA,DENGH
Germany,Niehl/Koln,SEA,DENHL
Germany,Nieschutz,SEA,DENCZ
Germany,Nobdenitz,SEA,DENO9
Germany,Norddeich,SEA,DENOE
Germany,Nordenham,SEA,DENHA
Germany,Nordheim,SEA,DENHE
Germany,Nordhorn,SEA,DENHN
Germany,Nordstrand,SEA,DENOR
Germany,Nurnberg,SEA,DENUE
Germany,Nusplingen,SEA,DEPJQ
Germany,Ober-Abtsteinach,SEA,DEOAB
Germany,Obereiderhafen,SEA,DEOEX
Germany,Oberhausen,SEA,DEOBE
Germany,Oberhausen an der Nahe,SEA,DEOAN
Germany,Oberkotzau,SEA,DEOKY
Germany,Ober-Morlen,SEA,DEORM
Germany,Oberthal,SEA,DEDEO
Germany,Oberwesel,SEA,DEOEE
Germany,Oberwinter,SEA,DEOWT
Germany,Oestrich-Winkel,SEA,DEOSW
Germany,Offenbach,SEA,DEOFF
Germany,Oldenburg,SEA,DEOLO
Germany,Oldendorf,SEA,DEOLD
Germany,Oldersum,SEA,DEOLU
Germany,Oortkaten,SEA,DEOTK
Germany,Orsoy,SEA,DEORS
Germany,Osloss,SEA,DEOSL
Germany,Osnabruck,SEA,DEOSN
Germany,Ossenberg,SEA,DEOSB
Germany,Ostermoor,SEA,DEOSR
Germany,Osterronfeld,SEA,DETRD
Germany,Osterwald,SEA,DETER
Germany,Ostseebad Kuhlungsborn,SEA,DEOKG
Germany,Ottendorf,SEA,DESXD
Germany,Otterndorf,SEA,DEOTT
Germany,Pahlhude,SEA,DEPAH
Germany,Papenburg,SEA,DEPAP
Germany,Parey,SEA,DEPRY
Germany,Parkentin,SEA,DEPTN
Germany,Passau,SEA,DEPAS
Germany,Pautzfeld,SEA,DEPZI
Germany,Peenemunde,SEA,DEPEF
Germany,Peine,SEA,DEPEI
Germany,Pellworm,SEA,DEPEL
Germany,Pente,SEA,DEPEN
Germany,Perrich,SEA,DEPRC
Germany,Petersdorf,SEA,DEPTD
Germany,Pforring,SEA,DEAQ2
Germany,Pfronten,SEA,DEPFR
Germany,Piesberger,SEA,DEPSB
Germany,Piesport,SEA,DEPPT
Germany,Piesteritz,SEA,DEPSR
Germany,Platten,SEA,DETTP
Germany,Plessa,SEA,DEPSA
Germany,Pliezhausen,SEA,DEPLS
Germany,Pollhagen,SEA,DEPLL
Germany,Potsdam,SEA,DEPOT
Germany,Prettin,SEA,DEPRN
Germany,Pruchten,SEA,DEPCE
Germany,Putzkau,SEA,DEPKU
Germany,Radeburg,SEA,DERDU
Germany,Rech,SEA,DERE5
Germany,Rechlin,SEA,DERCI
Germany,Recke,SEA,DERCK
Germany,Reepsholt,SEA,DEREE
Germany,Reichartshausen,SEA,DERTJ
Germany,Reichenbach an der Fils,SEA,DERFI
Germany,Rethem,SEA,DERET
Germany,Rheinberg,SEA,DERHB
Germany,Rheinsberg,SEA,DERRG
Germany,Riedlhutte,SEA,DERDL
Germany,Rieneck,SEA,DERIK
Germany,Riesenbeck,SEA,DERBK
Germany,Rodersheim,SEA,DE2RO
Germany,Rostock,SEA,DERSK
Germany,Rot an der Rot,SEA,DERDT
Germany,Rotenburg an der Fulda,SEA,DERBF
Germany,Rothensee,SEA,DEOHE
Germany,Rudesheim,SEA,DERU7
Germany,Rudesheim am Rhein,SEA,DERUE
Germany,Rudow,SEA,DERDW
Germany,Ruhstorf an der Rott,SEA,DERAR
Germany,Runthe,SEA,DERNT
Germany,Rusbend,SEA,DERUB
Germany,Russelsheim,SEA,DERUM
Germany,Salbke,SEA,DESKS
Germany,Salzgitter,SEA,DESAR
Germany,Salzmunde,SEA,DEZMU
Germany,Sankt Margarethen,SEA,DESMA
Germany,Schechingen,SEA,DES3B
Germany,Schelldorf,SEA,DESEF
Germany,Schleiden,SEA,DESCV
Germany,Schmedehausen,SEA,DEMHA
Germany,Schnackenburg,SEA,DESNR
Germany,Schonebeck,SEA,DEOKE
Germany,Schonfeld,SEA,DESFL
Germany,Schopsdorf,SEA,DESPD
Germany,Schozach,SEA,DESZ8
Germany,Schulau,SEA,DECHL
Germany,Schulper Neuensiel,SEA,DESPS
Germany,Schuttertal,SEA,DEUTT
Germany,Schwaan,SEA,DECWN
Germany,Schwaigern,SEA,DESWF
Germany,Schwanfeld,SEA,DESWQ
Germany,Schwarzenbruck,SEA,DESWZ
Germany,Schwedt,SEA,DESDT
Germany,Schweinfurt,SEA,DESCW
Germany,Schwelgern,SEA,DESGW
Germany,Schweringen,SEA,DESRI
Germany,Schwielowsee,SEA,DEIEW
Germany,Schwindegg,SEA,DEB85
Germany,Seelbach,SEA,DESXE
Germany,Segnitz,SEA,DEKFT
Germany,Sehnde,SEA,DESNE
Germany,Seifhennersdorf,SEA,DEYSF
Germany,Senheim,SEA,DEEHM
Germany,Serrig,SEA,DESRA
Germany,Sesslach,SEA,DESQJ
Germany,Spiekeroog,SEA,DESPI
Germany,Spyck,SEA,DEPYK
Germany,Stade,SEA,DESTA
Germany,Stader Sand,SEA,DESTS
Germany,Stahlbrode,SEA,DESL5
Germany,Steinhorst,SEA,DEHSJ
Germany,Steinwiesen,SEA,DESWS
Germany,Stephanskirchen,SEA,DESKN
Germany,Stockhausen-Illfurth,SEA,DESRP
Germany,Stolpe,SEA,DESNP
Germany,Suhrendorf,SEA,DEUHF
Germany,Sulzbach-Laufen,SEA,DESLZ
Germany,Sulzberg,SEA,DEZB4
Germany,Sunching,SEA,DESNC
Germany,Taben,SEA,DETAR
Germany,Tangermunde,SEA,DETAE
Germany,Teltow,SEA,DETLT
Germany,Temmels,SEA,DETMM
Germany,Teuchern,SEA,DETCN
Germany,Thallwitz,SEA,DETWZ
Germany,Thierhaupten,SEA,DETHR
Germany,Thune,SEA,DETHU
Germany,Thungersheim,SEA,DETGM
Germany,Tiessau,SEA,DETSU
Germany,Torfmoorholle,SEA,DETMH
Germany,Tossens,SEA,DETOS
Germany,Trebbin,SEA,DETBN
Germany,Trechtingshausen,SEA,DETRH
Germany,Treis-Karden,SEA,DETKD
Germany,Udenheim,SEA,DEUH7
Germany,Ueckermunde,SEA,DEUCK
Germany,Uelzen,SEA,DEUEL
Germany,Uesen,SEA,DEUES
Germany,Ulm,SEA,DEULM
Germany,Upschort,SEA,DEUPS
Germany,Urmitz,SEA,DEGUZ
Germany,Varel,SEA,DEVAR
Germany,Venhaus,SEA,DEVNA
Germany,Venne,SEA,DEVEN
Germany,Vetschau,SEA,DEVEJ
Germany,Vienenburg,SEA,DEVIU
Germany,Viewrow,SEA,DEVRW
Germany,Vilgertshofen,SEA,DEVGF
Germany,Vilsbiburg,SEA,DEVBS
Germany,Vinn,SEA,DEV44
Germany,Vitte (Hiddensee),SEA,DEVTT
Germany,Vockfey,SEA,DEVOC
Germany,Volkach,SEA,DEVOL
Germany,Wabern,SEA,DEWAZ
Germany,Walheim,SEA,DEWLE
Germany,Walsum,SEA,DEWLM
Germany,Waltrop,SEA,DEWTP
Germany,Wandersleben,SEA,DEWNL
Germany,Wangerooge,SEA,DEAGE
Germany,Wankendorf,SEA,DEWKE
Germany,Wanne-Eickel,SEA,DEANE
Germany,Warnemunde,SEA,DEWAR
Germany,Waxweiler,SEA,DEYWX
Germany,Wedtlenstedt,SEA,DESWW
Germany,Weener,SEA,DEWEE
Germany,Wehingen,SEA,DEWGQ
Germany,Weikersheim,SEA,DEWKK
Germany,Weilerswist,SEA,DEWWI
Germany,Weinstadt,SEA,DEADT
Germany,Weisenheim am Sand,SEA,DERRP
Germany,Weissenburg in Bayern,SEA,DEWNG
Germany,Weissenthurm,SEA,DEWNU
Germany,Wemmetsweiler,SEA,DEWMM
Germany,Werrich,SEA,DERIC
Germany,Wesel,SEA,DEWES
Germany,Westeraccumersiel,SEA,DEWAC
Germany,Wester-Ohrstedt,SEA,DEWE5
Germany,Wickrath,SEA,DEWKZ
Germany,Wiesens,SEA,DEWIE
Germany,Wilhelmshaven,SEA,DEWVN
Germany,Wimmer,SEA,DEWIM
Germany,Windheim,SEA,DEWNH
Germany,Windsbach,SEA,DEWWH
Germany,Winnweiler,SEA,DEWNI
Germany,Wipperdorf,SEA,DEWHP
Germany,Wischhafen,SEA,DEWIF
Germany,Wittenberge,SEA,DETNR
Germany,Wittichenau,SEA,DEWTU
Germany,Wittlage,SEA,DEWIT
Germany,Wohlenberg,SEA,DEOHL
Germany,Wolfsburg,SEA,DEWOB
Germany,Wolkenstein,SEA,DEOLK
Germany,Wolzig,SEA,DELZG
Germany,Worringen,SEA,DEWOG
Germany,Worth an der Donau,SEA,DEWTA
Germany,Wriezen,SEA,DERZE
Germany,Wrist,SEA,DEWRI
Germany,Zahna,SEA,DEZHA
Germany,Zaisenhausen,SEA,DEZIZ
Germany,Zechlinerhutte,SEA,DEZRH
Germany,Zehren,SEA,DEZH8
Germany,Zellertal,SEA,DEZZL
Germany,Zeuthen,SEA,DEZTH
Germany,Zingst,SEA,DEZIS
Germany,Zuzenhausen,SEA,DEZZH
Germany,Port of Bremerhaven,SEA,DEBRV
Germany,Aachen,SEA,DEAAH
Germany,Babelsberg,SEA,DEAEB
Germany,Am Hund,SEA,DEAHU
Germany,Aschaffenburg,SEA,DEASC
Germany,Babelsberg,SEA,DEASR
Germany,Bietigheim-Bissingen,SEA,DEBBI
Germany,Beverungen,SEA,DEBEV
Germany,Bad Friedrichshall,SEA,DEBFH
Germany,Biedenkopf,SEA,DEBKF
Germany,Bottrop,SEA,DEBOT
Germany,Bad Oeynhausen,SEA,DEBOY
Germany,Bremen,SEA,DEBRE
Germany,Bramsche,SEA,DEBRM
Germany,Kiel Canal,SEA,DECKL
Germany,Donauworth,SEA,DEDOW
Germany,Diesbar,SEA,DEDSB
Germany,Ehrenbreitstein,SEA,DEEBI
Germany,Eckernforde,SEA,DEECK
Germany,Elmshorn,SEA,DEELM
Germany,Watzerath,SEA,DEERA
Germany,Lenzen,SEA,DEEZN
Germany,Frielendorf,SEA,DEFHE
Germany,Flensburg,SEA,DEFLF
Germany,Friedrich-Wilhelmshutte,SEA,DEFWH
Germany,Germersheim,SEA,DEGER
Germany,Grafschaft,SEA,DEGFF
Germany,Glucksburg,SEA,DEGLK
Germany,Gusen,SEA,DEGUE
Germany,Harburg,SEA,DEHBU
Germany,Heilbronn,SEA,DEHEN
Germany,Roschbach,SEA,DEHJK
Germany,Helmlingen,SEA,DEHML
Germany,Hoxter,SEA,DEHOX
Germany,Albersweiler,SEA,DEILE
Germany,Ingelheim,SEA,DEINM
Germany,Weitnau,SEA,DEITN
Germany,Kelsterbach,SEA,DEKEB
Germany,Kochendorf,SEA,DEKHO
Germany,Kitzingen,SEA,DEKIT
Germany,Kreinitz,SEA,DEKNT
Germany,Konstanz,SEA,DEKON
Germany,Kaje Omni-Pac,SEA,DEKOP
Germany,Kuppenheim,SEA,DEKUP
Germany,Lubeck,SEA,DELBC
Germany,Lubmin,SEA,DELBM
Germany,Lingen,SEA,DELIG
Germany,Gallin,SEA,DELLI
Germany,Lassan,SEA,DELSA
Germany,Magdeburg,SEA,DEMAG
Germany,Maasholm,SEA,DEMAO
Germany,Monheim,SEA,DEMHM
Germany,Martinskirchen,SEA,DEMSK
Germany,Neuwied,SEA,DENED
Germany,Blossin,SEA,DEOIN
Germany,Moosbach,SEA,DEOOS
Germany,Radolfzell,SEA,DERAD
Germany,Rheine,SEA,DERHE
Germany,Bralitz,SEA,DERLZ
Germany,Lommatzsch,SEA,DESCJ
Germany,Schluettsiel,SEA,DESLQ
Germany,Schleswig,SEA,DESLS
Germany,Stollhofen,SEA,DESOC
Germany,Speyer,SEA,DESPE
Germany,Straubing,SEA,DESTB
Germany,Schwentinental,SEA,DESWT
Germany,Strehla/Elbe,SEA,DETLB
Germany,Braunsdorf,SEA,DEUDF
Germany,Uberlingen,SEA,DEUEB
Germany,Uetersen,SEA,DEUET
Germany,Lauta,SEA,DEUTA
Germany,Vierow,SEA,DEVIW
Germany,Volklingen,SEA,DEVOE
Germany,Vielitz,SEA,DEVTZ
Germany,Hohn,SEA,DEVVH
Germany,Wedel,SEA,DEWED
Germany,Wiesbaden,SEA,DEWIB
Germany,Wismar,SEA,DEWIS
Germany,Worth am Rhein,SEA,DEWOE
Germany,Worms,SEA,DEWOR
Germany,Wittenberg,SEA,DEWTG
Germany,Wertheim,SEA,DEWTM
Germany,Wurzburg,SEA,DEWUE
Germany,Handeloh,SEA,DEXZS
Germany,Zehdenick,SEA,DEZHD
Denmark,Aarhus,SEA,DKAAR
Denmark,Abenra,SEA,DKAAB
Denmark,Abybro,SEA,DKKK4
Denmark,Akirkeby,SEA,DKAK3
Denmark,Allinge,SEA,DKAGE
Denmark,Aro,SEA,DKARO
Denmark,Arosund,SEA,DKARD
Denmark,Asaa,SEA,DKASA
Denmark,Avernak By,SEA,DKAVK
Denmark,Baelum,SEA,DKBLU
Denmark,Ballen,SEA,DKBAL
Denmark,Blavand,SEA,DKBLA
Denmark,Bogense,SEA,DKBGZ
Denmark,Bogo By,SEA,DKBOG
Denmark,Bojden,SEA,DKBOS
Denmark,Bovlingbjerg,SEA,DKBBG
Denmark,Christianso Havn,SEA,DKCSO
Denmark,Dannemare,SEA,DKDN6
Denmark,Dyssegard,SEA,DKDYS
Denmark,Enstedvarket Havn,SEA,DKENS
Denmark,Eskilstrup,SEA,DKEK4
Denmark,Ferritslev,SEA,DKFER
Denmark,Fovling,SEA,DKFRK
Denmark,Frederikssund,SEA,DKFDS
Denmark,Fynshav,SEA,DKFYH
Denmark,Glatved Strand,SEA,DKGTS
Denmark,Gudhjem,SEA,DKGDM
Denmark,Hadsund,SEA,DKHSU
Denmark,Hammerhavn,SEA,DKHHV
Denmark,Hejls,SEA,DKHEJ
Denmark,Hellebak,SEA,DKHVT
Denmark,Hjerting,SEA,DKHJT
Denmark,Hojby,SEA,DKHJ3
Denmark,Humlebak,SEA,DKHBA
Denmark,Hvide Sande,SEA,DKHVS
Denmark,Jelling,SEA,DKJEL
Denmark,Juelsminde,SEA,DKJUE
Denmark,Karlslunde,SEA,DKKAR
Denmark,Karrebaksminde,SEA,DKKBK
Denmark,Kettinge,SEA,DKKT4
Denmark,Kleppen,SEA,DKKLP
Denmark,Klintholm Havn,SEA,DKKLH
Denmark,Kobenhavn,SEA,DKCPH
Denmark,Kolby Kas,SEA,DKKOK
Denmark,Kollund Mole,SEA,DKKDM
Denmark,Kongsdal Harbour,SEA,DKKGL
Denmark,Lundeborg,SEA,DKLUN
Denmark,Mariager,SEA,DKMRR
Denmark,Masnedovaerkets Havn/Vordingborg,SEA,DKMKH
Denmark,Masnedsund,SEA,DKMNS
Denmark,Masnedsund Godningshamn,SEA,DKUNX
Denmark,Nastved,SEA,DKNVD
Denmark,Nagbol,SEA,DKNGB
Denmark,Nordhavn,SEA,DKNHN
Denmark,Norre Snede,SEA,DKNSD
Denmark,Nykobing Falster,SEA,DKNYF
Denmark,Nykobing Mors,SEA,DKNYM
Denmark,Nykobing Sjaelland,SEA,DKN3S
Denmark,Nyrup,SEA,DKNR4
Denmark,Rodby,SEA,DKROF
Denmark,Rodbyhavn,SEA,DKROD
Denmark,Rodekro,SEA,DKRDK
Denmark,Rodvig Havn,SEA,DKRDH
Denmark,Romo,SEA,DKRMO
Denmark,Rude,SEA,DKRD4
Denmark,Ryslinge,SEA,DKRYS
Denmark,Saby,SEA,DKSAE
Denmark,Sandved,SEA,DKSD7
Denmark,Sandvig,SEA,DKSVG
Denmark,Skodsborg,SEA,DKSK3
Denmark,Skovshoved,SEA,DKSKH
Denmark,Snertinge,SEA,DKSN2
Denmark,Sollested,SEA,DKSL2
Denmark,Sonderborg,SEA,DKSGD
Denmark,Stavning,SEA,DKSTA
Denmark,Stensved,SEA,DKSN7
Denmark,Stevns Pier,SEA,DKSTP
Denmark,Stigsnaes Inter Terminal,SEA,DKSIT
Denmark,Store Fuglede,SEA,DKSF2
Denmark,Store Heddinge,SEA,DKSH6
Denmark,Store Merlose,SEA,DKSM6
Denmark,Stroby,SEA,DKSB2
Denmark,Stubbekobing,SEA,DKSBK
Denmark,Styrtom,SEA,DKEOT
Denmark,Sundby/Mors,SEA,DKSNY
Denmark,Svaneke,SEA,DKSVA
Denmark,Sydals,SEA,DKSDA
Denmark,Tikob,SEA,DKTKB
Denmark,Tjele,SEA,DKTJL
Denmark,Toreby,SEA,DKTB4
Denmark,Torrig,SEA,DKTRG
Denmark,Torsminde,SEA,DKTMD
Denmark,Troense,SEA,DKTRO
Denmark,Tune,SEA,DKTN3
Denmark,Vaggerlose,SEA,DKVG4
Denmark,Vallensbak,SEA,DKVAE
Denmark,Vejby,SEA,DKVB2
Denmark,Vekso,SEA,DKVK7
Denmark,Vemmelev,SEA,DKVM2
Denmark,Vesterborg,SEA,DKVT2
Denmark,Vordingborg,SEA,DKVOR
Denmark,Vordingborg Nordhavnen,SEA,DKVBN
Denmark,Vordingborg Sydhavnen,SEA,DKVBS
Denmark,Port of Fredericia,SEA,DKFRC
Denmark,Aalborg,SEA,DKAAL
Denmark,Assens,SEA,DKASN
Denmark,Avernakke Havn,SEA,DKAVN
Denmark,Brabrand,SEA,DKBRB
Denmark,Branden Havn,SEA,DKBRH
Denmark,Esbjerg,SEA,DKEBJ
Denmark,Frederikshavn,SEA,DKFDH
Denmark,Fur,SEA,DKFUH
Denmark,Gedser,SEA,DKGED
Denmark,Haderslev,SEA,DKHAD
Denmark,H.J.Hansen Hadsund,SEA,DKHJH
Denmark,Holstebro,SEA,DKHSB
Denmark,Hvalpsund,SEA,DKHVA
Denmark,Hov,SEA,DKHWO
Denmark,Kalundborg,SEA,DKKAL
Denmark,Klintebjerg,SEA,DKKBG
Denmark,Koge,SEA,DKKOG
Denmark,Korsor,SEA,DKKRR
Denmark,Kastrup,SEA,DKKTP
Denmark,Logstor,SEA,DKLGR
Denmark,Lindholm Havn,SEA,DKLHH
Denmark,Nakskov,SEA,DKNAK
Denmark,Nyborg,SEA,DKNBG
Denmark,Nyborg Lystbadehavn,SEA,DKNYB
Denmark,Odense,SEA,DKODE
Denmark,Randers,SEA,DKRAN
Denmark,Aalborg Portland Cementfabrikk,SEA,DKROR
Denmark,Sakskobing,SEA,DKSAX
Denmark,Skagen,SEA,DKSKA
Denmark,Silkeborg,SEA,DKSLB
Denmark,Studstrupvarkets Havn,SEA,DKSSV
Denmark,Vejle,SEA,DKVEJ
Estonia,Abaja Sadam,SEA,EEABJ
Estonia,Abruka,SEA,EEABR
Estonia,Admirali Vaikesadam,SEA,EEADV
Estonia,Aegna,SEA,EEAEN
Estonia,Ahoi Joesadam,SEA,EEAHO
Estonia,Alajoe,SEA,EEALJ
Estonia,Alajoe Joesadam,SEA,EEAJS
Estonia,Alajoe Kalasadam,SEA,EEAKS
Estonia,Aseri,SEA,EEASE
Estonia,Aseri Vaikesadam,SEA,EEASV
Estonia,Atla,SEA,EEATL
Estonia,Bekkeri,SEA,EEBEK
Estonia,Dirhami,SEA,EEDIR
Estonia,Doberani,SEA,EEDOB
Estonia,Eisma,SEA,EEEIS
Estonia,Haapsalu,SEA,EEHAA
Estonia,Haapsalu Veskiviigi,SEA,EEHVV
Estonia,Haldi,SEA,EEHLD
Estonia,Hara Sadam,SEA,EEHRS
Estonia,Hara Sadam,SEA,EEHRA
Estonia,Heltermaa,SEA,EEHLT
Estonia,Hiiessaare,SEA,EEHII
Estonia,Hundipea,SEA,EEHUN
Estonia,Jaagupi,SEA,EEJGP
Estonia,Joe Paadisadam,SEA,EEJEP
Estonia,Joekaaru,SEA,EEJKR
Estonia,Juheta,SEA,EEJHT
Estonia,Kaavi Paadisadam,SEA,EEKVI
Estonia,Kaberneeme Sadam,SEA,EEKBN
Estonia,Kakumae,SEA,EEKAK
Estonia,Kalana,SEA,EEKAL
Estonia,Kalasadam,SEA,EEKAS
Estonia,Kaldu,SEA,EEKLD
Estonia,Kalevi Jahtklubi,SEA,EEKJK
Estonia,Kallaste,SEA,EEKLE
Estonia,Kallaste,SEA,EEKLL
Estonia,Kallaste Paadisadam,SEA,EEKLP
Estonia,Kallaste Rannasadam,SEA,EEKLR
Estonia,Kalmakula Sadam,SEA,EEKAM
Estonia,Kardla,SEA,EEKDL
Estonia,Karepa Sadam,SEA,EEKPA
Estonia,Karlova Paadisadam,SEA,EEKAP
Estonia,Karsa,SEA,EEKSA
Estonia,Kassari Sadam,SEA,EEKKS
Estonia,Kastna,SEA,EEKSN
Estonia,Kaunispe,SEA,EEKSP
Estonia,Kavaru,SEA,EEKVR
Estonia,Kelnase,SEA,EEKLN
Estonia,Kelvingi,SEA,EEKEL
Estonia,Kesse-Jaani,SEA,EEKEJ
Estonia,Kihnu,SEA,EEKHN
Estonia,Kiideva,SEA,EEKII
Estonia,Koguva,SEA,EEKGV
Estonia,Koiguste,SEA,EEKGS
Estonia,Koljunuki,SEA,EEKLK
Estonia,Kolkja,SEA,EEKOL
Estonia,Korgessaare,SEA,EEKRG
Estonia,Kuivastu,SEA,EEKUI
Estonia,Kunda,SEA,EEKND
Estonia,Kungla,SEA,EEKNG
Estonia,Kuressaare,SEA,EEURE
Estonia,Kuressaare sadam,SEA,EEKUR
Estonia,Kurkse,SEA,EEKKE
Estonia,Laaksaare,SEA,EELKS
Estonia,Laane,SEA,EELAN
Estonia,Laatsa,SEA,EELAT
Estonia,Lahesuu,SEA,EELHS
Estonia,Lao,SEA,EELAO
Estonia,Lautri,SEA,EELAU
Estonia,Lehtma,SEA,EELHT
Estonia,Lehtma Kalurisadam,SEA,EELHK
Estonia,Lennusadam,SEA,EELEN
Estonia,Leppneeme,SEA,EELEP
Estonia,Leppneeme Kalasadam,SEA,EELPN
Estonia,Lindi,SEA,EELIN
Estonia,Liu,SEA,EELIU
Estonia,Lohusalu,SEA,EELSL
Estonia,Loksa,SEA,EELSA
Estonia,Lomala,SEA,EELMA
Estonia,Lopesuu,SEA,EELPS
Estonia,Lounaranna,SEA,EELNR
Estonia,Luige Vaikesadam,SEA,EELUI
Estonia,Mahu Sadam,SEA,EEMAH
Estonia,Manilaiu,SEA,EEMAN
Estonia,Manni,SEA,EEMNI
Estonia,Meeruse,SEA,EEMRS
Estonia,Mehikoorma Sadam,SEA,EEMEH
Estonia,Merelaiu,SEA,EEMRL
Estonia,Mihkli Sadam,SEA,EEMIH
Estonia,Miiduranna,SEA,EEMDR
Estonia,Molgi,SEA,EEMOL
Estonia,Montu,SEA,EEMNT
Estonia,Montu Vaikelaevade Sadam,SEA,EEMNV
Estonia,Munalaiu,SEA,EEMUN
Estonia,Muratsi Sadam,SEA,EEMUR
Estonia,Mustvee,SEA,EEMTV
Estonia,Muuga,SEA,EEMUG
Estonia,Naissaare,SEA,EENAI
Estonia,Naistlaiu Sadam,SEA,EENST
Estonia,Narva-Joesuu Sadam,SEA,EENJS
Estonia,Nasva,SEA,EENAS
Estonia,Nasva Joesadam,SEA,EENJD
Estonia,Neeme,SEA,EENME
Estonia,Noblessneri,SEA,EENOB
Estonia,Nova Sadam,SEA,EENVA
Estonia,Nurme,SEA,EENRM
Estonia,Oiu,SEA,EEOIU
Estonia,Omedu Rand,SEA,EEOMR
Estonia,Orissaare,SEA,EEORI
Estonia,Orjaku,SEA,EEORJ
Estonia,Osmussaare Sadam,SEA,EEOSM
Estonia,Osterby,SEA,EEOST
Estonia,Oti,SEA,EEOTI
Estonia,Otsa,SEA,EEOTS
Estonia,Paatsalu,SEA,EEPAA
Estonia,Pae Sadam,SEA,EEPSM
Estonia,Paldiski Lounasadam,SEA,EEPLS
Estonia,Paldiski Pohjasadam,SEA,EEPLN
Estonia,Paljassaare,SEA,EEPAS
Estonia,Papissaare Sadam,SEA,EEPAP
Estonia,Parnu,SEA,EEPRN
Estonia,Parnu Sadama Vaikesadam,SEA,EEPRV
Estonia,Paslepa-Viigi Sadam,SEA,EEPSV
Estonia,Patareisadam,SEA,EEPAR
Estonia,Peerni,SEA,EEPRI
Estonia,Pihelgalaiu,SEA,EEPHL
Estonia,Piirissaare Sadam,SEA,EEPRE
Estonia,Piirivalvesadam,SEA,EEPVS
Estonia,Pirita,SEA,EEPIR
Estonia,Prangli Lounasadam,SEA,EEPRL
Estonia,Purtse,SEA,EEPUR
Estonia,Purtse Jahisadam,SEA,EEPRJ
Estonia,Purtse Kalasadam,SEA,EEPRK
Estonia,Pusi,SEA,EEPUS
Estonia,Raja,SEA,EERAJ
Estonia,Ralby Sadam,SEA,EERLB
Estonia,Rannametsa,SEA,EERNM
Estonia,Rebase Paadisadam,SEA,EERBS
Estonia,Remniku Vanasadam,SEA,EERVS
Estonia,Ristna,SEA,EERST
Estonia,Ristna Jahisadam,SEA,EERJS
Estonia,Ristna Lounasadam,SEA,EERLS
Estonia,Rohukula,SEA,EERHK
Estonia,Rohuneeme,SEA,EERON
Estonia,Rohuneeme Vaikesadam,SEA,EERNV
Estonia,Roograhu,SEA,EERGR
Estonia,Roomassaare,SEA,EERMS
Estonia,Roopa,SEA,EEROO
Estonia,Ruhve,SEA,EERUV
Estonia,Saaga Sadam,SEA,EESGS
Estonia,Saaremaa sadam,SEA,EESMA
Estonia,Saastna Vanasadam,SEA,EESVS
Estonia,Salinomme,SEA,EESLN
Estonia,Salinomme Kalasadam,SEA,EESNK
Estonia,Salinomme Paadisadam,SEA,EESNP
Estonia,Salme Joesadam,SEA,EESLE
Estonia,Salmistu,SEA,EESAM
Estonia,Sassukvere,SEA,EESAS
Estonia,Sigatsuaru Vaikesadam,SEA,EESIG
Estonia,Sillamae,SEA,EESLM
Estonia,Soela,SEA,EESOE
Estonia,Soo,SEA,EESSO
Estonia,Soru,SEA,EESRU
Estonia,Soru Vaikelaevasadam,SEA,EESRV
Estonia,Suaru,SEA,EESUA
Estonia,Suaru Kalasadam,SEA,EESUK
Estonia,Suur-Holmi,SEA,EESHL
Estonia,Suur-Lootsi,SEA,EESUL
Estonia,Suurpea,SEA,EESUR
Estonia,Suursadam,SEA,EESUS
Estonia,Sviby,SEA,EESVI
Estonia,Taaliku Sadam,SEA,EETAL
Estonia,Tallinn,SEA,EETLL
Estonia,Talvesadam,SEA,EETLV
Estonia,Tammneeme Sadam,SEA,EETMN
Estonia,Tapurla,SEA,EETPL
Estonia,Tarkma,SEA,EETMA
Estonia,Tarvastu,SEA,EETRV
Estonia,Tilgu,SEA,EETIL
Estonia,Toila,SEA,EETOI
Estonia,Tori Joesadam,SEA,EETJS
Estonia,Treimani,SEA,EETRE
Estonia,Triigi,SEA,EETGI
Estonia,Tuletorni,SEA,EETLT
Estonia,Turja Sadam,SEA,EETJA
Estonia,Turusadam,SEA,EETRU
Estonia,Uisusadam,SEA,EEUIS
Estonia,Urgoru Paadisadam,SEA,EEURG
Estonia,Vahtrepa Sadam,SEA,EEVPA
Estonia,Vaike-Turu,SEA,EEVTR
Estonia,Valmeranna,SEA,EEVLR
Estonia,Vanasadam,SEA,EEVAN
Estonia,Vana-Sauga Sadam,SEA,EEVSG
Estonia,Varati,SEA,EEVRI
Estonia,Varbla Puhkekula,SEA,EEVPS
Estonia,Varese Sadam,SEA,EEVRS
Estonia,Varnja Sadam,SEA,EEVNJ
Estonia,Varssu,SEA,EEVAR
Estonia,Vasknarva,SEA,EEVNA
Estonia,Vasknarva Paadisadam,SEA,EEVVN
Estonia,Vasknarva Reisisadam,SEA,EEVSK
Estonia,Vasknarva Sadam,SEA,EEVKS
Estonia,Vasknarva Uussadam,SEA,EEVUS
Estonia,Veere,SEA,EEVEE
Estonia,Veere Vanasadam,SEA,EEVVM
Estonia,Vene-Balti,SEA,EEVEB
Estonia,Vergi,SEA,EEVER
Estonia,Viinistu Sadam,SEA,EEVIN
Estonia,Vikati Sadam,SEA,EEVIK
Estonia,Virtsu,SEA,EEVIR
Estonia,Virtsu Kalasadam,SEA,EEVIS
Estonia,Virtsu Vanasadam,SEA,EEVVS
Estonia,Voidu,SEA,EEVDU
Estonia,Voiste,SEA,EEVOI
Estonia,Voopsu,SEA,EEVOP
Estonia,Vorkaia,SEA,EEVRK
Estonia,Vosu,SEA,EEVOS
Estonia,Westmeri,SEA,EEWST
Estonia,Westmeri Jahisadam,SEA,EEWJS
Estonia,Aadamiansu,SEA,EEAAD
Estonia,Aa,SEA,EEAAK
Estonia,Abaja,SEA,EEABA
Estonia,Abula,SEA,EEABU
Estonia,Ado-Kusta,SEA,EEADK
Estonia,Ado-Peetri,SEA,EEADP
Estonia,Andrese,SEA,EEADS
Estonia,Ahunapalu,SEA,EEAHU
Estonia,Altja,SEA,EEAJA
Estonia,Ajaotsa,SEA,EEAJT
Estonia,Aljava,SEA,EEAJV
Estonia,Ala-Vagula,SEA,EEALG
Estonia,Alliklepa,SEA,EEALI
Estonia,Alliku,SEA,EEALK
Estonia,Alla,SEA,EEALL
Estonia,Alajoe Saare kinnistu,SEA,EEALS
Estonia,Alliku,SEA,EEALV
Estonia,Aleksandri,SEA,EEALX
Estonia,All-Mannipollu,SEA,EEAMP
Estonia,Anenina,SEA,EEANA
Estonia,Andineeme,SEA,EEANE
Estonia,Ansekula,SEA,EEANK
Estonia,Altja oja lauter,SEA,EEAOL
Estonia,Arali,SEA,EEARJ
Estonia,Arumetsa,SEA,EEARM
Estonia,Arali,SEA,EEARR
Estonia,Arusoo,SEA,EEARS
Estonia,Audjassaare,SEA,EEASR
Estonia,Asuka,SEA,EEASU
Estonia,Andruse talu lautrikoht,SEA,EEATK
Estonia,Alttoa,SEA,EEATO
Estonia,Aru lauter,SEA,EEAUL
Estonia,Avanina talu,SEA,EEAYY
Estonia,Beresje,SEA,EEBER
Estonia,Beti,SEA,EEBET
Estonia,Borrby,SEA,EEBOR
Estonia,Betoneks,SEA,EEBTO
Estonia,Diby,SEA,EEDIY
Estonia,Eha,SEA,EEEHA
Estonia,Einby,SEA,EEEIY
Estonia,Ermistu jarvemajand,SEA,EEEJM
Estonia,Ermistu-Kihnu,SEA,EEEKI
Estonia,Elbiku,SEA,EEELB
Estonia,Elda,SEA,EEELD
Estonia,Elistvere,SEA,EEELI
Estonia,Emma,SEA,EEEMM
Estonia,Epu,SEA,EEEPU
Estonia,Mardianni,SEA,EEERD
Estonia,Ero-Hansu,SEA,EEERH
Estonia,Eru,SEA,EEERU
Estonia,Ermistu-Sarapuu,SEA,EEESA
Estonia,Einby-Kalamehe,SEA,EEEYA
Estonia,Einby-Kruusaaugu,SEA,EEEYR
Estonia,Karla,SEA,EEFKU
Estonia,Forby,SEA,EEFRY
Estonia,Furtsellaaria kai,SEA,EEFUR
Estonia,Haeska,SEA,EEHAE
Estonia,Harilaiu lauter,SEA,EEHAL
Estonia,Hobesalu paadisadam,SEA,EEHBS
Estonia,Hosby,SEA,EEHBY
Estonia,Haldi,SEA,EEHDI
Estonia,Haademeeste joe lauter,SEA,EEHDJ
Estonia,Haademeeste,SEA,EEHDM
Estonia,Hermani,SEA,EEHER
Estonia,Hindaste,SEA,EEHIN
Estonia,Hirmuste lautrikoht,SEA,EEHIR
Estonia,Haapsalu kalasadam,SEA,EEHKS
Estonia,Hausma lautrikoht,SEA,EEHLK
Estonia,Hallimae,SEA,EEHLM
Estonia,Hobulaiu paadisadam,SEA,EEHLP
Estonia,Hellamaa lautrikoht,SEA,EEHMA
Estonia,Heinamaasaare lautrikoht,SEA,EEHMS
Estonia,Hansu,SEA,EEHNS
Estonia,Holmi,SEA,EEHOL
Estonia,Hobulaiu louna tulepaak,SEA,EEHOT
Estonia,Harma,SEA,EEHRM
Estonia,Haapse,SEA,EEHSE
Estonia,Haaslava,SEA,EEHSL
Estonia,Hullo,SEA,EEHUL
Estonia,Haapsalu uussadam,SEA,EEHUS
Estonia,Haapsalu vanasadam,SEA,EEHVS
Estonia,Hara,SEA,EEHYA
Estonia,Heina,SEA,EEHYE
Estonia,Ihasalu,SEA,EEIHS
Estonia,Ikla,SEA,EEIKL
Estonia,Ilmari,SEA,EEILI
Estonia,Ilmatsalu,SEA,EEILM
Estonia,Jabara kula,SEA,EEJAB
Estonia,Jaani,SEA,EEJAN
Estonia,Japsi Kalasadam,SEA,EEJAP
Estonia,Jausa,SEA,EEJAU
Estonia,Rannu-Joesuu,SEA,EEJES
Estonia,Jogela,SEA,EEJGE
Estonia,Jaagomae,SEA,EEJGM
Estonia,Jaaguranna lauter,SEA,EEJGR
Estonia,Jaagu,SEA,EEJGU
Estonia,"Jarve, Jarve k",SEA,EEJJK
Estonia,Jamaja,SEA,EEJMJ
Estonia,Jaani tee,SEA,EEJNT
Estonia,Joiste,SEA,EEJOI
Estonia,"Joosti, Parispea k",SEA,EEJOP
Estonia,"Joosti, Viinistu k",SEA,EEJOV
Estonia,Jarvere Pargi,SEA,EEJPG
Estonia,Jarve,SEA,EEJPK
Estonia,Joepera,SEA,EEJPR
Estonia,Joeranna,SEA,EEJRA
Estonia,Jaagusaare paadisadam,SEA,EEJRE
Estonia,Jarvere,SEA,EEJRR
Estonia,Jarvekula,SEA,EEJRV
Estonia,"Joesuu, Kolga-Jaani v",SEA,EEJSK
Estonia,Jugassaare paadisadam,SEA,EEJSP
Estonia,Joesuu,SEA,EEJSV
Estonia,"Jarve, Tammistu k",SEA,EEJTK
Estonia,"Jarvekula, Tarvastu v",SEA,EEJTV
Estonia,Juba,SEA,EEJUB
Estonia,Juminda,SEA,EEJUM
Estonia,"Jarvekalda, Vaibla k",SEA,EEJVA
Estonia,"Jarvekalda, Vehendi k",SEA,EEJVE
Estonia,Jarvela,SEA,EEJVL
Estonia,Jaagarahu,SEA,EEJYA
Estonia,Jarveaare,SEA,EEJYE
Estonia,Jurimardi,SEA,EEJYR
Estonia,Kolga-Aabla lauter,SEA,EEKAA
Estonia,Kaiavere,SEA,EEKAI
Estonia,Kajaka kanal,SEA,EEKAJ
Estonia,Karala,SEA,EEKAR
Estonia,Katariina kai,SEA,EEKAT
Estonia,Kabina,SEA,EEKBI
Estonia,Kabli,SEA,EEKBL
Estonia,Kabriste,SEA,EEKBR
Estonia,Keiburanna,SEA,EEKBU
Estonia,Kibuvitsa,SEA,EEKBV
Estonia,Kaldapealse,SEA,EEKDE
Estonia,"Kadastiku, Ihasalu k",SEA,EEKDI
Estonia,Kudrukula,SEA,EEKDK
Estonia,Kiduspe,SEA,EEKDP
Estonia,"Kadapiku, Suurpe k",SEA,EEKDS
Estonia,Kadastiku,SEA,EEKDT
Estonia,Kiideva,SEA,EEKDV
Estonia,Kuremaa,SEA,EEKEM
Estonia,Kassariotsa paadisadam,SEA,EEKEO
Estonia,"Kasepaa, Jogeva mk",SEA,EEKEP
Estonia,Kaleste lautrikoht,SEA,EEKES
Estonia,Keskula,SEA,EEKEY
Estonia,Kollinga sadam,SEA,EEKGA
Estonia,Kaugatoma,SEA,EEKGM
Estonia,Kehila,SEA,EEKHI
Estonia,Kahala,SEA,EEKHL
Estonia,MTU Hiiumaa Vetelpaaste Kardla sada,SEA,EEKHV
Estonia,Kihelkonna,SEA,EEKIH
Estonia,Kikassaare,SEA,EEKIK
Estonia,Kingu,SEA,EEKIN
Estonia,Kirsimae,SEA,EEKIR
Estonia,Kitsa,SEA,EEKIT
Estonia,Kivi,SEA,EEKIV
Estonia,Kunda joge lossimiskoht,SEA,EEKJL
Estonia,Keila-Joa,SEA,EEKJO
Estonia,Keila-Joesuu paadisadam,SEA,EEKJP
Estonia,Kadapiku-Mardi,SEA,EEKKA
Estonia,Kauksi,SEA,EEKKI
Estonia,Korkja,SEA,EEKKJ
Estonia,Kiviloppe kalakaitsekordon,SEA,EEKKK
Estonia,Kesknomme Jahisadam,SEA,EEKKN
Estonia,Korkvere,SEA,EEKKV
Estonia,Kallasmaa,SEA,EEKLA
Estonia,Kalbuse,SEA,EEKLB
Estonia,Kalde,SEA,EEKLH
Estonia,Kalli,SEA,EEKLI
Estonia,Kalmakula,SEA,EEKLM
Estonia,Kloogaranna,SEA,EEKLO
Estonia,Kloostri,SEA,EEKLS
Estonia,"Kallaste, Leesi k",SEA,EEKLT
Estonia,Kaluri,SEA,EEKLU
Estonia,Kalamehe,SEA,EEKLY
Estonia,Kirimae,SEA,EEKMA
Estonia,Kuimetsa,SEA,EEKMS
Estonia,Keemu,SEA,EEKMU
Estonia,Kannistiku,SEA,EEKNN
Estonia,Kanguri,SEA,EEKNR
Estonia,Koljunuki,SEA,EEKNS
Estonia,Kodavere,SEA,EEKOA
Estonia,Koolimae,SEA,EEKOE
Estonia,Kooviranna,SEA,EEKOO
Estonia,Koovi,SEA,EEKOR
Estonia,"Kotka, Kuusalu vald",SEA,EEKOT
Estonia,Kadaka oja lauter,SEA,EEKOU
Estonia,Kostiranna-Pihkla,SEA,EEKPH
Estonia,Kurbapere lautrikoht,SEA,EEKPL
Estonia,Koipsi,SEA,EEKPS
Estonia,Kaasikupeetri,SEA,EEKPT
Estonia,Kiviranna,SEA,EEKRA
Estonia,Kruusimae,SEA,EEKRC
Estonia,Kardani,SEA,EEKRD
Estonia,Karuste,SEA,EEKRE
Estonia,Kari I,SEA,EEKRI
Estonia,Karjamaa,SEA,EEKRJ
Estonia,"Kari, Leesi k",SEA,EEKRL
Estonia,Karineeme,SEA,EEKRM
Estonia,Kaandaranna,SEA,EEKRN
Estonia,Kukeranna,SEA,EEKRO
Estonia,Kruusi,SEA,EEKRP
Estonia,Kersalu,SEA,EEKRS
Estonia,Koruste,SEA,EEKRT
Estonia,Kraaviotsa,SEA,EEKRV
Estonia,Koruse,SEA,EEKRY
Estonia,Kaasiku,SEA,EEKSI
Estonia,Kassari kalasadam,SEA,EEKSK
Estonia,Kersleti,SEA,EEKSL
Estonia,Kasmu,SEA,EEKSM
Estonia,Keskuse,SEA,EEKSO
Estonia,Keri saar,SEA,EEKSR
Estonia,Kiirassaare,SEA,EEKSS
Estonia,Kasti,SEA,EEKST
Estonia,Kasesalu,SEA,EEKSU
Estonia,Koosa,SEA,EEKSV
Estonia,Kuuse,SEA,EEKSY
Estonia,Kivikari talu lauter,SEA,EEKTA
Estonia,Kalurite sadam,SEA,EEKTD
Estonia,Kalmetimae,SEA,EEKTI
Estonia,Kaasiku talu lauter,SEA,EEKTL
Estonia,Kotlandi,SEA,EEKTN
Estonia,Kata talu paadisadam,SEA,EEKTP
Estonia,Kastre,SEA,EEKTR
Estonia,Katase,SEA,EEKTS
Estonia,Kootsaare lautrikoht,SEA,EEKTT
Estonia,Kalda talu lauter,SEA,EEKTU
Estonia,Katri,SEA,EEKTY
Estonia,Kuremaa Udu,SEA,EEKUD
Estonia,Kukka lautrikoht,SEA,EEKUK
Estonia,Kuusnomme,SEA,EEKUM
Estonia,Kunda,SEA,EEKUN
Estonia,Kullisoo,SEA,EEKUO
Estonia,Kuldaste,SEA,EEKUS
Estonia,Kuusikuotsa,SEA,EEKUT
Estonia,Kalda,SEA,EEKVA
Estonia,Karevere,SEA,EEKVE
Estonia,Korvekula,SEA,EEKVK
Estonia,Kaunissaare veehoidla lauter,SEA,EEKVL
Estonia,Kivineeme,SEA,EEKVN
Estonia,Kiviloppe paadisadam,SEA,EEKVP
Estonia,Kavastu,SEA,EEKVS
Estonia,Kaiavere tuuleveski,SEA,EEKVT
Estonia,Kuivarahu,SEA,EEKVU
Estonia,Kuremaa valjavool,SEA,EEKVV
Estonia,Kaarlijarve,SEA,EEKYA
Estonia,Kubassaare,SEA,EEKYB
Estonia,Kadapiku,SEA,EEKYC
Estonia,Kudema,SEA,EEKYD
Estonia,"Kasepaa, Tartu mk",SEA,EEKYE
Estonia,Kasispea,SEA,EEKYF
Estonia,Keeri,SEA,EEKYG
Estonia,Kunturi,SEA,EEKYH
Estonia,Kurekari,SEA,EEKYI
Estonia,Kuru,SEA,EEKYJ
Estonia,Kukita,SEA,EEKYK
Estonia,Kulaotsa,SEA,EEKYL
Estonia,Kase,SEA,EEKYR
Estonia,Kulasadama,SEA,EEKYS
Estonia,Kardla Svertpaadisadam,SEA,EEKYT
Estonia,Kabelikari,SEA,EEKYV
Estonia,Kulakula rand,SEA,EEKYY
Estonia,Laheda,SEA,EELAH
Estonia,"Lahe, Alatskivi v Lahe k",SEA,EELAL
Estonia,Lassi,SEA,EELAS
Estonia,Lobi,SEA,EELBI
Estonia,Loobu joe lauter,SEA,EELBL
Estonia,Lobineem,SEA,EELBN
Estonia,Labara,SEA,EELBR
Estonia,Luubnitsa,SEA,EELBT
Estonia,"Lillby, Vaike-Pakri",SEA,EELBY
Estonia,Luidja,SEA,EELDJ
Estonia,Loskini,SEA,EELDK
Estonia,Lindmetsa,SEA,EELDM
Estonia,Laidunina,SEA,EELDN
Estonia,Loode oja lauter,SEA,EELDO
Estonia,Lindre,SEA,EELDR
Estonia,Laiduse,SEA,EELDS
Estonia,Laidu,SEA,EELDU
Estonia,Laidevahe,SEA,EELDV
Estonia,Labuna,SEA,EELEB
Estonia,Leesi,SEA,EELEE
Estonia,Lemsi,SEA,EELEM
Estonia,Leeotsa,SEA,EELEO
Estonia,Letipea,SEA,EELET
Estonia,Loigu,SEA,EELGU
Estonia,"Lahe, Tostamaa v Kastna k",SEA,EELHE
Estonia,Lahetaguse,SEA,EELHG
Estonia,Laid,SEA,EELID
Estonia,Lille,SEA,EELIL
Estonia,Loo joe lauter,SEA,EELJL
Estonia,Loksa Kalurite lossimiskoht,SEA,EELKL
Estonia,Lakuranna,SEA,EELKR
Estonia,Lahe,SEA,EELKT
Estonia,Loksa kula,SEA,EELKU
Estonia,Laokula,SEA,EELKY
Estonia,Lalli,SEA,EELLI
Estonia,Liivalauka,SEA,EELLK
Estonia,Laulasmaa,SEA,EELLM
Estonia,Lillevalja,SEA,EELLV
Estonia,Lembri,SEA,EELMB
Estonia,Laomae,SEA,EELME
Estonia,Limnoloogiakeskus,SEA,EELMG
Estonia,Lemmiku kael,SEA,EELMK
Estonia,Lemmejoe lauter,SEA,EELML
Estonia,Lahe,SEA,EELMP
Estonia,Loimastu,SEA,EELMS
Estonia,Lemmetsa,SEA,EELMT
Estonia,Lindamere lauter,SEA,EELND
Estonia,Laine,SEA,EELNE
Estonia,Linakula,SEA,EELNK
Estonia,Linnamae,SEA,EELNM
Estonia,Laine,SEA,EELNO
Estonia,Laine,SEA,EELNP
Estonia,Laaniste,SEA,EELNS
Estonia,Linnumae,SEA,EELNU
Estonia,Lobotka paadisadam,SEA,EELOB
Estonia,Laheotsa,SEA,EELOT
Estonia,Lou,SEA,EELOU
Estonia,Lepispae,SEA,EELPE
Estonia,Lipingu,SEA,EELPG
Estonia,"Lepiku, Hara k",SEA,EELPH
Estonia,"Lepiku, Lepiku k",SEA,EELPK
Estonia,Lahepere,SEA,EELPR
Estonia,Vana-Lepiku,SEA,EELPV
Estonia,"Lautri, Haapsu k",SEA,EELRI
Estonia,Leisi joe lauter,SEA,EELSI
Estonia,"Lautri, Saarekula k",SEA,EELSK
Estonia,Laossina,SEA,EELSN
Estonia,Laiasoone,SEA,EELSO
Estonia,Lohusuu,SEA,EELSU
Estonia,"Leetsi, Kardla k",SEA,EELTK
Estonia,Leetsi,SEA,EELTV
Estonia,Luhaaare,SEA,EELUA
Estonia,Luhina,SEA,EELUH
Estonia,Louka,SEA,EELUK
Estonia,Luhaneeme,SEA,EELUN
Estonia,Luksi rand,SEA,EELUR
Estonia,Luhtse,SEA,EELUT
Estonia,Liiva,SEA,EELVA
Estonia,Loksa Valgejoe lossimiskoht,SEA,EELVJ
Estonia,Liivaku,SEA,EELVK
Estonia,"Lahe, Vihula v Lahe k",SEA,EELVL
Estonia,Laevnina,SEA,EELVN
Estonia,"Liivaku, Suurpea k",SEA,EELVS
Estonia,Liiva talu,SEA,EELVT
Estonia,Lohu,SEA,EELYO
Estonia,Madise,SEA,EEMAD
Estonia,Mae,SEA,EEMAE
Estonia,Matsalu,SEA,EEMAT
Estonia,Maebe,SEA,EEMBE
Estonia,Madalaht,SEA,EEMDL
Estonia,Mudaste lautrikoht,SEA,EEMDS
Estonia,Madise vaatetorn,SEA,EEMDV
Estonia,Meeksi,SEA,EEMEE
Estonia,Magipe lautrikoht,SEA,EEMGP
Estonia,Muha,SEA,EEMHA
Estonia,Mehikoorma,SEA,EEMHK
Estonia,Mardihansu Rannaliiva,SEA,EEMHR
Estonia,Mardihansu Kustavi,SEA,EEMHS
Estonia,Mihkli-V,SEA,EEMHV
Estonia,Maria,SEA,EEMIA
Estonia,Miiduranna,SEA,EEMID
Estonia,Miinisadam,SEA,EEMII
Estonia,Mustoja joe lauter,SEA,EEMJL
Estonia,Mustoja,SEA,EEMKA
Estonia,Miku 3,SEA,EEMKK
Estonia,Manniku lautri,SEA,EEMKL
Estonia,Murika rand,SEA,EEMKR
Estonia,Maksa,SEA,EEMKS
Estonia,Mikitamae,SEA,EEMKT
Estonia,Miku,SEA,EEMKU
Estonia,Maekalda,SEA,EEMLA
Estonia,Moldri,SEA,EEMLD
Estonia,Malle,SEA,EEMLE
Estonia,Mulgi Rand,SEA,EEMLG
Estonia,Mangu lautrikoht,SEA,EEMLK
Estonia,Molgi paadisadam,SEA,EEMLP
Estonia,Mariliis,SEA,EEMLS
Estonia,Maltsa,SEA,EEMLT
Estonia,Mullutu,SEA,EEMLU
Estonia,Meremoisa,SEA,EEMMA
Estonia,"Mustoja, Mustoja k",SEA,EEMMO
Estonia,Meremetsa sadam,SEA,EEMMS
Estonia,Mandjala,SEA,EEMND
Estonia,Manija,SEA,EEMNJ
Estonia,Manniku karjaar,SEA,EEMNK
Estonia,Manniku,SEA,EEMNU
Estonia,Mohni,SEA,EEMOH
Estonia,Moosi,SEA,EEMOO
Estonia,Moru,SEA,EEMOR
Estonia,Matsi-Saulepi paadisadam,SEA,EEMPI
Estonia,Maealuse paadisadam,SEA,EEMPS
Estonia,Muraste,SEA,EEMRE
Estonia,Muraja,SEA,EEMRJ
Estonia,Marksa,SEA,EEMRK
Estonia,Merise,SEA,EEMRM
Estonia,Meerapalu,SEA,EEMRP
Estonia,Merirahu,SEA,EEMRR
Estonia,Muriste,SEA,EEMRT
Estonia,"Mustrahu, Tagukula lautrikoht",SEA,EEMRU
Estonia,Merikula,SEA,EEMRY
Estonia,Mustana,SEA,EEMSN
Estonia,Mustla,SEA,EEMST
Estonia,Metste talu,SEA,EEMTE
Estonia,Maetaguse,SEA,EEMTG
Estonia,"Metsakula, Kasepaa v",SEA,EEMTK
Estonia,Maetamme,SEA,EEMTM
Estonia,Metsapoole,SEA,EEMTP
Estonia,Matsi,SEA,EEMTS
Estonia,"Metsakula, Tahkuranna v",SEA,EEMTT
Estonia,Matsu,SEA,EEMTU
Estonia,Mujaste,SEA,EEMUJ
Estonia,Muuga,SEA,EEMUU
Estonia,Merivalja,SEA,EEMVJ
Estonia,Susineeme,SEA,EEMVP
Estonia,Matsi-Vidi paadisadam,SEA,EEMYA
Estonia,Miiduranna-Lahe,SEA,EEMYB
Estonia,Muuli,SEA,EEMYC
Estonia,Muursepa,SEA,EEMYD
Estonia,Narva Balti Soojuselektrijaam,SEA,EENBS
Estonia,Neeme,SEA,EENEE
Estonia,Pahklimanniku,SEA,EENEP
Estonia,Nommerga lautrikoht,SEA,EENGL
Estonia,Nina,SEA,EENIN
Estonia,Narva-Joesuu kalasadam 1,SEA,EENJK
Estonia,Nova joe lauter,SEA,EENJL
Estonia,Narva-Joesuu kalasadam 2,SEA,EENJU
Estonia,Narva-Joesuu kulaliskai,SEA,EENJY
Estonia,Ankkula,SEA,EENKK
Estonia,Nommiku,SEA,EENMM
Estonia,Nenu,SEA,EENNU
Estonia,Ninaotsa lautrikoht,SEA,EENOL
Estonia,Norrby,SEA,EENOR
Estonia,Neemeotsa,SEA,EENOT
Estonia,Narva-Joesuu sadam. Piirivalvekai,SEA,EENPK
Estonia,Narva Linnasadam,SEA,EENRV
Estonia,Neemesauna,SEA,EENSN
Estonia,Nassuma,SEA,EENSS
Estonia,Natturi,SEA,EENTT
Estonia,Nurga-Uuetoa,SEA,EENUT
Estonia,Narva veehoidla lautrikoht,SEA,EENVL
Estonia,Oja,SEA,EEOJP
Estonia,Oja,SEA,EEOJV
Estonia,Osmussaare laanesadam,SEA,EEOLA
Estonia,Osmussaare lounalougas,SEA,EEOLL
Estonia,Osmussaare lounasadam,SEA,EEOLS
Estonia,Omedu Kalasadam,SEA,EEOME
Estonia,Ongu rand,SEA,EEONG
Estonia,Onni,SEA,EEONN
Estonia,Orissaare lauter,SEA,EEORS
Estonia,Oru,SEA,EEORU
Estonia,Otsa-Tonise,SEA,EEOTO
Estonia,Pada joe lauter,SEA,EEPAD
Estonia,Pakri muul,SEA,EEPAK
Estonia,Paope lautrikoht,SEA,EEPAO
Estonia,Paatsaranna,SEA,EEPAT
Estonia,Paeva,SEA,EEPAV
Estonia,Piibumae,SEA,EEPBM
Estonia,Pedassaar,SEA,EEPDA
Estonia,Paradiisiranna,SEA,EEPDR
Estonia,Pedassaare,SEA,EEPDS
Estonia,Padaste,SEA,EEPDT
Estonia,Pedase,SEA,EEPED
Estonia,Peetri,SEA,EEPET
Estonia,Paagi,SEA,EEPGI
Estonia,Pihla,SEA,EEPHA
Estonia,Pahklimetsa,SEA,EEPHK
Estonia,Pihlaspea,SEA,EEPHP
Estonia,Pahardi,SEA,EEPHR
Estonia,Puulaiu,SEA,EEPID
Estonia,Puise,SEA,EEPIS
Estonia,Penijoe paadisadama,SEA,EEPJO
Estonia,Pirita joe lauter,SEA,EEPJS
Estonia,Pae kai,SEA,EEPKI
Estonia,Pikkjarve,SEA,EEPKK
Estonia,Perakula,SEA,EEPKL
Estonia,Paadi kinnistu paadisadam,SEA,EEPKP
Estonia,Paadikuuri,SEA,EEPKR
Estonia,Priidiku kinnistu lauter,SEA,EEPKU
Estonia,Parsikivi,SEA,EEPKV
Estonia,Paunkula,SEA,EEPKY
Estonia,Poldeotsa,SEA,EEPLD
Estonia,Paldiski lossimiskoht,SEA,EEPLK
Estonia,Pollu,SEA,EEPLU
Estonia,Punakivi,SEA,EEPNA
Estonia,Pohja-Niidi,SEA,EEPNI
Estonia,Pinuka,SEA,EEPNK
Estonia,Pallinina lautrikoht,SEA,EEPNL
Estonia,Pahkneeme lauter,SEA,EEPNM
Estonia,Poama,SEA,EEPOA
Estonia,Pohja,SEA,EEPOH
Estonia,Poka,SEA,EEPOK
Estonia,Pootsi,SEA,EEPOO
Estonia,Pullapaa,SEA,EEPPA
Estonia,Poosaspea,SEA,EEPPE
Estonia,Palupohja,SEA,EEPPH
Estonia,Parapalu,SEA,EEPPL
Estonia,Papiniidu,SEA,EEPPN
Estonia,Poripollu,SEA,EEPPO
Estonia,Praaga,SEA,EEPRA
Estonia,Pohja rand,SEA,EEPRD
Estonia,Prahnu rand,SEA,EEPRH
Estonia,Prii Maat III,SEA,EEPRM
Estonia,Poori,SEA,EEPRO
Estonia,Parispea,SEA,EEPRP
Estonia,Promenaadi,SEA,EEPRR
Estonia,Prassi ninas,SEA,EEPRS
Estonia,Perjatsi,SEA,EEPRT
Estonia,Pusku,SEA,EEPSK
Estonia,Paslepa paadisadam,SEA,EEPSL
Estonia,Partlimae talu lauter,SEA,EEPTA
Estonia,Partli-Jaani,SEA,EEPTJ
Estonia,Paatsalu lauter,SEA,EEPTL
Estonia,Pootsmani,SEA,EEPTS
Estonia,Puru,SEA,EEPUA
Estonia,Pudisoo,SEA,EEPUD
Estonia,Pivarootsi,SEA,EEPVR
Estonia,Pae,SEA,EEPYA
Estonia,Priivitsa oja lauter,SEA,EEPYB
Estonia,Pringi,SEA,EEPYC
Estonia,Pringi-Jaani,SEA,EEPYD
Estonia,Pringi-Mere,SEA,EEPYE
Estonia,Pringi-Rohuneeme,SEA,EEPYF
Estonia,Pringi-Vabaohumuuseum,SEA,EEPYG
Estonia,Puunsi,SEA,EEPYY
Estonia,Rannaaugu,SEA,EERAG
Estonia,Rannu,SEA,EERAN
Estonia,Rocca-al-Mare,SEA,EERCC
Estonia,Reiu,SEA,EEREE
Estonia,Rehemetsa,SEA,EEREH
Estonia,Reemetsa,SEA,EEREM
Estonia,Riguldi,SEA,EERGD
Estonia,Raigla,SEA,EERGL
Estonia,Raigastvere,SEA,EERGV
Estonia,Rahinge,SEA,EERHN
Estonia,Rahuste,SEA,EERHS
Estonia,Ruhve,SEA,EERHV
Estonia,Riuma,SEA,EERIM
Estonia,"Raja, Jarvekula k",SEA,EERJJ
Estonia,Purjeka,SEA,EERJK
Estonia,Riguldi joge lauter,SEA,EERJL
Estonia,"Rootsikula, Alatskivi v",SEA,EERKA
Estonia,"Rootsikula, Kihnu v",SEA,EERKK
Estonia,Raekula,SEA,EERKL
Estonia,Riksu,SEA,EERKS
Estonia,Reku,SEA,EERKU
Estonia,"Rannakula, Kihelkonna v",SEA,EERKV
Estonia,"Rannakula, Leesoo, Rongu vald",SEA,EERLE
Estonia,Rannakula,SEA,EERLV
Estonia,Rannamoisa,SEA,EERMA
Estonia,Raime,SEA,EERME
Estonia,Ramsi,SEA,EERMI
Estonia,Rannametsa joe lauter,SEA,EERMJ
Estonia,Rammu,SEA,EERMM
Estonia,Remniku,SEA,EERMN
Estonia,Rumpo,SEA,EERMP
Estonia,Rummu,SEA,EERMU
Estonia,Rannakula,SEA,EERMV
Estonia,"Ranna, Ranna k",SEA,EERNA
Estonia,Rahni,SEA,EERNI
Estonia,Rannakula,SEA,EERNK
Estonia,"Rannakula, Orissaare v",SEA,EERNL
Estonia,"Rannakula, Emmaste v",SEA,EERNN
Estonia,Rannapungerja,SEA,EERNP
Estonia,Reinu II,SEA,EERNU
Estonia,Rohukula,SEA,EEROH
Estonia,Ranna-Oue,SEA,EEROU
Estonia,"Rannakula paadisadam, Orissaare v",SEA,EERPS
Estonia,"Rannakula, Pihtla v",SEA,EERPV
Estonia,Roosta,SEA,EERSA
Estonia,Ristiaugu,SEA,EERSG
Estonia,Riska,SEA,EERSK
Estonia,Roseni,SEA,EERSM
Estonia,Rannasauna,SEA,EERSN
Estonia,Rassa,SEA,EERSS
Estonia,"Rannakula-Siku, Rongu vald",SEA,EERSY
Estonia,Rutja,SEA,EERTJ
Estonia,"Ranniku, Tammistu k",SEA,EERTK
Estonia,"Ranniku, Telise k",SEA,EERTL
Estonia,Ratsepa,SEA,EERTS
Estonia,Kiviku,SEA,EERTU
Estonia,Ruhnu,SEA,EERUH
Estonia,Rannakula,SEA,EERVB
Estonia,Ristvalja-Kari,SEA,EERVK
Estonia,Rehe-Valdi,SEA,EERVL
Estonia,Rame,SEA,EERYA
Estonia,Randvere,SEA,EERYB
Estonia,"Ranna, Panga k",SEA,EERYC
Estonia,Rebasaare,SEA,EERYD
Estonia,Rohuneeme-Saare,SEA,EERYF
Estonia,Roigu,SEA,EERYG
Estonia,Rooglaiu paadisild,SEA,EERYH
Estonia,Rosna-Toome,SEA,EERYI
Estonia,Saulepa,SEA,EESAE
Estonia,Suure-Ahju,SEA,EESAH
Estonia,Saare,SEA,EESAK
Estonia,Saare,SEA,EESAV
Estonia,Saba,SEA,EESBA
Estonia,Sandla,SEA,EESDL
Estonia,Sadama,SEA,EESDM
Estonia,Seanina kalasadam,SEA,EESEA
Estonia,Seebilouka,SEA,EESEB
Estonia,"Saare, Torgu v",SEA,EESEE
Estonia,Sepa,SEA,EESEP
Estonia,Saare Fishexport,SEA,EESFE
Estonia,Sigatsuaru,SEA,EESGT
Estonia,Selja joe lauter,SEA,EESJL
Estonia,Saka,SEA,EESKA
Estonia,Saki,SEA,EESKI
Estonia,Kalakai/Suursadam,SEA,EESKM
Estonia,Salinomme Vanasadam,SEA,EESKS
Estonia,Sarakuste,SEA,EESKT
Estonia,Suurekivi,SEA,EESKV
Estonia,Sakka lautrikoht,SEA,EESLK
Estonia,Sallo,SEA,EESLO
Estonia,Sillamae paadisadam,SEA,EESLP
Estonia,Salu,SEA,EESLU
Estonia,Smolnitsa,SEA,EESMO
Estonia,Suuna,SEA,EESNA
Estonia,Sangla,SEA,EESNG
Estonia,Saunja,SEA,EESNJ
Estonia,Soitme,SEA,EESOI
Estonia,Soka,SEA,EESOK
Estonia,Saareotsa,SEA,EESOT
Estonia,Suurpea lauter,SEA,EESPE
Estonia,Spithami,SEA,EESPH
Estonia,Salinomme puhkekeskuse lautrikoht,SEA,EESPL
Estonia,Salinomme Paadisadam,SEA,EESPS
Estonia,Soru rand,SEA,EESRD
Estonia,"Saare, Roosisaare k",SEA,EESRE
Estonia,Saarekula,SEA,EESRK
Estonia,Suureranna lautrikoht,SEA,EESRL
Estonia,Soru sadam -Merekeskus,SEA,EESRM
Estonia,Suurna,SEA,EESRN
Estonia,Suurepsi,SEA,EESRP
Estonia,Saarenina lautrikoht,SEA,EESRR
Estonia,"Saare, Saare k",SEA,EESRS
Estonia,Saaritsa,SEA,EESRT
Estonia,Siiasadam,SEA,EESSM
Estonia,Saastna sadam,SEA,EESST
Estonia,Seliste,SEA,EESTE
Estonia,Simisti,SEA,EESTI
Estonia,Sitme,SEA,EESTM
Estonia,Suitsu,SEA,EESTS
Estonia,Sutu,SEA,EESTU
Estonia,Saueaugu,SEA,EESUE
Estonia,Suislepa,SEA,EESUI
Estonia,Suurupi saatejaam,SEA,EESUJ
Estonia,Suurupi,SEA,EESUP
Estonia,Sutlepa,SEA,EESUT
Estonia,Saadjarve,SEA,EESVE
Estonia,Soodla veehoidla lauter,SEA,EESVL
Estonia,Saviaudo,SEA,EESVU
Estonia,Saxby,SEA,EESXB
Estonia,Saariku,SEA,EESYA
Estonia,Sipelga,SEA,EESYB
Estonia,Saare-Tominga,SEA,EESYC
Estonia,Sundeva,SEA,EESYN
Estonia,Tahkuranna,SEA,EETAH
Estonia,Tahu,SEA,EETAU
Estonia,Tehumardi,SEA,EETEH
Estonia,Teesu,SEA,EETES
Estonia,Tagapollu,SEA,EETGP
Estonia,Tahevalja,SEA,EETHJ
Estonia,Tahkuna,SEA,EETHK
Estonia,Tahvanina lautrikoht,SEA,EETHV
Estonia,Tiheda,SEA,EETIH
Estonia,Turju,SEA,EETJU
Estonia,Timmkanali lauter,SEA,EETKL
Estonia,Tammekorkja,SEA,EETKO
Estonia,Telise,SEA,EETLS
Estonia,Tamme,SEA,EETME
Estonia,Tamme,SEA,EETMM
Estonia,Toomalouka,SEA,EETMO
Estonia,Tammispea,SEA,EETMP
Estonia,Tamme polder,SEA,EETMR
Estonia,Tammetare,SEA,EETMT
Estonia,Tammneeme,SEA,EETNE
Estonia,Tonikseri,SEA,EETNK
Estonia,Tonupsi,SEA,EETNP
Estonia,Tonuri,SEA,EETNR
Estonia,Tonikse,SEA,EETNS
Estonia,Treimani oja lauter,SEA,EETOA
Estonia,Toolse joge lauter,SEA,EETOJ
Estonia,Tolli,SEA,EETOL
Estonia,Toome,SEA,EETOM
Estonia,Tonja,SEA,EETON
Estonia,Toolse,SEA,EETOO
Estonia,Topu,SEA,EETOP
Estonia,Tori,SEA,EETOR
Estonia,Tostamaa,SEA,EETOS
Estonia,Tooste,SEA,EETOT
Estonia,Trammi lauter,SEA,EETRA
Estonia,Torvanina lautrikoht,SEA,EETRL
Estonia,Tiirimetsa,SEA,EETRM
Estonia,Terneme,SEA,EETRN
Estonia,Tareste,SEA,EETRS
Estonia,Tamse,SEA,EETSE
Estonia,Tsitre,SEA,EETSI
Estonia,Tooma talu lautrikoht,SEA,EETTK
Estonia,Tamme talu lauter,SEA,EETTL
Estonia,Tammetanava,SEA,EETTN
Estonia,Tammetoru,SEA,EETTR
Estonia,Tatte kai,SEA,EETTT
Estonia,Tubaku,SEA,EETUB
Estonia,Tuhina,SEA,EETUH
Estonia,Tuksi,SEA,EETUK
Estonia,Tuvikese,SEA,EETUV
Estonia,Tartu inertmaterjalide sadam,SEA,EETYA
Estonia,Telliranna,SEA,EETYB
Estonia,Turbuneeme,SEA,EETYC
Estonia,Turdu,SEA,EETYD
Estonia,Tostamaa sadam,SEA,EETYE
Estonia,Turusadam,SEA,EETYR
Estonia,Ubesoo,SEA,EEUBE
Estonia,Udria,SEA,EEUDR
Estonia,Uitro,SEA,EEUIT
Estonia,Ura joe lauter,SEA,EEUJL
Estonia,Ulle,SEA,EEULE
Estonia,Uulu,SEA,EEULU
Estonia,Uuemoisa,SEA,EEUMO
Estonia,Undu,SEA,EEUND
Estonia,Unguma,SEA,EEUNG
Estonia,Undva,SEA,EEUNV
Estonia,"Uuskula, Alajoe v",SEA,EEUSA
Estonia,Uus-Sauga,SEA,EEUSG
Estonia,Uusaia,SEA,EEUSI
Estonia,Uuskula,SEA,EEUSK
Estonia,Uudepanga,SEA,EEUUD
Estonia,Uuetoa,SEA,EEUUE
Estonia,Uuri,SEA,EEUUR
Estonia,Uue-Udriku,SEA,EEUUU
Estonia,Uuevalja,SEA,EEUVL
Estonia,Vagula,SEA,EEVAG
Estonia,Valgma,SEA,EEVAM
Estonia,Vaigu,SEA,EEVAU
Estonia,Vaibla,SEA,EEVBL
Estonia,Vaibla puhkeala,SEA,EEVBP
Estonia,Vainupea,SEA,EEVEA
Estonia,Vainupea joe lauter,SEA,EEVEJ
Estonia,Vesigari lauter,SEA,EEVGL
Estonia,Valguta,SEA,EEVGU
Estonia,Vihterpalu,SEA,EEVHP
Estonia,Vihasoo,SEA,EEVHS
Estonia,Vahtramae,SEA,EEVHT
Estonia,Vidi,SEA,EEVID
Estonia,Vosu joe lauter,SEA,EEVJL
Estonia,Vaana-Joesuu,SEA,EEVJS
Estonia,Vanakubja,SEA,EEVKJ
Estonia,Viinakingu,SEA,EEVKN
Estonia,Vanakortsi,SEA,EEVKT
Estonia,Voola,SEA,EEVLA
Estonia,Veeleidi,SEA,EEVLD
Estonia,Valkla,SEA,EEVLK
Estonia,Vello,SEA,EEVLL
Estonia,Valma,SEA,EEVLM
Estonia,Viltina,SEA,EEVLT
Estonia,Vilusi,SEA,EEVLU
Estonia,Valgma talu,SEA,EEVLV
Estonia,Vooremae puhkeala,SEA,EEVMP
Estonia,Vorkneeme,SEA,EEVNE
Estonia,Vongi,SEA,EEVNG
Estonia,Vana-Niidi,SEA,EEVNI
Estonia,Vana-Ranna,SEA,EEVNN
Estonia,Vanaoue,SEA,EEVNO
Estonia,Vinni-Pardi,SEA,EEVNP
Estonia,Vintri,SEA,EEVNR
Estonia,Vanause,SEA,EEVNS
Estonia,Vintse,SEA,EEVNT
Estonia,Voldi,SEA,EEVOD
Estonia,Voopsu Kulasadam,SEA,EEVOK
Estonia,Voore,SEA,EEVOO
Estonia,Voopste,SEA,EEVPE
Estonia,Vihterpalu joe lauter,SEA,EEVPJ
Estonia,Vehendi puhkekeskus,SEA,EEVPK
Estonia,Volupe joe lauter,SEA,EEVPL
Estonia,Vana-Parnu,SEA,EEVPN
Estonia,Vaike-Pakri paadisild,SEA,EEVPP
Estonia,Varska Sadam,SEA,EEVRA
Estonia,Varati Rannasadama paadisadam,SEA,EEVRD
Estonia,Virula,SEA,EEVRL
Estonia,Veerenina,SEA,EEVRN
Estonia,Vergi paadisadam,SEA,EEVRP
Estonia,Varese-Ranna,SEA,EEVRR
Estonia,Varese,SEA,EEVSE
Estonia,Vanasauna,SEA,EEVSN
Estonia,Vaikesapi,SEA,EEVSP
Estonia,Vaikesaare,SEA,EEVSR
Estonia,Vaiste,SEA,EEVST
Estonia,Vatsla,SEA,EEVTS
Estonia,Valge-Tiiru,SEA,EEVTU
Estonia,Varava,SEA,EEVVA
Estonia,Vaike-Villemi,SEA,EEVVI
Estonia,Virvissaare,SEA,EEVVR
Estonia,Variku,SEA,EEVYA
Estonia,Viigi,SEA,EEVYB
Estonia,Viinistu,SEA,EEVYC
Estonia,Vilsandi,SEA,EEVYD
Estonia,Vorgukuivatusplats,SEA,EEVYE
Estonia,Varska,SEA,EEVYF
Estonia,Uleoja,SEA,EEYLE
Estonia,Ulgapae,SEA,EEYLG
Estonia,Ula-Vagula,SEA,EEYLV
Spain,A Baiuca,SEA,ESAXO
Spain,Adra,SEA,ESADR
Spain,Agaete,SEA,ESAGA
Spain,Aguilas,SEA,ESAGU
Spain,Alcanar,SEA,ESACA
Spain,Algorta,SEA,ESALT
Spain,Allariz,SEA,ESARZ
Spain,Almendricos,SEA,ESALX
Spain,Almeria,SEA,ESLEI
Spain,Ametlla,SEA,ES2TT
Spain,Ampuero,SEA,ESAMP
Spain,Andosilla,SEA,ESASL
Spain,Argelaguer,SEA,ESAGG
Spain,Avinyo,SEA,ESUNY
Spain,Bacaicoa,SEA,ESB8C
Spain,Banyeres del Penedes,SEA,ESBDP
Spain,Barbate de Franco,SEA,ESBDF
Spain,Begur,SEA,ESBLR
Spain,Belmonte,SEA,ESUCC
Spain,Benicull,SEA,ESBU3
Spain,Benimodo,SEA,ESBMO
Spain,Bermeo,SEA,ESBRM
Spain,Bilbao,SEA,ESBIO
Spain,Binissalem,SEA,ESBS3
Spain,Buenavista del Norte,SEA,ESBVN
Spain,Burgo de Osma,SEA,ESBOS
Spain,Cabo de Palos,SEA,ESCBP
Spain,Cabuenes,SEA,ESAS8
Spain,Cadaques,SEA,ESOOP
Spain,Calella,SEA,ESLEL
Spain,Caleta de Sebo,SEA,ESCHR
Spain,Calles,SEA,ESC9A
Spain,Camarinas,SEA,ESIAS
Spain,Cambrils,SEA,ESCBL
Spain,Campanillas,SEA,ESCPL
Spain,Campllong,SEA,ESCGG
Spain,Capellades,SEA,ESCES
Spain,Carboneras,SEA,ESCRS
Spain,Carino,SEA,ESCNO
Spain,Carrizal,SEA,ESCDI
Spain,Cartagena,SEA,ESCAR
Spain,Casar de Caceres,SEA,ESRES
Spain,Castellon de la Plana,SEA,ESCAS
Spain,Castillazuelo,SEA,ESHHU
Spain,Castropol,SEA,ESCSO
Spain,Castro-Urdiales,SEA,ESCUR
Spain,Catoira,SEA,ESCOI
Spain,Cedeira,SEA,ESCED
Spain,Celeiro,SEA,ESCEL
Spain,Cigales,SEA,ESGVA
Spain,Corcubion,SEA,ESCCN
Spain,Costa Adeje,SEA,ESCJE
Spain,Cuarte de Huerva,SEA,ESCUD
Spain,Deba,SEA,ESDBA
Spain,Dos Aguas,SEA,ESDAG
Spain,Echarri-Aranaz,SEA,ESZ8R
Spain,Ejea de los Caballeros,SEA,ESEJC
Spain,El Astillero,SEA,ESATO
Spain,El Grao,SEA,ESGCS
Spain,El Medano,SEA,ESMED
Spain,El Pedernoso,SEA,ESEOO
Spain,El Port,SEA,ESSOL
Spain,Elvillar,SEA,ESELV
Spain,Escorca,SEA,ESCC7
Spain,Estadilla,SEA,ESEDL
Spain,Ezcaray,SEA,ESEZC
Spain,Ferrol,SEA,ESFRO
Spain,Fontanar,SEA,ESGU6
Spain,Fuente-Alamo,SEA,ESFAL
Spain,Fuenterrabia,SEA,ESEWE
Spain,Gandia,SEA,ESGAN
Spain,Garachico,SEA,ESGRC
Spain,Garriguella,SEA,ESGGA
Spain,Gijon,SEA,ESGIJ
Spain,Grajal de Ribera,SEA,ESGDR
Spain,Granyanella,SEA,ESGYA
Spain,Grove,SEA,ESEGR
Spain,Guijuelo,SEA,ESJUE
Spain,Higuera la Real,SEA,ESHIG
Spain,Hormilla,SEA,ESHLL
Spain,Ibiza,SEA,ESIBZ
Spain,Inca,SEA,ESNCA
Spain,Iurreta,SEA,ESIUA
Spain,Javea,SEA,ESJAV
Spain,La Ametlla de Mar,SEA,ESKLL
Spain,La Batlloria,SEA,ESBAT
Spain,La Coruna (A Coruna),SEA,ESLCG
Spain,La Escala (L'Escala),SEA,ESGLE
Spain,La Guardia,SEA,ESAGD
Spain,La Restinga,SEA,ESLRT
Spain,La Selva del Camp,SEA,ESTT2
Spain,La Seu d'Urgell,SEA,ESLSL
Spain,La Zarza,SEA,ESLZR
Spain,Lage,SEA,ESLAX
Spain,Lanzarote,SEA,ESACE
Spain,Lapuebla de Labarca,SEA,ESLAP
Spain,Las Casas de Alcanar,SEA,ESCDK
Spain,Las Noras de Daza,SEA,ESNDD
Spain,Las Palmas de Gran Canaria,SEA,ESLPA
Spain,Lecumberri,SEA,ESLEC
Spain,Legutiano,SEA,ESLGU
Spain,Les Borges del Camp,SEA,ESTG2
Spain,Lizartza,SEA,ESLIT
Spain,Lloret de Mar,SEA,ESLLO
Spain,Lloseta,SEA,ES2BL
Spain,Madridejos,SEA,ESMRJ
Spain,"Mahon, Menorca",SEA,ESMAH
Spain,Malaga,SEA,ESAGP
Spain,Malgrat de Mar,SEA,ESMMA
Spain,Maliano,SEA,ESMLO
Spain,Malpica (Malpica de Bergantinos),SEA,ESMAI
Spain,Mascaraque,SEA,ESMQU
Spain,Masnou,SEA,ESMSN
Spain,Miraclamp,SEA,ESMIC
Spain,Miranda de Ebro,SEA,ESMIX
Spain,Moana,SEA,ESMOA
Spain,Mogarraz,SEA,ESMOG
Spain,Mojacar,SEA,ESMOJ
Spain,Montblanc,SEA,ESMTC
Spain,Montesquiu,SEA,ESMTQ
Spain,Montiel,SEA,ESMOI
Spain,Moral de Calatrava,SEA,ESLTV
Spain,Morro del Jable,SEA,ESCUT
Spain,Motrico (Mutriku),SEA,ESMTU
Spain,Mourente,SEA,ESM8U
Spain,Munguia,SEA,ESMUN
Spain,Murillo de Rio Leza,SEA,ESMLJ
Spain,Musel-Arnao,SEA,ESMUS
Spain,Najera,SEA,ESNJE
Spain,Nuevo Baztan,SEA,ESAD6
Spain,Obanos,SEA,ESONS
Spain,Olazagutia,SEA,ESOLZ
Spain,Ondarroa,SEA,ESOND
Spain,Oroso,SEA,ESOSR
Spain,Ortigueira,SEA,ESOTG
Spain,Outes,SEA,ESOUT
Spain,Palamos,SEA,ESPAL
Spain,Palma de Mallorca,SEA,ESPMI
Spain,Palomeque,SEA,ESTO9
Spain,Pancorbo,SEA,ESPBU
Spain,Petra,SEA,ESPET
Spain,Pitillas,SEA,ESPIT
Spain,Playa Den Bossa,SEA,ESDBO
Spain,Playa San Juan,SEA,ESPSJ
Spain,Pola de Siero,SEA,ESPSO
Spain,Porreras,SEA,ESBPM
Spain,Posada de Llanera,SEA,ESPSL
Spain,Puebla de Sancho Perez,SEA,ESCHZ
Spain,Puebla del Caraminal,SEA,ESLPC
Spain,Puerto de la Cruz,SEA,ESRUZ
Spain,Puerto de la Estaca,SEA,ESHIE
Spain,Puerto de la Selva,SEA,ESPD3
Spain,Puerto de Playa de Santiago,SEA,ESPPS
Spain,Puerto de Sagunto,SEA,ESPDS
Spain,Puig-reig,SEA,ESPRG
Spain,Puras,SEA,ESPVA
Spain,Rajadell,SEA,ESRA5
Spain,Rejected,SEA,ES8TC
Spain,Renteria,SEA,ESRTA
Spain,Ribeira (Santa Uxia),SEA,ESRBI
Spain,Ripoll,SEA,ESRPL
Spain,Riudecanyes,SEA,ESCAQ
Spain,Rotova,SEA,ESOTO
Spain,Rubielos de Mora,SEA,ESRDE
Spain,Rueda,SEA,ESRUE
Spain,Sagunto,SEA,ESSAG
Spain,Salinas de Oro,SEA,ESS9S
Spain,Salinas De Pamplona,SEA,ESNRA
Spain,San Asensio,SEA,ESSAS
Spain,San Bartolome de Tirajana,SEA,ESSBT
Spain,San Carlos de la Rapita,SEA,ESSCR
Spain,San Cristobal de Entrevinas,SEA,ESV8C
Spain,San Feliu de Buxalleu,SEA,ESLIU
Spain,San Fernando,SEA,ESSFO
Spain,San Julian de Ramis,SEA,ESJRM
Spain,San Mames De Meruelo,SEA,ESM8M
Spain,San Miguel Del Arroyo,SEA,ESSO8
Spain,San Pedro Pescador,SEA,ESSAP
Spain,San Roman de Hornija,SEA,ESSRH
Spain,San Vicente,SEA,ESSVI
Spain,San Vicente de la Barquera,SEA,ESSVB
Spain,Sangenjo,SEA,ESSXX
Spain,Sanguineda,SEA,ESSP4
Spain,Sant Feliu de Guixols,SEA,ESSFU
Spain,Sant Feliu de Llobregat,SEA,ESSFL
Spain,Sant Joan Despi,SEA,ESSJO
Spain,Sant Lluis,SEA,ESSL4
Spain,Sant Miquel de Fluvia,SEA,ESSMD
Spain,Santa Agueda,SEA,ESSGD
Spain,Santa Cruz de La Palma,SEA,ESSPC
Spain,Santa Eugenia,SEA,ESEUG
Spain,Santa Eulalia del Rio,SEA,ESSTE
Spain,Santa Ursula,SEA,ESSUR
Spain,Santervas De Campos,SEA,ESS8C
Spain,Santiago del Campo,SEA,ESAAQ
Spain,Santo Angel,SEA,ESRUM
Spain,Santurce,SEA,ESSNR
Spain,Santurtz,SEA,ES4SS
Spain,Sanxenxo,SEA,ESHVC
Spain,Sarral,SEA,ESRAL
Spain,Sauzal,SEA,ESZMF
Spain,Sils,SEA,ESSIS
Spain,Sitges,SEA,ESSIT
Spain,Sobradelo,SEA,ESSL8
Spain,Son (Puerto del Son),SEA,ESPTN
Spain,Tabuenca,SEA,ESTBZ
Spain,Tazacorte,SEA,ESTAZ
Spain,Tejina,SEA,ESTJQ
Spain,Tijarafe,SEA,ESTJF
Spain,Torredembarra,SEA,ESTRR
Spain,Torrente,SEA,ESLE6
Spain,Tossa (Tossa de Mar),SEA,ESTKG
Spain,Trebujena,SEA,ESTRE
Spain,Trobajo del Cerecedo,SEA,ESTDC
Spain,Trubia,SEA,ESTRU
Spain,Ucieda,SEA,ESUIS
Spain,Urroz,SEA,ESURZ
Spain,Valdetorres de Jarama,SEA,ESDEJ
Spain,Vallcarca,SEA,ESVCC
Spain,Vidania,SEA,ESV7N
Spain,Villabona,SEA,ESVBN
Spain,Villaflor,SEA,ESZZ4
Spain,Villagarcia de Arosa,SEA,ESVIL
Spain,Villanueva y Geltru (Vilanova i la Geltru),SEA,ESVLG
Spain,Villarreal de Alava,SEA,ESALA
Spain,Villasana De Mena,SEA,ESV8M
Spain,Vitoria-Gasteiz,SEA,ESVIT
Spain,Viveiro,SEA,ESVIV
Spain,Vizmalo,SEA,ESVZM
Spain,Zalain,SEA,ESZ8N
Spain,Zuera,SEA,ESZUE
Spain,Port of Barcelona,SEA,ESBCN
Spain,Port of Valencia,SEA,ESVLC
Spain,Port of Algeciras,SEA,ESALG
Spain,Sa Canal,SEA,ESAAW
Spain,Los Abrigos,SEA,ESABG
Spain,Abanto,SEA,ESABH
Spain,Aldan-Hio,SEA,ESADI
Spain,Alcaudete de la Jaya,SEA,ESADT
Spain,Alcala,SEA,ESAEM
Spain,Alicante,SEA,ESALC
Spain,Almorox,SEA,ESAMX
Spain,Armintza,SEA,ESARW
Spain,Ataquines,SEA,ESATQ
Spain,Aviles,SEA,ESAVS
Spain,Ayora,SEA,ESAYR
Spain,Barbate,SEA,ESBBE
Spain,Brena Baja,SEA,ESBBJ
Spain,Bustio,SEA,ESBCD
Spain,Benegida,SEA,ESBDA
Spain,Berlanga,SEA,ESBGG
Spain,Berguenda,SEA,ESBGJ
Spain,Barallobre,SEA,ESBLE
Spain,Banugues,SEA,ESBNU
Spain,Boadilla del Monte,SEA,ESBOA
Spain,Barquero-Bares,SEA,ESBQB
Spain,Bermiyo Sallago,SEA,ESBSL
Spain,Belvis Jara,SEA,ESBVJ
Spain,Bouzas,SEA,ESBZS
Spain,Cadiz,SEA,ESCAD
Spain,Castell de Ferro,SEA,ESCAY
Spain,Combarro,SEA,ESCBY
Spain,Carcaixent,SEA,ESCCX
Spain,Cabo de Cruz - Boiro,SEA,ESCCZ
Spain,Cala-Ratjada,SEA,ESCEM
Spain,Ceuta,SEA,ESCEU
Spain,Casillas Flores,SEA,ESCFL
Spain,Calonge,SEA,ESCGE
Spain,Consuegra,SEA,ESCGR
Spain,Cayon,SEA,ESCIN
Spain,Camelle,SEA,ESCMY
Spain,Santa Cristina de Cobres,SEA,ESCOS
Spain,Campoamor,SEA,ESCPA
Spain,Carranque,SEA,ESCQU
Spain,Cabo Roig,SEA,ESCRG
Spain,Carpio Tajo,SEA,ESCRP
Spain,La Carihuela,SEA,ESCRQ
Spain,Cisneros,SEA,ESCSN
Spain,Camarzana Tera,SEA,ESCZT
Spain,Carreira-Aguino,SEA,ESDAA
Spain,Darbo,SEA,ESDRB
Spain,El Pindo,SEA,ESEAN
Spain,Cebolla,SEA,ESEBO
Spain,El Casar de Talamanca,SEA,ESECT
Spain,El Puntal,SEA,ESEEL
Spain,Elanchove,SEA,ESEEM
Spain,Empuriabrava,SEA,ESEMP
Spain,Enguera,SEA,ESENG
Spain,Huete,SEA,ESETH
Spain,Estartit,SEA,ESETT
Spain,S'Estanyol,SEA,ESETY
Spain,Fuente Higuera,SEA,ESFHG
Spain,Formentera Island,SEA,ESFLD
Spain,La Font den Carros,SEA,ESFNC
Spain,Frades,SEA,ESFRA
Spain,Fermoselle,SEA,ESFRM
Spain,Fornells,SEA,ESFRN
Spain,Fuensalida,SEA,ESFSL
Spain,Puerto del Rosario-Fuerteventura,SEA,ESFUE
Spain,Puerto de Granadilla,SEA,ESGND
Spain,Lagartera,SEA,ESGRT
Spain,Guisamo Bergondo,SEA,ESGSM
Spain,Gran Tarajal,SEA,ESGTL
Spain,Getxo,SEA,ESGTX
Spain,Hinojosa del Duque,SEA,ESHDD
Spain,Hermisende,SEA,ESHSN
Spain,Hontanaya,SEA,ESHTY
Spain,Huelva,SEA,ESHUV
Spain,Isla de Arosa,SEA,ESIAL
Spain,Isla Tabarca,SEA,ESIAM
Spain,Belchite,SEA,ESITE
Spain,Burujon,SEA,ESJON
Spain,La Aldea,SEA,ESLAH
Spain,Los Gigantes,SEA,ESLAK
Spain,La Caleta,SEA,ESLCT
Spain,La Graciosa,SEA,ESLGC
Spain,Llanos de Aridane (Los),SEA,ESLHN
Spain,La Poble de Farnals,SEA,ESLPF
Spain,Puerto de la Luz/Las Palmas,SEA,ESLPX
Spain,Lorbe,SEA,ESLRC
Spain,Mombuey,SEA,ESMBY
Spain,Mozoncillo,SEA,ESMCZ
Spain,Mera-Oleiros,SEA,ESMEO
Spain,Miguel Esteban,SEA,ESMET
Spain,Mugia,SEA,ESMGA
Spain,Magan,SEA,ESMGN
Spain,Mugardos,SEA,ESMGR
Spain,Morro Jable,SEA,ESMHR
Spain,Mesia,SEA,ESMIA
Spain,Miramar,SEA,ESMIR
Spain,Montefrio,SEA,ESMNF
Spain,"Marin, Pontevedra",SEA,ESMPG
Spain,Maracena,SEA,ESMRN
Spain,Muxia,SEA,ESMUX
Spain,Ayegui,SEA,ESNAA
Spain,Noblejas,SEA,ESNBL
Spain,Coristanco,SEA,ESNCO
Spain,Niembro,SEA,ESNEM
Spain,Santa Olalla,SEA,ESNLL
Spain,Monserrat,SEA,ESNRT
Spain,Mentrida,SEA,ESNTR
Spain,Olias del Rey,SEA,ESOLY
Spain,Mora,SEA,ESOMR
Spain,Orjiva,SEA,ESORJ
Spain,Ovinana,SEA,ESOVN
Spain,Orzola,SEA,ESOZL
Spain,Poris de Abona,SEA,ESPAB
Spain,Playa San Marcos,SEA,ESPAM
Spain,Pantoja,SEA,ESPAN
Spain,Pasajes,SEA,ESPAS
Spain,Picassent,SEA,ESPCN
Spain,Porto Cristo,SEA,ESPCR
Spain,Pontevedra,SEA,ESPEV
Spain,Puerto de Guimar,SEA,ESPGU
Spain,Punta Hidalgo,SEA,ESPHD
Spain,Polina Jucar,SEA,ESPJC
Spain,Playa Ingles,SEA,ESPLI
Spain,Palmeira,SEA,ESPMA
Spain,Panjon,SEA,ESPNJ
Spain,Sant Antoni de Portmany,SEA,ESPNY
Spain,Portugalete,SEA,ESPOR
Spain,S. Pedro del Pinatar-Lo Pagan,SEA,ESPPI
Spain,Puerto Calero,SEA,ESPRE
Spain,Puerto Rosario,SEA,ESPRO
Spain,Portosin,SEA,ESPRT
Spain,Puertomarin,SEA,ESPTM
Spain,Puerto del Carmen,SEA,ESPUC
Spain,Puerto de Vega,SEA,ESPVG
Spain,Puerto Santiago,SEA,ESQAE
Spain,Puerto Naos,SEA,ESQAH
Spain,Port de la Selva,SEA,ESQAJ
Spain,Quismondo,SEA,ESQIS
Spain,Rajo,SEA,ESRAC
Spain,Alcala del Rio,SEA,ESRDA
Spain,Renedo de Pielago,SEA,ESRDP
Spain,Redes,SEA,ESREE
Spain,Rinlo,SEA,ESRHR
Spain,El Rompido,SEA,ESROM
Spain,Ferreras,SEA,ESRRS
Spain,San Ciprian,SEA,ESSCI
Spain,San Cristobal,SEA,ESSCK
Spain,Santa Cruz de Tenerife,SEA,ESSCT
Spain,Sallent de Gallego,SEA,ESSDG
Spain,Santander,SEA,ESSDR
Spain,San Andres,SEA,ESSEM
Spain,Serra,SEA,ESSER
Spain,Casasimarro,SEA,ESSIO
Spain,Santa Maria de Corco,SEA,ESSMO
Spain,Santa Eugenia de Riveira,SEA,ESSNI
Spain,Santany,SEA,ESSNY
Spain,San Pedro Ceque,SEA,ESSPQ
Spain,Sancti Petri,SEA,ESSPT
Spain,Sardina,SEA,ESSRL
Spain,Sumarcarcer,SEA,ESSUM
Spain,Sevilla,SEA,ESSVQ
Spain,Teis-Chapela,SEA,ESTAG
Spain,Tijarafe,SEA,ESTAM
Spain,Taliarte - Melenara,SEA,ESTAN
Spain,Tarragona,SEA,ESTAR
Spain,Tabara,SEA,ESTBR
Spain,Tordoya,SEA,ESTDY
Spain,Torre Horadada,SEA,ESTHO
Spain,Real de Montroy,SEA,ESTRY
Spain,Toro,SEA,ESTTJ
Spain,Tornavacas,SEA,ESTVC
Spain,Tazones,SEA,ESTZN
Spain,La Atunara,SEA,ESUNR
Spain,Llauri,SEA,ESURI
Spain,Villajuan,SEA,ESVEM
Spain,Villanueva,SEA,ESVEN
Spain,Valle Guerra,SEA,ESVGE
Spain,Vigo,SEA,ESVGO
Spain,Viavelez,SEA,ESVIZ
Spain,Valera de Abajo,SEA,ESVJO
Spain,Vimianzo,SEA,ESVZO
Spain,Pontecesures,SEA,ESZJU
Finland,Abo (Turku),SEA,FITKU
Finland,Ajos,SEA,FIAJO
Finland,Alholmen,SEA,FIAHL
Finland,Asikkala,SEA,FIAKK
Finland,Baronsalmi,SEA,FIBAR
Finland,Bjorneborg (Pori),SEA,FIPOR
Finland,Borga (Porvoo),SEA,FIPRV
Finland,Brahestad (Raahe),SEA,FIRAA
Finland,Brando,SEA,FIBRA
Finland,Bromarv,SEA,FIBRO
Finland,Dalsbruk (Taalintehdas),SEA,FIDLS
Finland,Degerby,SEA,FIDEG
Finland,Dragsfjard,SEA,FIDRA
Finland,Ekenas (Tammisaari),SEA,FITAI
Finland,Elamajarvi,SEA,FIEM2
Finland,Enonkoski,SEA,FIENK
Finland,Esbo (Espoo),SEA,FIESP
Finland,Euraaminne (Eurajoki),SEA,FIEJO
Finland,Farjsundet,SEA,FIFAR
Finland,Foglo,SEA,FIFOG
Finland,Fredrikshamn (Hamina),SEA,FIHMN
Finland,Gottby (Godby),SEA,FIGDB
Finland,Gullo,SEA,FIGUL
Finland,Hailuoto,SEA,FIHAO
Finland,Hakkola,SEA,FIHAK
Finland,Halosenlahti,SEA,FILHO
Finland,Harvaluoto,SEA,FIHAR
Finland,Hiitinen,SEA,FIHIT
Finland,Himanka,SEA,FIHIM
Finland,Himankakyla,SEA,FIHMA
Finland,Hirvensalmi,SEA,FIHVM
Finland,Hogsara,SEA,FIHOG
Finland,Houtskar (Houtskari),SEA,FIHOU
Finland,Idensalmi (Iisalmi),SEA,FIIIS
Finland,Imatra,SEA,FIIMA
Finland,Inio,SEA,FIINI
Finland,Jakobstad (Pietarsaari),SEA,FIPRS
Finland,Janakkala,SEA,FIJAN
Finland,Joensuu,SEA,FIJOE
Finland,Joutseno,SEA,FIJOU
Finland,Jussaro,SEA,FIJUS
Finland,Jyvaskyla,SEA,FIJYV
Finland,Kaipola,SEA,FIKPL
Finland,Kalajoki,SEA,FIKJO
Finland,Kalliola,SEA,FIKK5
Finland,Kallviken,SEA,FIKLV
Finland,Kantlax (Kaitalahti),SEA,FIKAN
Finland,Kantvik,SEA,FIKNT
Finland,Karleby (Kokkola),SEA,FIKOK
Finland,Kaskinen (Kasko),SEA,FIKAS
Finland,Kasnas,SEA,FIKSN
Finland,Kemi/Tornea (Kemi/Tornio),SEA,FIKEM
Finland,Kemio (Kimito),SEA,FIKIM
Finland,Kesalahti,SEA,FIKES
Finland,Kilpilahti (Skoldvik),SEA,FISKV
Finland,Kirkniemi,SEA,FIKIR
Finland,Kitee,SEA,FIKTQ
Finland,Klamila,SEA,FIKLA
Finland,Kojonkulma,SEA,FIKOJ
Finland,Korpo (Korppoo),SEA,FIKOR
Finland,Koskenkorva,SEA,FIKKV
Finland,Kotka,SEA,FIKTK
Finland,Koverhaara (Koverhar),SEA,FIKVH
Finland,Kristiinankaupunki (Kristinestad),SEA,FIKRS
Finland,Kronvik,SEA,FIKRO
Finland,Kumlinge,SEA,FIKUM
Finland,Kuopio,SEA,FIKUO
Finland,Kuru,SEA,FIKUR
Finland,Lakulahti,SEA,FILAK
Finland,Lapaluoto,SEA,FILLO
Finland,Lappajarvi,SEA,FILPJ
Finland,Lappeenranta (Villmanstrand),SEA,FILPP
Finland,Lappohja (Lappvik),SEA,FILAP
Finland,Laukaa,SEA,FILUK
Finland,Lielax,SEA,FILLX
Finland,Lindkoski,SEA,FILSK
Finland,Lovbole,SEA,FILVB
Finland,Loviisa (Lovisa),SEA,FILOV
Finland,Luumaki,SEA,FILUA
Finland,Luvia,SEA,FILUV
Finland,Maaninka,SEA,FIMAA
Finland,Maarianhamina (Mariehamn),SEA,FIMHQ
Finland,Mantyluoto,SEA,FIMTY
Finland,Marsund,SEA,FIMRS
Finland,Merikarvia (Sastmola),SEA,FIMER
Finland,Mikkeli (Sankt Michel),SEA,FIMIK
Finland,Mustola,SEA,FIMUS
Finland,Naantali (Nadendal),SEA,FINLI
Finland,Nagu (Nauvo),SEA,FINAU
Finland,Nilsia,SEA,FINLS
Finland,Nousiainen (Nousis),SEA,FINOU
Finland,Nurmes,SEA,FINUR
Finland,Nykarleby (Uusikaarlepyy),SEA,FIUKP
Finland,Nyslott (Savonlinna),SEA,FISVL
Finland,Nystad (Uusikaupunki),SEA,FIUKI
Finland,Olkiluoto,SEA,FIOLK
Finland,Oulu (Uleaborg),SEA,FIOUL
Finland,Parainen (Pargas),SEA,FIPAR
Finland,Parhalahti,SEA,FIPAH
Finland,Parikkala,SEA,FIPRK
Finland,Parola,SEA,FIPAA
Finland,Perna (Pernaja),SEA,FIPER
Finland,Perttula,SEA,FIZBQ
Finland,Pihtipudas,SEA,FIPT2
Finland,Piikkio,SEA,FIPK9
Finland,Pohjankuru (Skuru),SEA,FIPOH
Finland,Poitsila,SEA,FIPSI
Finland,Rauma (Raumo),SEA,FIRAU
Finland,Rautaruukki,SEA,FIRTR
Finland,Reposaari,SEA,FIREP
Finland,Rimito (Rymattyla),SEA,FIRYM
Finland,Ristiina,SEA,FIRIS
Finland,Rouhu,SEA,FIRHU
Finland,Rovaniemi,SEA,FIRVN
Finland,Roytta,SEA,FIROY
Finland,Ruotsinpyhtaa (Stromfors),SEA,FIRUO
Finland,Ruovesi,SEA,FIRUI
Finland,Sando (Santasaari),SEA,FISAN
Finland,Sarkisalmi,SEA,FISSI
Finland,Sibbo (Sipoo),SEA,FISIP
Finland,Siilinjarvi,SEA,FISII
Finland,Siltakyla (Broby),SEA,FISLY
Finland,Skinnarvik,SEA,FISKI
Finland,Skutviken,SEA,FISKU
Finland,Snappertuna,SEA,FISNA
Finland,Sulkava,SEA,FISVK
Finland,Summa,SEA,FISMA
Finland,Sunila,SEA,FISUL
Finland,Suomenlinna (Sveaborg),SEA,FISBG
Finland,Tahkoluoto,SEA,FITHK
Finland,Taivassalo (Tovsala),SEA,FITVS
Finland,Tammerfors (Tampere),SEA,FITMP
Finland,Tervsund,SEA,FITSD
Finland,Tessjo (Tesjoki),SEA,FITJO
Finland,Tessvar,SEA,FITES
Finland,Tojby,SEA,FITOJ
Finland,Tolkis (Tolkkinen),SEA,FITOK
Finland,Tornea (Tornio),SEA,FITOR
Finland,Tottesund,SEA,FITOT
Finland,Tvarminne,SEA,FITVA
Finland,Uimaharju,SEA,FIUIM
Finland,Ulvila,SEA,FIULV
Finland,Uskila,SEA,FIUSK
Finland,Vaasa (Vasa),SEA,FIVAA
Finland,Varjakka,SEA,FIVJK
Finland,Varkaus,SEA,FIVRK
Finland,Varpuniemi (Kello),SEA,FIVIR
Finland,Vartsala,SEA,FIVAR
Finland,Vasklot (Vaskiluoto),SEA,FIWAS
Finland,Vastanfjard,SEA,FIVTF
Finland,Veitsiluoto,SEA,FIVEI
Finland,Velkua,SEA,FIVEL
Finland,Vestlax,SEA,FIVAS
Finland,Virrat (Virdois),SEA,FIVRA
Finland,Vuoksen Terminal,SEA,FIVKT
Finland,Vuosaari (Nordsjo),SEA,FIVSS
Finland,Yxpila,SEA,FIYXP
Finland,Port of Helsinki,SEA,FIHEL
Finland,Baggo,SEA,FIBAG
Finland,Bergo,SEA,FIBER
Finland,Elavisluoto,SEA,FIELA
Finland,Hahtisaari,SEA,FIHHT
Finland,Hangonkyla,SEA,FIHKL
Finland,Hango (Hanko),SEA,FIHKO
Finland,Hakkeenpaa,SEA,FIHKP
Finland,Jerisjarvi,SEA,FIJJR
Finland,Juuka,SEA,FIJUK
Finland,Keihassalmi,SEA,FIKEH
Finland,Kaakamoniemi,SEA,FIKKM
Finland,Klobbskat,SEA,FIKLB
Finland,Kaldinge,SEA,FIKLD
Finland,Kemijokisuu,SEA,FIKMJ
Finland,Kasnas,SEA,FIKNA
Finland,Korrvik,SEA,FIKOV
Finland,Krooka,SEA,FIKRA
Finland,Kuusinen,SEA,FIKUU
Finland,Kiviniemi/Kello,SEA,FIKVN
Finland,Lankoori,SEA,FILNK
Finland,Laupunen,SEA,FILPN
Finland,Laivaniemi,SEA,FILVN
Finland,Marjaniemi,SEA,FIMAR
Finland,Maksniemi,SEA,FIMKS
Finland,Mourusalmi,SEA,FIMSM
Finland,Mantyluoto,SEA,FIMTL
Finland,Multia,SEA,FIMUL
Finland,Munsala,SEA,FIMUN
Finland,Oskata/Nampnas,SEA,FINAM
Finland,Oulu,SEA,FIOLU
Finland,Pitkaluoto,SEA,FIPKT
Finland,Pennala,SEA,FIPNL
Finland,Puhos,SEA,FIPUH
Finland,Riutunkari,SEA,FIRIU
Finland,Finby (Sarkisalo),SEA,FISAR
Finland,Siltaharju,SEA,FISIL
Finland,Simojarvi,SEA,FISMJ
Finland,Simoniemi,SEA,FISMN
Finland,Sarkansalmi,SEA,FISRK
Finland,Varessaikka,SEA,FIVRS
Finland,Veskoniemi,SEA,FIVSK
Finland,Vuosnainen,SEA,FIVSN
Finland,Vatunginnokka,SEA,FIVTK
Faroe Islands,Hoyvik,SEA,FOHYV
Faroe Islands,Kollafjordur,SEA,FOKOL
Faroe Islands,Nolsoy,SEA,FONLS
Faroe Islands,Noryskali,SEA,FONSK
Faroe Islands,Runavik,SEA,FORVK
Faroe Islands,Skali,SEA,FOSKA
Faroe Islands,Sorvagur,SEA,FOSRV
Faroe Islands,Streymnes,SEA,FOSYN
Faroe Islands,Thorshavn,SEA,FOTHO
Faroe Islands,Torshavn,SEA,FOTOR
Faroe Islands,Tvoroyri,SEA,FOTVO
Faroe Islands,Vagur,SEA,FOVAG
Faroe Islands,Eidi,SEA,FOEDI
Faroe Islands,Hvannasund,SEA,FOHVN
Faroe Islands,Leirvik,SEA,FOLVK
Faroe Islands,Nordregote,SEA,FONDG
Faroe Islands,Runavik,SEA,FORUN
Faroe Islands,Sjovar havn,SEA,FOSJO
Faroe Islands,Strendur,SEA,FOSTR
Faroe Islands,Toftir,SEA,FOTOF
France,Abbeville,SEA,FRABB
France,Achery,SEA,FRA86
France,Agen,SEA,FRAGF
France,Aiserey,SEA,FRAWS
France,Ajaccio,SEA,FRAJA
France,Allamps,SEA,FRTKU
France,Ambes,SEA,FRAMS
France,Ambly-sur-Meuse,SEA,FRYMS
France,Andernos-les-Bains,SEA,FRADB
France,Anse,SEA,FRXAN
France,Antibes,SEA,FRANT
France,Apach,SEA,FRAAH
France,Aramon,SEA,FRAAO
France,Arcachon,SEA,FRARC
France,Ardres,SEA,FRARD
France,Ares,SEA,FRTWA
France,Argancy,SEA,FRAXY
France,Argeliers,SEA,FRAJR
France,Argenton,SEA,FRAR5
France,Armentieres,SEA,FRRME
France,Arras,SEA,FRARR
France,Asnieres-sur-Seine,SEA,FRAQS
France,Aubais,SEA,FRA84
France,Audierne,SEA,FRAUD
France,Audruicq,SEA,FRAIQ
France,Auvers-sur-Oise,SEA,FRAEO
France,Auxerre,SEA,FRAUF
France,Avignon,SEA,FRAVN
France,Ay,SEA,FRAYW
France,Aytre,SEA,FRAYT
France,Azille,SEA,FRZLE
France,Baden,SEA,FRNOP
France,Bains-les-Bains,SEA,FRIBA
France,Balaruc-les-Bains,SEA,FRBLF
France,Bantouzelle,SEA,FRNTZ
France,Bar-le-Duc,SEA,FRBLD
France,Basse Indre,SEA,FRBAI
France,Bassens,SEA,FRBAS
France,Bastia,SEA,FRBIA
France,Bauvin,SEA,FRBQA
France,Bavilliers,SEA,FRBAV
France,Bayon,SEA,FRWBY
France,Bayonne,SEA,FRBAY
France,Beaucaire,SEA,FRBCA
France,Beaumont-de-Pertuis,SEA,FRB6P
France,Beaumont-sur-Oise,SEA,FRBMT
France,Bec d'Ambes,SEA,FRBEC
France,Begaar,SEA,FRBXU
France,Beguey,SEA,FREUE
France,Belin-Beliet,SEA,FRBBQ
France,Benodet,SEA,FRDBE
France,Bernieres-sur-Seine,SEA,FRIUS
France,Berre-l'Etang,SEA,FRETB
France,Berre-l'Etang,SEA,FRBEE
France,Beru,SEA,FRYF2
France,Berville-sur-Mer,SEA,FRBEV
France,Besancon,SEA,FRBSN
France,Bessan,SEA,FR3CG
France,Besse-sur-Issole,SEA,FRKJ9
France,Besson,SEA,FRTU9
France,Bethune,SEA,FRBET
France,Betton,SEA,FRBTU
France,Biaches,SEA,FRIHS
France,Biarritz,SEA,FRBIQ
France,Bidart,SEA,FRBDD
France,Billy-le-Grand,SEA,FRDNZ
France,Bissert,SEA,FRIRT
France,Bisseuil,SEA,FREUY
France,Blagny-sur-Vingeanne,SEA,FRYVG
France,Blaye,SEA,FRBYE
France,Blenod-les-Pont-a-Mousson,SEA,FRBPS
France,Blienschwiller,SEA,FRWMN
France,Blomac,SEA,FRMWF
France,Bogy,SEA,FRYGO
France,Bohas,SEA,FRHOB
France,Boissettes,SEA,FRBCQ
France,Bollene,SEA,FRBXO
France,Bonifacio,SEA,FRBON
France,Bonneil,SEA,FRMQP
France,Bonnencontre,SEA,FRHJK
France,Bonneuil-sur-Marne,SEA,FRBSM
France,Bonsecours,SEA,FRBSC
France,Bordeaux,SEA,FRBOD
France,Bordeaux-Bruges,SEA,FRGID
France,Bossugan,SEA,FRBG3
France,Botans,SEA,FRBFT
France,Bouc-Bel-Air,SEA,FRXBA
France,Bouchain,SEA,FRBHC
France,Boucharey,SEA,FRBHR
France,Bouchet,SEA,FRFUC
France,Bougival,SEA,FRUGV
France,Bouguenais,SEA,FRNEG
France,Boujan-sur-Libron,SEA,FRUJA
France,Bouliac,SEA,FRAAI
France,Boulogne-Billancourt,SEA,FROGB
France,Boulogne-sur-Mer,SEA,FRBOL
France,Boulouris-sur-Mer,SEA,FRUUL
France,Bourcefranc-le-Chapus,SEA,FRBH4
France,Bourg-Charente,SEA,FRRTE
France,Bourg-sur-Gironde,SEA,FRBSG
France,Boursault,SEA,FRUUO
France,Boutiers-Saint-Trojan,SEA,FROJA
France,Bouzeron,SEA,FREZR
France,Bouzigues,SEA,FRGUZ
France,Bragassargues,SEA,FRQDF
France,Bram,SEA,FRZTW
France,Bras,SEA,FRQXC
France,Brasles,SEA,FRAJK
France,Brazey-en-Plaine,SEA,FRBEP
France,Brebieres,SEA,FRBRQ
France,Brebotte,SEA,FRBQT
France,Brehan,SEA,FREHA
France,Brest,SEA,FRBES
France,Brethenay,SEA,FREHY
France,Brie,SEA,FR66F
France,Brie-sous-Matha,SEA,FRMHT
France,Brimont,SEA,FRB2T
France,Brive,SEA,FRBSD
France,Bruch,SEA,FRUUC
France,Buffon,SEA,FRUFN
France,Bully,SEA,FRBYB
France,Busnes,SEA,FRP5C
France,Butry-sur-Oise,SEA,FRUYO
France,Buxeuil,SEA,FRXEU
France,Buxieres-sur-Arce,SEA,FRBXE
France,Buzet-sur-Baise,SEA,FRZUI
France,Cabourg,SEA,FRCAW
France,Caen,SEA,FRCFR
France,Calais,SEA,FRCQF
France,Calvi,SEA,FRCLY
France,Camillac,SEA,FRQZX
France,Campagnac,SEA,FRPHG
France,Campagne,SEA,FRQMM
France,Camp-du-Castellet,SEA,FRUDP
France,Camplong-d'Aude,SEA,FRZXC
France,Cannes,SEA,FRCEQ
France,Cantois,SEA,FRCCK
France,Capbreton,SEA,FRCBT
France,Capendu,SEA,FRCDX
France,Capinghem,SEA,FRCP3
France,Caplong,SEA,FRCQQ
France,Capo Pertusato,SEA,FRC2P
France,Carlux,SEA,FRUXL
France,Carnac,SEA,FRNAC
France,Carnas,SEA,FRVCS
France,Carnoules,SEA,FRZZU
France,Caromb,SEA,FRZMB
France,Caronte,SEA,FRCOZ
France,Castets-en-Dorthe,SEA,FRCDH
France,Caumont-sur-Garonne,SEA,FRCQG
France,Cauneille,SEA,FRUNL
France,Cendrecourt,SEA,FRCQD
France,Cepoy,SEA,FRCJO
France,Cerons,SEA,FRCCN
France,Chailly-sur-Armancon,SEA,FRYXA
France,Chalons-en-Champagne,SEA,FRCSM
France,Chalon-sur-Saone,SEA,FRCSS
France,Chamblanc,SEA,FRCMC
France,Chamilly,SEA,FRCYI
France,Champ-sur-Layon,SEA,FRN7E
France,Chanos-Curson,SEA,FRC26
France,Chardonnay,SEA,FRAO7
France,Charentenay,SEA,FRHRA
France,Charleville-Mezieres,SEA,FRCHM
France,Charly-sur-Marne,SEA,FRCM4
France,Charmes,SEA,FRV88
France,Charteves,SEA,FRRTV
France,Chasselay,SEA,FR69R
France,Chassey-le-Camp,SEA,FRCC4
France,Chateau-Landon,SEA,FRCQN
France,Chateauneuf-le-Rouge,SEA,FRMHJ
France,Chateauneuf-sur-Loire,SEA,FRFBG
France,Chateauvert,SEA,FRQWC
France,Chatillon-Coligny,SEA,FRTCJ
France,Chatillon-Saint-Jean,SEA,FRCXA
France,Chatillon-sur-Loire,SEA,FRCXS
France,Chauffour,SEA,FRIY8
France,Chaumont,SEA,FRCMT
France,Chaumousey,SEA,FRHAO
France,Chausey,SEA,FRC2H
France,Cheminas,SEA,FRDC2
France,Chenac-Saint-Seurin-d'Uzet,SEA,FRCS5
France,Cheny,SEA,FRHY9
France,Cherbourg-en-Cotentin,SEA,FRCER
France,Chessy,SEA,FRHEY
France,Chierry,SEA,FRHIY
France,Chipilly,SEA,FRHPY
France,Chooz,SEA,FROOZ
France,Chusclan,SEA,FRG8R
France,Civrac-de-Blaye,SEA,FRXLZ
France,Cognac,SEA,FRCNG
France,Cognocoli,SEA,FRONY
France,Collorgues,SEA,FRZT7
France,Colmar,SEA,FRCMR
France,Colombier,SEA,FRMJY
France,Colombiers,SEA,FRQYV
France,Combaillaux,SEA,FRRZW
France,Compiegne,SEA,FRCMP
France,Comps,SEA,FREZX
France,Concarneau,SEA,FRCOC
France,Corcelles-en-Beaujolais,SEA,FRXCB
France,Corcelles-les-Arts,SEA,FRZLL
France,Corconne,SEA,FRZNN
France,Cordemais,SEA,FRCXY
France,Cormeilles,SEA,FRZMM
France,Cormeray,SEA,FRZMY
France,Cormicy,SEA,FRQQQ
France,Coustellet,SEA,FRCT2
France,Cravant,SEA,FRRAV
France,Creac'h-Point,SEA,FRRHP
France,Creancey,SEA,FRCR4
France,Creches-sur-Saone,SEA,FRCSD
France,Creil,SEA,FRCRL
France,Crestet,SEA,FRHZK
France,Crezancy-en-Sancerre,SEA,FRVH4
France,Crissay-sur-Manse,SEA,FRMKX
France,Crouttes-sur-Marne,SEA,FRQSM
France,Cruscades,SEA,FRCQR
France,Cruzy,SEA,FRKLY
France,Cubry-les-Soing,SEA,FRYOG
France,Cubzac-les-Ponts,SEA,FRCCP
France,Cuffies,SEA,FRUFF
France,Cuxac-d'Aude,SEA,FRCA2
France,Dallon,SEA,FRDAL
France,Deauville,SEA,FRDOL
France,Demangevelle,SEA,FRDMV
France,Demigny,SEA,FRQVP
France,Denain,SEA,FRDEN
France,Denee,SEA,FRZPP
France,Denice,SEA,FRQLK
France,Deyme,SEA,FRDDR
France,Dieppe,SEA,FRDPE
France,Dieue-Sur-Meuse,SEA,FR9DS
France,Dieulouard,SEA,FREDU
France,Dijon,SEA,FRDIJ
France,Dions,SEA,FRDNJ
France,Dom-le-Mesnil,SEA,FRDML
France,Dormans,SEA,FRDMS
France,Douarnenez,SEA,FRDRZ
France,Dunkerque,SEA,FRDKK
France,Ecuelles,SEA,FRECI
France,Ecutigny,SEA,FRUTI
France,Epagne-Epagnette,SEA,FREGG
France,Epervans,SEA,FR5EP
France,Epineuil,SEA,FREP5
France,Ercheu,SEA,FREHU
France,Erome,SEA,FRER4
France,Esbly,SEA,FRESB
France,Escautpont,SEA,FRTJX
France,Essomes-sur-Marne,SEA,FREM2
France,Estaires,SEA,FREXS
France,Etalans,SEA,FRETA
France,Etiolles,SEA,FREIO
France,Etrigny,SEA,FRPF4
France,Evry,SEA,FREVR
France,Eyrein,SEA,FREYZ
France,Fecamp,SEA,FRFEC
France,Fermanville,SEA,FRF2V
France,Feuilleres,SEA,FRFUL
France,Feyzin,SEA,FRFEY
France,Flammerans,SEA,FRSNM
France,Fleurey-sur-Ouche,SEA,FRYSO
France,Flins,SEA,FRFNS
France,Fontafie,SEA,FRFIE
France,Fontaine-le-Port,SEA,FRFOP
France,Fort-Batard,SEA,FRFTB
France,Fos-sur-Mer,SEA,FRFOS
France,Fouesnant,SEA,FRFUS
France,Fougeres-sur-Bievre,SEA,FRFBI
France,Fraisse-des-Corbieres,SEA,FRFDR
France,Francueil,SEA,FRFA3
France,Frangy,SEA,FRRNY
France,Fresnes-sur-Escaut,SEA,FRFAU
France,Fresnes-sur-Marne,SEA,FRF3M
France,Fublaines,SEA,FRFBL
France,Fumay,SEA,FRFMA
France,Gauriac,SEA,FRGUR
France,Gennevilliers,SEA,FRGVL
France,Gergy,SEA,FRGXY
France,Geudertheim,SEA,FRGHD
France,Gigny-sur-Saone,SEA,FRGAO
France,Glaire-et-Villette,SEA,FRG8V
France,Gonfreville-l'Orcher,SEA,FRGLO
France,Grande-Synthe,SEA,FRGDS
France,Granville,SEA,FRGFR
France,Gravelines,SEA,FRGRV
France,Gravette,SEA,FRGV6
France,Grigny,SEA,FRGNY
France,Groix,SEA,FRG2X
France,Guarbecque,SEA,FRGBQ
France,Guenrouet,SEA,FRGXE
France,Guerville,SEA,FRUVI
France,Gueux,SEA,FRUEU
France,Guichen,SEA,FRGCH
France,Guimaec,SEA,FRUIM
France,Guines,SEA,FRUNS
France,Gujan-Mestras,SEA,FRGMS
France,Haisnes,SEA,FRHS2
France,Hardricourt,SEA,FRY78
France,Harfleur,SEA,FRHRF
France,Harnes,SEA,FRHRN
France,Hartzviller,SEA,FRH57
France,Hautvillers,SEA,FRHV2
France,Hennebont,SEA,FRHET
France,Herault,SEA,FRH99
France,Heudebouville,SEA,FRHBV
France,Hohwarth,SEA,FRH67
France,Hombourg,SEA,FRHOG
France,Homps,SEA,FRRFA
France,Honfleur,SEA,FRHON
France,Hordain,SEA,FRJKI
France,Hossegor,SEA,FRHSG
France,Huningue,SEA,FRHUN
France,Hyeres,SEA,FRHYR
France,Igney,SEA,FRIXY
France,Illange,SEA,FRLJG
France,Ingrandes,SEA,FRIGS
France,Isigny-sur-Mer,SEA,FRISM
France,Isle-Saint-Georges,SEA,FRISG
France,Issou,SEA,FRIOU
France,Izon,SEA,FRIZO
France,Javrezac,SEA,FRJAV
France,Joigny,SEA,FRUXE
France,Jouarre,SEA,FRJUU
France,Juan-les-Pins,SEA,FRJLP
France,Junay,SEA,FRYAN
France,La Barbotiere,SEA,FRBR5
France,La Bassee,SEA,FRLBD
France,La Beaumette,SEA,FRBM3
France,La Bussiere-sur-Ouche,SEA,FRBQH
France,La Cerlangue,SEA,FRCL2
France,La Chapelle,SEA,FRM2S
France,La Chapelle-Saint-Sauveur,SEA,FRCS2
France,La Ciotat,SEA,FRLCT
France,La Couarde-sur-Mer,SEA,FRRDM
France,La Foret-Fouesnant,SEA,FRLZF
France,La Grande-Motte,SEA,FRGDM
France,La Maxe,SEA,FRLMW
France,la Mede,SEA,FRLMD
France,La Moutonne,SEA,FRL83
France,la Pallice,SEA,FRLPE
France,La Penne-sur-Ouveze,SEA,FRJYS
France,La Redorte,SEA,FRRDT
France,La Riviere,SEA,FRG33
France,La Rochelle,SEA,FRLRH
France,La Seyne-sur-Mer,SEA,FRYNE
France,La Trinite-sur-Mer,SEA,FRMHB
France,La Turballe,SEA,FRTBE
France,Labege,SEA,FREGE
France,Lagny-sur-Marne,SEA,FRLGM
France,Lamagistere,SEA,FRLQG
France,Lamor-Plage,SEA,FRLP7
France,Landerneau,SEA,FRLDN
France,Langon,SEA,FRANO
France,Lanildut,SEA,FRDUT
France,Lannion,SEA,FRLAI
France,Lauraguel,SEA,FRLA5
France,Lauris,SEA,FRLA4
France,Lavans-les-Dole,SEA,FRNSD
France,Lavera,SEA,FRLAV
France,Lazenay,SEA,FRZYL
France,Le Barcares,SEA,FRBCJ
France,Le Bonhomme,SEA,FRBN4
France,Le Cailar,SEA,FRCIJ
France,Le Cap-d'Agde,SEA,FRAGK
France,le Chateau Renard,SEA,FRRYG
France,Le Chesne,SEA,FREHN
France,Le Controis-en-Sologne,SEA,FRCN6
France,Le Creusot,SEA,FRLCR
France,Le Crotoy,SEA,FROTY
France,Le Fret,SEA,FRLFR
France,Le Grand-Quevilly,SEA,FRUEV
France,Le Grau-du-Roi,SEA,FRLGR
France,le Guildo,SEA,FRLGU
France,Le Havre,SEA,FRLEH
France,Le Lion-d'Angers,SEA,FRDXG
France,Le Martelet,SEA,FRE7M
France,Le Mas-d'Agenais,SEA,FRLQA
France,Le Meriot,SEA,FRMZK
France,Le Moustoir,SEA,FRLWM
France,Le Perreux-sur-Marne,SEA,FRLXA
France,Le Quesne,SEA,FREQN
France,Le Roc-Saint-Andre,SEA,FRBBB
France,Le Sourn,SEA,FRCGF
France,Le Theil-sur-Huisne,SEA,FRHSN
France,Le Thoronet,SEA,FRTEW
France,Le Treport,SEA,FRLTR
France,Le Verdon-sur-Mer,SEA,FRLVE
France,Le Vivier-sur-Mer,SEA,FRVM6
France,Lege-Cap-Ferret,SEA,FRLF2
France,L'Eguille,SEA,FRUCM
France,Lerouville,SEA,FREUI
France,Les Angles,SEA,FRGLA
France,Les Billaux,SEA,FRLSB
France,Les Fougerets,SEA,FRFTJ
France,Les Jonchets,SEA,FRPH2
France,Les Sables-d'Olonne,SEA,FRLSO
France,Les Trois-Fontaines,SEA,FRLTF
France,Lesconil,SEA,FRLKL
France,Lesdins,SEA,FRLQD
France,Leucate,SEA,FRUTE
France,Lezardrieux,SEA,FRLEZ
France,Libourne,SEA,FRLIB
France,Lignieres-de-Touraine,SEA,FRL5T
France,L'Ile-d'Olonne,SEA,FRDLJ
France,L'Ile-d'Yeu,SEA,FRIDY
France,L'Ile-Rousse,SEA,FRILR
France,Lille,SEA,FRLLE
France,Limay,SEA,FRLMY
France,Limetz-Villez,SEA,FRLMZ
France,Lire,SEA,FRL49
France,Loche,SEA,FRLO7
France,Locmiquelic,SEA,FROQL
France,Loctudy,SEA,FRLOC
France,Loisy,SEA,FRLOW
France,Longueau,SEA,FRLOA
France,Lorient,SEA,FRLRT
France,L'Oserie,SEA,FROEI
France,Louailles,SEA,FRGT3
France,Lugrin,SEA,FRLUQ
France,Luneray,SEA,FRXRY
France,Lutzelbourg,SEA,FROSH
France,Luzancy,SEA,FRZCY
France,Lyon,SEA,FRLIO
France,Macau,SEA,FRMCQ
France,Macon,SEA,FRMAC
France,Magnanville,SEA,FRMVG
France,Mailly-le-Chateau,SEA,FRM89
France,Malleval,SEA,FRMV2
France,Malmy,SEA,FRMMV
France,Marans,SEA,FRMRN
France,Mareuil-le-Port,SEA,FRULP
France,Mareuil-les-Meaux,SEA,FRUMX
France,Marolles,SEA,FRMR7
France,Marseillan,SEA,FRMWR
France,Marseille,SEA,FRMRS
France,Martot,SEA,FRMQA
France,Maubeuge,SEA,FRMAU
France,Mauguio,SEA,FRMGU
France,Mauves,SEA,FRUVJ
France,Meaux,SEA,FRMEA
France,Melun,SEA,FRMEL
France,Merifons,SEA,FRME4
France,Merignat,SEA,FRMR6
France,Mery-sur-Oise,SEA,FRMSI
France,Metz,SEA,FRMZM
France,Mezieres-sur-Seine,SEA,FRMZS
France,Mezoargues,SEA,FRWQA
France,Millery,SEA,FRMQY
France,Mirepeisset,SEA,FRWWW
France,Mireval,SEA,FRMRW
France,Moidrey,SEA,FRDYJ
France,Molosmes,SEA,FRML9
France,Monein,SEA,FRZXN
France,Monguilhem,SEA,FRYUP
France,Monmelian,SEA,FRNLJ
France,Monnieres,SEA,FRUJK
France,Monnieres,SEA,FRPKM
France,Montallery,SEA,FRNYY
France,Montargis,SEA,FRMOS
France,Montbartier,SEA,FRMBT
France,Montbeliard,SEA,FRMTD
France,Montech,SEA,FRMT6
France,Montoir-de-Bretagne,SEA,FRMTX
France,Monze,SEA,FRNZ3
France,Morainvilliers,SEA,FRILS
France,Morance,SEA,FRMC9
France,Morlaix,SEA,FRMXN
France,Morsang-sur-Seine,SEA,FRGSU
France,Moulle,SEA,FRMJU
France,Mouy-sur-Seine,SEA,FRYUS
France,Moyencourt,SEA,FRMYK
France,Mudaison,SEA,FRMDA
France,Muides-sur-Loire,SEA,FRKLU
France,Muids,SEA,FRM75
France,Mulcent,SEA,FRTXM
France,Mulhouse,SEA,FRMLH
France,Murviel,SEA,FRVJE
France,Mutigny,SEA,FRGJN
France,Nancy,SEA,FRENC
France,Nantes,SEA,FRNTE
France,Nanteuil-sur-Aisne,SEA,FRNUS
France,Nemours,SEA,FRNMS
France,Neuf-Brisach,SEA,FRNEF
France,Nevers,SEA,FRNVS
France,Nice,SEA,FRNCE
France,Nommay,SEA,FRN25
France,Novillars,SEA,FRW2C
France,Noyen-sur-Seine,SEA,FRXVY
France,Oigny-en-Valois,SEA,FROYI
France,Olonzac,SEA,FR43H
France,Ondes,SEA,FRJFM
France,Orchamps,SEA,FROHP
France,Ottmarsheim,SEA,FROTM
France,Ouistreham,SEA,FROUI
France,Pagny-la-Ville,SEA,FRPAD
France,Paillencourt,SEA,FRPNU
France,Paimbuf,SEA,FRPBF
France,Paimpol,SEA,FRPAI
France,Pantin,SEA,FRTIN
France,Pargny-sur-Saulx,SEA,FRPYX
France,Paris,SEA,FRPAR
France,Pauillac,SEA,FRPAP
France,Penmarc'H Point,SEA,FRNRH
France,Perignat-les-Sarlieve,SEA,FRG63
France,Pernant,SEA,FRPWA
France,Petit-Couronne,SEA,FRPET
France,Plassac,SEA,FR33G
France,Plesse,SEA,FR4PS
France,Pleudihen-sur-Rance,SEA,FRPHN
France,Plichancourt,SEA,FRPHT
France,Plobsheim,SEA,FRPXZ
France,Plogoff,SEA,FROFF
France,Plombieres-les-Dijon,SEA,FRPD2
France,Plouer-sur-Rance,SEA,FRRUR
France,Plozevet,SEA,FRZEV
France,Pogny,SEA,FRPGQ
France,Pont-Arcy,SEA,FRPAJ
France,Pont-Aven,SEA,FRF29
France,Pont-a-Vendin,SEA,FRP62
France,Pontavert,SEA,FRPTV
France,Pont-de-l'Isere,SEA,FRPTI
France,Pont-de-Vaux,SEA,FRPVX
France,Pont-d'Ouche,SEA,FRPNH
France,Ponte Leccia,SEA,FRKLO
France,Pont-l'Abbe,SEA,FRPAB
France,Pontlevoy,SEA,FRZXH
France,Pont-Rean,SEA,FRPQC
France,Pontrieux,SEA,FRPOX
France,Pont-Sainte-Maxence,SEA,FRPSX
France,Pornic,SEA,FRPRC
France,Porquerolles,SEA,FREMR
France,Port de Goulee,SEA,FRPG5
France,Port Manec'h,SEA,FRPM6
France,Port-de-Bouc,SEA,FRPDB
France,Port-en-Bessin-Huppain,SEA,FRRTB
France,Portiragnes,SEA,FRPH4
France,Port-Jerome,SEA,FRPJE
France,Port-Joinville,SEA,FRPRJ
France,Port-la-Nouvelle,SEA,FRNOU
France,Port-Navalo,SEA,FRPNF
France,Porto-Vecchio,SEA,FRPVO
France,Port-Sainte-Marie,SEA,FRXER
France,Port-Saint-Louis-du-Rhone,SEA,FRPSL
France,Port-Vendres,SEA,FRPOV
France,Poses,SEA,FRPQE
France,Pougny,SEA,FRZXD
France,Pouille,SEA,FRPKL
France,Pouillenay,SEA,FRYUJ
France,Pouilly,SEA,FRUJY
France,Pouilly-sur-Loire,SEA,FRPKS
France,Pouldreuzic,SEA,FRZIC
France,Precy-sur-Marne,SEA,FRPUM
France,Prefailles,SEA,FRPI9
France,Prinquiau,SEA,FRHYJ
France,Propriano,SEA,FRPRP
France,Pupillin,SEA,FRDXZ
France,Puyguilhem,SEA,FRHEJ
France,Puyricard,SEA,FRARJ
France,Quenne,SEA,FRQEN
France,Quiberon,SEA,FRQUI
France,Quimper,SEA,FRUIP
France,Quinsac,SEA,FRQSC
France,Rabastens,SEA,FRABA
France,Radicatel,SEA,FRRAD
France,Ramillies,SEA,FRRLI
France,Ravigny,SEA,FRXXD
France,Rech,SEA,FRRQE
France,Redon,SEA,FRRDN
France,Reichstett,SEA,FRREI
France,Reignier-Esery,SEA,FRQWM
France,Reims,SEA,FRRHE
France,Ressons-le-Long,SEA,FR9SS
France,Richemont,SEA,FRIHT
France,Riec-sur-Belon,SEA,FRIEC
France,Rions,SEA,FRRN3
France,Rivecourt,SEA,FRRVC
France,Rochefort,SEA,FRRCO
France,Roche-Saint-Secret,SEA,FRR26
France,Rogny-les-Sept-Ecluses,SEA,FRYGP
France,Roncq,SEA,FRRON
France,Roquebrune-sur-Argens,SEA,FRRSA
France,Roquecourbe,SEA,FRWIK
France,Roquefort-des-Corbieres,SEA,FRBKD
France,Rosieres-aux-Salines,SEA,FRRXL
France,Rosult,SEA,FRRSQ
France,Roubaix,SEA,FRROU
France,Rouen,SEA,FRURO
France,Royan,SEA,FRRYN
France,Rungis,SEA,FRRUN
France,Saacy-sur-Marne,SEA,FRS5M
France,Sailly-sur-la-Lys,SEA,FRSYY
France,Saint-Andre-de-la-Roche,SEA,FR4S4
France,Saint-Androny,SEA,FRMMJ
France,Saint-Bonnet-sur-Gironde,SEA,FRBG2
France,Saint-Brevin-l'Ocean,SEA,FRICN
France,Saint-Christ-Briost,SEA,FRSQS
France,Saint-Christoly-Medoc,SEA,FRDCJ
France,Saint-Christophe-la-Couperie,SEA,FRPJH
France,Saint-Desirat,SEA,FRRZT
France,Sainte-Anne-sur-Vilaine,SEA,FRNLA
France,Sainte-Gemmes-sur-Loire,SEA,FRSGT
France,Sainte-Maure-de-Peyriac,SEA,FRMDW
France,Saint-Gereon,SEA,FRGON
France,Saint-Gilles,SEA,FRXGL
France,Saint-Gilles,SEA,FRNGI
France,Saint-Gilles-Croix-de-Vie,SEA,FRXGV
France,Saint-Gonnery,SEA,FRUJI
France,Saint-Julien-de-Chedon,SEA,FRKAQ
France,Saint-Leger-le-Petit,SEA,FRGPI
France,Saint-Leger-sur-Dheune,SEA,FRXDH
France,Saint-Malo,SEA,FRSML
France,Saint-Martin-d'Ardeche,SEA,FRDAD
France,Saint-Martin-la-Garenne,SEA,FRTMG
France,Saint-Nazaire,SEA,FRSNR
France,Saint-Nicolas,SEA,FRPC6
France,Saint-Pair-sur-Mer,SEA,FRFS4
France,Saint-Paul,SEA,FRSP5
France,Saint-Pierre-d'Autils,SEA,FRPDU
France,Saint-Pierre-de-Manneville,SEA,FRX28
France,Saint-Pierre-Quiberon,SEA,FRSQR
France,Saint-Quentin,SEA,FRSTQ
France,Saint-Quentin-la-Motte-Croix-au-Bailly,SEA,FRQLC
France,Saint-Remy,SEA,FRSIR
France,Saint-Satur,SEA,FRUJJ
France,Saint-Saturnin,SEA,FRSS2
France,Saint-Saturnin-d'Apt,SEA,FRTQJ
France,Saint-Sauveur-de-Meilhan,SEA,FRUJQ
France,Saint-Savinien,SEA,FRIAV
France,Saint-Sebastien-sur-Loire,SEA,FRSSK
France,Saint-Seuri-de-Bourg,SEA,FRUQJ
France,Saint-Simon,SEA,FRTIM
France,Saint-Thibault-des-Vignes,SEA,FRVIG
France,Saint-Urcisse,SEA,FRUCS
France,Saint-Usage,SEA,FRTUA
France,Saint-Vaize,SEA,FRXCS
France,Saint-Valery-sur-Somme,SEA,FRSVS
France,Saint-Vallerin,SEA,FRVNR
France,Saint-Vallier,SEA,FRVA5
France,Saint-Vit,SEA,FRSIT
France,Saint-Wandrille-Rancon,SEA,FRSWD
France,Samois-sur-Seine,SEA,FRQSO
France,Samoreau,SEA,FRSMW
France,Sance,SEA,FRSNQ
France,Sandrancourt,SEA,FRSQV
France,Santoche,SEA,FRQTS
France,Sarralbe,SEA,FRRRB
France,Sarreguemines,SEA,FRSAR
France,Saubusse,SEA,FRUBS
France,Saudoy,SEA,FROYY
France,Sauvoy,SEA,FRSYQ
France,Segre,SEA,FREGR
France,Sene,SEA,FRM56
France,Sercus,SEA,FRS8C
France,Sete,SEA,FRSET
France,Seurre,SEA,FRSUP
France,Seyssuel,SEA,FRYSU
France,Solesmes,SEA,FRSLV
France,Sorcy-Saint-Martin,SEA,FRYSM
France,Soulanges,SEA,FRQGS
France,Spycker,SEA,FRSPK
France,Strasbourg,SEA,FRSXB
France,Taponas,SEA,FRRH7
France,Ternay,SEA,FRTZZ
France,Thionville,SEA,FRTVL
France,Thomery,SEA,FRTGH
France,Thun-Saint-Martin,SEA,FRTMN
France,Tigery,SEA,FRTIG
France,Tonnay-Charente,SEA,FRTON
France,Toucy,SEA,FRTUU
France,Toulenne,SEA,FRRF3
France,Toulon,SEA,FRTLN
France,Tourlaville,SEA,FRTOV
France,Tourouzelle,SEA,FRAD5
France,Tracy-sur-Loire,SEA,FRXYR
France,Treguier,SEA,FRTRE
France,Tregunc,SEA,FRTR9
France,Trignac,SEA,FRTRI
France,Trilport,SEA,FRTPO
France,Trouville-sur-Mer,SEA,FRTJE
France,Troyes,SEA,FRQYR
France,Uzemain,SEA,FR8AY
France,Valence,SEA,FRVAF
France,Valenciennes,SEA,FRVAL
France,Vallabregues,SEA,FREG5
France,Vandieres,SEA,FRM52
France,Vannes,SEA,FRVNE
France,Varesnes,SEA,FRVSQ
France,Vaux,SEA,FRM57
France,Venables,SEA,FRENB
France,Vendenheim,SEA,FRVHM
France,Venteuil,SEA,FRVTM
France,Verdun,SEA,FRVRD
France,Vereux,SEA,FREEX
France,Verin,SEA,FRVL4
France,Verjux,SEA,FRVEJ
France,Vernaison,SEA,FRVEO
France,Verneuil,SEA,FRVM5
France,Vernizy,SEA,FRVNZ
France,Veron,SEA,FRVQR
France,Villefranche-sur-Saone,SEA,FRVSS
France,Villegusien-le-Lac,SEA,FRVGE
France,Villenauxe,SEA,FRVUX
France,Villeneuve-de-Blaye,SEA,FRV33
France,Villeneuve-les-Avignon,SEA,FRVVL
France,Villers-sous-Chatillon,SEA,FRVC4
France,Villesequelande,SEA,FR4VA
France,Villevallier,SEA,FRLLW
France,Vincey,SEA,FRVNH
France,Virey,SEA,FRJPL
France,Vognes,SEA,FRNEH
France,Vonges,SEA,FRXSW
France,Vulaines-sur-Seine,SEA,FRUSU
France,Warneton,SEA,FRWNT
France,Watten,SEA,FRWTT
France,Pt Ste-Foy-et-Ponchapt,SEA,FRAFP
France,Anthy-Sechex,SEA,FRAHH
France,Amiens,SEA,FRAMI
France,Redessan,SEA,FRAQX
France,Aber Wrac'h,SEA,FRAWR
France,Ambly,SEA,FRAXM
France,Colayrac,SEA,FRAYR
France,Bouguenais,SEA,FRBOI
France,Brezellec,SEA,FRBZB
France,Chateauneuf-le-Rouge,SEA,FRCFG
France,Cap-Ferret,SEA,FRCFP
France,Cap-d'Antifer,SEA,FRCIF
France,La Celle-Saint-Cloud,SEA,FRCJZ
France,Cruet,SEA,FRCKT
France,Cancale,SEA,FRCKY
France,Saint-Martin-d'Ablois,SEA,FRDAS
France,Saint-Cast-le-Guildo,SEA,FRDCG
France,Denneville,SEA,FRDEI
France,Damgan,SEA,FRDGD
France,Dahouet,SEA,FRDHA
France,Saint-Dizant-du-Gua,SEA,FRDIZ
France,Clohars-Carnoet,SEA,FRDOE
France,Donges,SEA,FRDON
France,Dielette,SEA,FRDTD
France,Le Douhet,SEA,FRDUU
France,Darvault,SEA,FRDVT
France,Saint-Dizier,SEA,FRDZR
France,L'Aberildut,SEA,FREDT
France,Estuaire de la Gironde,SEA,FREEA
France,Bonnelles,SEA,FREFG
France,Chateauneuf-de-Gadagne,SEA,FREFR
France,Etang de l'Ayrolle,SEA,FREGL
France,Frejus,SEA,FREJU
France,Etalondes,SEA,FRESM
France,Le Cateau,SEA,FREUA
France,Pleneuf-Val-Andre,SEA,FREVD
France,Lyon St-Exupery Apt,SEA,FREXU
France,Boncourt-le-Bois,SEA,FRFAX
France,Monfaucon,SEA,FRFBH
France,La Fleche,SEA,FRFCJ
France,Grandcamp-Maisy,SEA,FRGCP
France,Gudmont,SEA,FRGDT
France,Gueberschwihr,SEA,FRGEW
France,Lavigny,SEA,FRGFV
France,Saint-Genis-de-Stonge,SEA,FRGGO
France,La Hague,SEA,FRGHG
France,Gardignan,SEA,FRGIA
France,Golfe Juan,SEA,FRGJE
France,Grand-Fort-Philippe,SEA,FRGPO
France,Grand Piquey,SEA,FRGQE
France,Genets,SEA,FRGTN
France,Gujan-Mestras,SEA,FRGUJ
France,Hoedic,SEA,FRHDO
France,La Haie-Fouassiere,SEA,FRHFF
France,L'Herbaudiere,SEA,FRHID
France,Ile-de-Batz,SEA,FRHMX
France,Hopital-Camfrout,SEA,FRHOP
France,Ile-d'Houat,SEA,FRHOT
France,Hauteville-sur-Mer,SEA,FRHSA
France,Taden,SEA,FRHTI
France,Bligny,SEA,FRHYD
France,Iles du golfe du Morbihan,SEA,FRIDH
France,Ile-d'Aix,SEA,FRIDX
France,Ile-de-Brehat,SEA,FRIHR
France,Seguret,SEA,FRIKR
France,Dunkirk,SEA,FRIRK
France,Ile-Grande,SEA,FRIRR
France,Les Jacquets,SEA,FRJJT
France,Combertault,SEA,FRJMQ
France,Saint-Romain-au-Mont-d'Or,SEA,FRJRF
France,Jussat,SEA,FRJUT
France,Kerascouet,SEA,FRKOC
France,Kerroch,SEA,FRKOK
France,Kerlouan,SEA,FRKRE
France,Reigny,SEA,FRKRZ
France,Korejou / Saint-Michel,SEA,FRKSI
France,Kerity,SEA,FRKTK
France,Kerdruc,SEA,FRKUK
France,l'Ardoise,SEA,FRLAD
France,Le Grand-Quevilly,SEA,FRLGQ
France,La Hume,SEA,FRLHH
France,L'Isle-sur-la-Sorgue,SEA,FRLIS
France,Serans,SEA,FRLJW
France,Campouriez,SEA,FRLKJ
France,Loire,SEA,FRLKR
France,Concoeur-et-Corboin,SEA,FRLKZ
France,Louvieres,SEA,FRLQT
France,Morance,SEA,FRMCC
France,Mussey,SEA,FRMYW
France,Le Conquet,SEA,FRNCB
France,Saint-Martin-de-Crau,SEA,FRNDC
France,Penmarch,SEA,FRNMA
France,Sainte-Marie-du-Mont,SEA,FRNMT
France,Channes,SEA,FRNNH
France,Saint-Raphael,SEA,FRNPH
France,Le Conquet,SEA,FRNQU
France,Noirmoutier-en-l'Ile,SEA,FRNRR
France,Biscarosse,SEA,FRNSB
France,Neuilly-en-Sancerre,SEA,FRNYI
France,La Barre-de-Monts,SEA,FROEE
France,Languevoisin-Quiquery,SEA,FROGV
France,Le Mesnil-Amelot,SEA,FROTX
France,Le Briou,SEA,FROUQ
France,Pors Beach,SEA,FRPBC
France,Port du Bloscon,SEA,FRPBP
France,Ponteves,SEA,FRPDF
France,Port-des-Barques,SEA,FRPDH
France,Plougrescant,SEA,FRPGC
France,Pujaut,SEA,FRPJU
France,Plagny,SEA,FRPJY
France,Saint-Julien-de-Peyrolas,SEA,FRPKE
France,Port-Marly,SEA,FRPLW
France,Paimboeuf,SEA,FRPPB
France,Port-Louis,SEA,FRPPL
France,Pempoul,SEA,FRPPM
France,Pointe-a-Pitre,SEA,FRPPN
France,Copponex,SEA,FRPPO
France,Pontailler,SEA,FRPQR
France,Saint-Pierre-sur-Dives,SEA,FRPRD
France,Plombieres-les-Bains,SEA,FRPSB
France,Porto Vecchio,SEA,FRPTC
France,Petit Piquey,SEA,FRPUP
France,La Chapelle-Veille-Foret,SEA,FRPVF
France,Pourville,SEA,FRPVU
France,Camarsac,SEA,FRQBR
France,Saint-Antoine-du-Queyret,SEA,FRQEY
France,Saint-Rambert-d'Albon,SEA,FRQGM
France,Saint-Julien-de-Concelles,SEA,FRQHL
France,Communay,SEA,FRQPL
France,Quiberville,SEA,FRQRU
France,Querqueville,SEA,FRQUL
France,Reichsfeld,SEA,FRQXA
France,Saint-Chamas-en-Provence,SEA,FRQYB
France,Serra-di-Ferro,SEA,FRQZH
France,Saint-Julien-de-Peyrolas,SEA,FRQZS
France,L'Arbresle,SEA,FRRHO
France,Saint-Christol-de-Rodieres,SEA,FRRIJ
France,Larmor-Baden,SEA,FRRMO
France,Roubaril,SEA,FRRUB
France,Pierry,SEA,FRRYY
France,Pujols-sur-Ciron,SEA,FRRZX
France,Saint-Brieuc,SEA,FRSBK
France,Soing,SEA,FRSQG
France,Saint-Raphael,SEA,FRSRL
France,Saint-Tropez,SEA,FRSTP
France,St Valery-sur-Somme,SEA,FRSVM
France,Saint-Nazaire-sur-Charente,SEA,FRSZI
France,Trebeurden,SEA,FRTBD
France,Le Tinduff,SEA,FRTDF
France,Terenez,SEA,FRTEZ
France,Saint-Thibault-des-Vignes,SEA,FRTHI
France,Talais,SEA,FRTII
France,Gatteville-le-Phare,SEA,FRTLP
France,Trentemoult,SEA,FRTMU
France,Toul Broch,SEA,FRTOO
France,Taussat,SEA,FRTST
France,Ile-Tudy,SEA,FRTTU
France,La Hautiere,SEA,FRTUJ
France,Saint-Thuriau,SEA,FRTXU
France,Tremazan,SEA,FRTZM
France,Utah Beach,SEA,FRUAT
France,Pleumeleuc,SEA,FRUCL
France,Anneville-sur-Scie,SEA,FRUEI
France,Courmelons,SEA,FRUML
France,Pouilly-le-Monial,SEA,FRUOJ
France,Bar-sur-Seine,SEA,FRURD
France,Mus,SEA,FRUSJ
France,Tessy-sur-Vire,SEA,FRUVV
France,Clairvaux-d'Aveyron,SEA,FRVEY
France,Romeny-sur-Marne,SEA,FRVFG
France,Villefranche-sur-Mer,SEA,FRVFM
France,Vincey,SEA,FRVIY
France,Vilennes-sur-Seine,SEA,FRVNU
France,Ver-sur-Mer,SEA,FRVRU
France,Saint-Valentin,SEA,FRVTI
France,Saint-Lambert-du-Lattay,SEA,FRWNH
France,Lignorelles,SEA,FRXLG
France,Monestier,SEA,FRXVF
France,Creney-pres-Troyes,SEA,FRYEN
France,Serrieres-en-Chautagne,SEA,FRYFN
France,Ponteilla,SEA,FRYJK
France,Lignorelles,SEA,FRYLS
France,St-Maurice-de-Beynost,SEA,FRYNO
France,Sanary-sur-Mer,SEA,FRYNR
France,Yport,SEA,FRYYO
France,Saint-Genis-de-Saintonge,SEA,FRZAN
France,Rochefort-du-Gard,SEA,FRZHA
France,Pouzilhac,SEA,FRZLJ
France,Ronchin,SEA,FRZOG
United Kingdom,Abbotsbury,SEA,GBAOT
United Kingdom,Abbotsley,SEA,GBAOL
United Kingdom,Aber Soch (Abersoch),SEA,GBABS
United Kingdom,Aberaeron,SEA,GBABA
United Kingdom,Abercastle,SEA,GBARC
United Kingdom,Aberdaron,SEA,GBADR
United Kingdom,Aberdeen,SEA,GBABD
United Kingdom,Aberdour,SEA,GBAYD
United Kingdom,Aberdyfi (Aberdovey),SEA,GBABF
United Kingdom,Aberffraw,SEA,GBAFW
United Kingdom,Abergele,SEA,GBAEE
United Kingdom,Aberystwyth,SEA,GBAYW
United Kingdom,Achiltibuie,SEA,GBACE
United Kingdom,Achnacroish,SEA,GBAHN
United Kingdom,Aird Ma Ruibhe,SEA,GBAMR
United Kingdom,Aird Mhor (Ardmhor),SEA,GBADM
United Kingdom,Aith,SEA,GBAIT
United Kingdom,Aldersgate,SEA,GBGSR
United Kingdom,Alloa,SEA,GBALL
United Kingdom,Althorpe,SEA,GBALP
United Kingdom,Amlwch,SEA,GBAMW
United Kingdom,Annalong,SEA,GBANG
United Kingdom,Annan,SEA,GBANN
United Kingdom,Anstruther,SEA,GBANS
United Kingdom,Appin,SEA,GBAPI
United Kingdom,Applecross,SEA,GBAPS
United Kingdom,Appledore,SEA,GBAPP
United Kingdom,Ardentinny,SEA,GBAET
United Kingdom,Ardfern,SEA,GBADF
United Kingdom,Ardglass,SEA,GBAGL
United Kingdom,Ardgour,SEA,GBAGU
United Kingdom,Ardmaleish,SEA,GBAMH
United Kingdom,"Ardminish, Gigha Island",SEA,GBGIG
United Kingdom,Ardnamurchan,SEA,GBAMN
United Kingdom,Ardrishaig,SEA,GBASG
United Kingdom,Ardrossan,SEA,GBARD
United Kingdom,Ardveenish,SEA,GBARV
United Kingdom,Ardyne,SEA,GBDYN
United Kingdom,Arinagour,SEA,GBAGO
United Kingdom,Arisaig,SEA,GBARG
United Kingdom,Arlington,SEA,GBALI
United Kingdom,"Armadale, Isle of Skye",SEA,GBAMD
United Kingdom,Arran,SEA,GBNAR
United Kingdom,Ashley,SEA,GBHA2
United Kingdom,Auchterhouse,SEA,GBAHH
United Kingdom,Auckengill,SEA,GBAKL
United Kingdom,Aultbea,SEA,GBAUL
United Kingdom,Avoch,SEA,GBAVC
United Kingdom,Avonmouth,SEA,GBAVO
United Kingdom,Axmouth,SEA,GBAXO
United Kingdom,Ayr,SEA,GBAYR
United Kingdom,Back,SEA,GBACB
United Kingdom,"Backaland, Eday",SEA,GBBKC
United Kingdom,Badminton,SEA,GBSGC
United Kingdom,"Baile Mor, Iona",SEA,GBION
United Kingdom,Balintore,SEA,GBBLI
United Kingdom,Ballantrae,SEA,GBBNR
United Kingdom,Ballintoy,SEA,GBBYP
United Kingdom,Ballydorn,SEA,GBDOR
United Kingdom,Ballyhalbert,SEA,GBBHB
United Kingdom,Ballylumford,SEA,GBBLR
United Kingdom,Ballymartin,SEA,GBLMN
United Kingdom,Ballywalter,SEA,GBLYW
United Kingdom,Baltasound,SEA,GBBSN
United Kingdom,Balvicar,SEA,GBBVR
United Kingdom,Banff,SEA,GBBFF
United Kingdom,Barcaldine,SEA,GBBCE
United Kingdom,Bardsea,SEA,GBBDZ
United Kingdom,Barlborough,SEA,GBBLZ
United Kingdom,Barmouth (Abermaw),SEA,GBABW
United Kingdom,Barnsley,SEA,GBBSY
United Kingdom,Barnstaple,SEA,GBBND
United Kingdom,Barnstone,SEA,GBBBX
United Kingdom,Barrow in Furness,SEA,GBBIF
United Kingdom,Barrow On Soar,SEA,GBBUO
United Kingdom,Barrow upon Trent,SEA,GBBWU
United Kingdom,Barrow-upon-Humber,SEA,GBBHR
United Kingdom,Barry Dock,SEA,GBBAD
United Kingdom,Barton on Sea,SEA,GBBAZ
United Kingdom,Barton upon Humber,SEA,GBBNH
United Kingdom,Bassingham,SEA,GBBXF
United Kingdom,Baxenden,SEA,GBCBX
United Kingdom,Beadnell,SEA,GBBQX
United Kingdom,Beaulieu,SEA,GBBLU
United Kingdom,Bedhampton,SEA,GBBD2
United Kingdom,Bedstone,SEA,GBBTK
United Kingdom,Beenham,SEA,GBENH
United Kingdom,Beer,SEA,GBBXX
United Kingdom,Beesands,SEA,GBBSX
United Kingdom,Belfast,SEA,GBBEL
United Kingdom,Belgrave,SEA,GBVVE
United Kingdom,"Belmont, Unst",SEA,GBBMT
United Kingdom,Bembridge,SEA,GBBBP
United Kingdom,Bernera (Lewis),SEA,GBRNR
United Kingdom,Bernera (N Uist),SEA,GBRNN
United Kingdom,Berry Head,SEA,GBBEH
United Kingdom,Berwick-upon-Tweed,SEA,GBBWK
United Kingdom,Bexhill,SEA,GBBXB
United Kingdom,Bickington,SEA,GBBQQ
United Kingdom,Bideford,SEA,GBBID
United Kingdom,Billingham,SEA,GBBHW
United Kingdom,Bingley,SEA,GBBGY
United Kingdom,Birkdale,SEA,GBBDA
United Kingdom,Birkenhead,SEA,GBBRK
United Kingdom,Birsay,SEA,GBRSB
United Kingdom,Bishops Castle,SEA,GBQWR
United Kingdom,Bishopsteignton,SEA,GBPQT
United Kingdom,Blackford,SEA,GBBFP
United Kingdom,Blackness,SEA,GBBKS
United Kingdom,Blairmore,SEA,GBBLJ
United Kingdom,Blakeney,SEA,GBBLC
United Kingdom,Blewbury,SEA,GBWJH
United Kingdom,Blyth,SEA,GBYTH
United Kingdom,Boddam,SEA,GBDMB
United Kingdom,Bodffordd,SEA,GBBFO
United Kingdom,Bognor Regis,SEA,GBBSI
United Kingdom,Bolton,SEA,GBBLT
United Kingdom,Bo'ness,SEA,GBBON
United Kingdom,Bootle,SEA,GBBOE
United Kingdom,Borth-y-Gest,SEA,GBBOT
United Kingdom,Boscastle,SEA,GBBSC
United Kingdom,Bosham,SEA,GBOHM
United Kingdom,Boulmer,SEA,GBBMX
United Kingdom,Bournemouth,SEA,GBBOH
United Kingdom,Bowling,SEA,GBBOW
United Kingdom,Bracadale,SEA,GBRCD
United Kingdom,Bradford,SEA,GBBRF
United Kingdom,Bradstone,SEA,GBSDT
United Kingdom,Bradwell Waterside,SEA,GBDWL
United Kingdom,Bramdean,SEA,GBMDE
United Kingdom,Brancaster Staithe,SEA,GBBCS
United Kingdom,Branscombe,SEA,GBBBE
United Kingdom,Bray,SEA,GBBWM
United Kingdom,Breasclete,SEA,GBRST
United Kingdom,Bridlington,SEA,GBBRT
United Kingdom,Brierfield,SEA,GBBFE
United Kingdom,Brighstone,SEA,GBBXS
United Kingdom,Briton Ferry,SEA,GBBFY
United Kingdom,Brixham,SEA,GBBRX
United Kingdom,"Broadford, Isle of Skye",SEA,GBBDF
United Kingdom,Broadmayne,SEA,GBBYN
United Kingdom,Broadstairs,SEA,GBBDT
United Kingdom,"Brodick, Isle of Arran",SEA,GBBDI
United Kingdom,Brora,SEA,GBBRJ
United Kingdom,Brotton,SEA,GBBXT
United Kingdom,Broughton,SEA,GBBZT
United Kingdom,Broughton In Furness,SEA,GBBFU
United Kingdom,Bruichladdich,SEA,GBBCH
United Kingdom,"Bruray, Out Skerries",SEA,GBBRU
United Kingdom,Brynsiencyn,SEA,GBBYI
United Kingdom,Bubwith,SEA,GBBE2
United Kingdom,Buckden,SEA,GBNY2
United Kingdom,Buckie,SEA,GBBUC
United Kingdom,Buck's Cross,SEA,GBBCR
United Kingdom,Bude,SEA,GBBUD
United Kingdom,Budleigh Salterton,SEA,GBBUA
United Kingdom,Budock Water,SEA,GBBWV
United Kingdom,Bunessan,SEA,GBUNS
United Kingdom,Bunnahabhain,SEA,GBBNB
United Kingdom,Burgh,SEA,GBRGH
United Kingdom,Burghead,SEA,GBBUH
United Kingdom,Burnham on Crouch,SEA,GBBOC
United Kingdom,Burnmouth,SEA,GBBMO
United Kingdom,Burravoe,SEA,GBBVO
United Kingdom,Burray,SEA,GBBUF
United Kingdom,Burry Port,SEA,GBBPT
United Kingdom,Burstwick,SEA,GBKBK
United Kingdom,Burton Bradstock,SEA,GBBBK
United Kingdom,Burton upon Stather,SEA,GBBUS
United Kingdom,Burwick,SEA,GBBWC
United Kingdom,Bury,SEA,GBBUY
United Kingdom,Butterwick,SEA,GBBTZ
United Kingdom,Cadgwith,SEA,GBCGZ
United Kingdom,Cairnbulg,SEA,GBCBL
United Kingdom,Cairnryan,SEA,GBCYN
United Kingdom,Caister on Sea,SEA,GBCSC
United Kingdom,Camber,SEA,GBCBE
United Kingdom,Campbeltown,SEA,GBCBT
United Kingdom,Camusnagaul,SEA,GBCAU
United Kingdom,"Canna, Inner Hebrides",SEA,GBCNA
United Kingdom,Canvey Island,SEA,GBCAN
United Kingdom,Cape Cornwall,SEA,GBCCL
United Kingdom,Carbost,SEA,GBCAB
United Kingdom,Cardiff,SEA,GBCDF
United Kingdom,Cardigan (Aberteifi),SEA,GBCAR
United Kingdom,Cardington,SEA,GBC5T
United Kingdom,Carlton Colville,SEA,GBCRV
United Kingdom,Carnlough,SEA,GBCAH
United Kingdom,Carradale,SEA,GBCRA
United Kingdom,Carrington,SEA,GBCRT
United Kingdom,Carron,SEA,GBRRO
United Kingdom,Carsethorn,SEA,GBCET
United Kingdom,Castlebay,SEA,GBCBA
United Kingdom,Castleford,SEA,GBCTF
United Kingdom,Castletown,SEA,GBCSW
United Kingdom,Catterline,SEA,GBCCE
United Kingdom,Cawsand,SEA,GBCNX
United Kingdom,"Ceann a Gharaidh, Eriskay",SEA,GBCAG
United Kingdom,Cefn-Mawr,SEA,GBCMA
United Kingdom,Ceinewydd (New Quay),SEA,GBCEI
United Kingdom,Cellardyke,SEA,GBCEL
United Kingdom,Cemaes Bay,SEA,GBCEB
United Kingdom,Central Mainland (Shetland),SEA,GBCNM
United Kingdom,Chapel Saint Leonards,SEA,GBCPD
United Kingdom,Charleston,SEA,GBCHD
United Kingdom,Charlestown,SEA,GBCWN
United Kingdom,Charmouth,SEA,GBCHJ
United Kingdom,Chepstow,SEA,GBCHT
United Kingdom,Chichester,SEA,GBCST
United Kingdom,Chickerell,SEA,GBCKR
United Kingdom,Chideock,SEA,GBCDK
United Kingdom,Chillington,SEA,GBCII
United Kingdom,Christchurch,SEA,GBCCH
United Kingdom,"Church Bay, Rathlin Island",SEA,GBCUB
United Kingdom,"Clachan, Raasay",SEA,GBRAS
United Kingdom,Clacton-on-Sea,SEA,GBCLS
United Kingdom,Clevedon,SEA,GBQZL
United Kingdom,Cloghan Point/Carrickfergus,SEA,GBCGP
United Kingdom,Clovelly,SEA,GBCVL
United Kingdom,Clunbury,SEA,GBCZV
United Kingdom,Clydebank,SEA,GBCLY
United Kingdom,Clynderwen,SEA,GBCYD
United Kingdom,Cockenzie,SEA,GBCNZ
United Kingdom,Cockwood,SEA,GBCQQ
United Kingdom,Colintraive,SEA,GBCVA
United Kingdom,Coll,SEA,GBOLL
United Kingdom,Collafirth,SEA,GBCAF
United Kingdom,Collieston,SEA,GBCIT
United Kingdom,Colwyn Bay (Bae Colwyn),SEA,GBCYY
United Kingdom,Combe Martin,SEA,GBCBM
United Kingdom,Congresbury,SEA,GBCGY
United Kingdom,Connahs Quay,SEA,GBCQY
United Kingdom,Connah's Quay,SEA,GBCOQ
United Kingdom,Constantine,SEA,GBCZZ
United Kingdom,Convoys Wharf,SEA,GBCVW
United Kingdom,Conwy (Conway),SEA,GBCWA
United Kingdom,Corran,SEA,GBORR
United Kingdom,Cove,SEA,GBCVE
United Kingdom,Cove (Aberdeen),SEA,GBACV
United Kingdom,Cove (Leith),SEA,GBCVI
United Kingdom,Covent Garden,SEA,GBCGT
United Kingdom,Coventry,SEA,GBCVT
United Kingdom,"Craighouse, Isle of Jura",SEA,GBCGJ
United Kingdom,Craignure,SEA,GBCNU
United Kingdom,Crail,SEA,GBCRJ
United Kingdom,Cramond,SEA,GBCMD
United Kingdom,Cranborne,SEA,GBCBO
United Kingdom,Craster,SEA,GBCRX
United Kingdom,Creeksea,SEA,GBCKS
United Kingdom,Criccieth,SEA,GBCCC
United Kingdom,Crieff,SEA,GBCFE
United Kingdom,Crinan,SEA,GBCNC
United Kingdom,Crombie,SEA,GBCMP
United Kingdom,Cromer,SEA,GBCRR
United Kingdom,Cropton,SEA,GBCR5
United Kingdom,Crosskirk,SEA,GBCKK
United Kingdom,"Cuan Ferry, Seil",SEA,GBCUA
United Kingdom,Culkein,SEA,GBCKN
United Kingdom,Culkein/Drumbeg,SEA,GBCLM
United Kingdom,"Cullivoe, Yell",SEA,GBCUV
United Kingdom,"Cumbrae Slip, Great Cumbrae",SEA,GBCMS
United Kingdom,Cumbraes,SEA,GBCUM
United Kingdom,Curbar,SEA,GBCU8
United Kingdom,Cushendall,SEA,GBCUS
United Kingdom,Cushendun,SEA,GBCUE
United Kingdom,Dagenham,SEA,GBDAG
United Kingdom,Dalgety Bay,SEA,GBDYB
United Kingdom,Darlington,SEA,GBDRL
United Kingdom,Dartford,SEA,GBDFD
United Kingdom,Dartmouth,SEA,GBDTM
United Kingdom,Deerness,SEA,GBEER
United Kingdom,Denby,SEA,GBDEB
United Kingdom,Denton,SEA,GBDET
United Kingdom,Devonport,SEA,GBDVP
United Kingdom,Dewsbury,SEA,GBDWY
United Kingdom,Dingle,SEA,GBDIN
United Kingdom,Dingwall,SEA,GBDIW
United Kingdom,Donaghadee,SEA,GBDHD
United Kingdom,Drax,SEA,GBDRX
United Kingdom,Dromore,SEA,GBDMO
United Kingdom,Dulas Bay,SEA,GBDBY
United Kingdom,Dunbar,SEA,GBDBR
United Kingdom,Dunbeath,SEA,GBDUE
United Kingdom,Dunchurch,SEA,GBDUC
United Kingdom,Dundee,SEA,GBDUN
United Kingdom,Dungeness,SEA,GBDSS
United Kingdom,Dunoon,SEA,GBDNU
United Kingdom,Dunseverick,SEA,GBDSK
United Kingdom,Dunster,SEA,GBDNE
United Kingdom,Dunston,SEA,GBDTN
United Kingdom,Dunure,SEA,GBDRE
United Kingdom,Dunvegan,SEA,GBDVN
United Kingdom,Dunwich,SEA,GBDNW
United Kingdom,Dysart,SEA,GBDYS
United Kingdom,Earls Colne,SEA,GBECO
United Kingdom,"Easdale, Seil",SEA,GBEAA
United Kingdom,Easington,SEA,GBESG
United Kingdom,East Wittering,SEA,GBEWT
United Kingdom,Eastbourne,SEA,GBEBO
United Kingdom,Eastham,SEA,GBEAM
United Kingdom,Eccles,SEA,GBECS
United Kingdom,Edinburgh,SEA,GBEDI
United Kingdom,Egilsay,SEA,GBEGI
United Kingdom,Eigg,SEA,GBIGG
United Kingdom,Eishken,SEA,GBESK
United Kingdom,"Elgol, Isle of Skye",SEA,GBEGO
United Kingdom,Elie,SEA,GBELI
United Kingdom,Eling,SEA,GBEIN
United Kingdom,"Ellenabeich, Seil",SEA,GBELB
United Kingdom,Elsham,SEA,GBELS
United Kingdom,Erith,SEA,GBERI
United Kingdom,Erribol,SEA,GBRBL
United Kingdom,Eshaness,SEA,GBESS
United Kingdom,Evanton,SEA,GBEVT
United Kingdom,Exeter,SEA,GBEXE
United Kingdom,Exmouth,SEA,GBEXM
United Kingdom,Eyemouth,SEA,GBEYM
United Kingdom,Fairlie,SEA,GBFEE
United Kingdom,Farlington,SEA,GBFLT
United Kingdom,Feolin Ferry,SEA,GBFEO
United Kingdom,Ferndale,SEA,GBFRD
United Kingdom,Ferrybridge,SEA,GBFRX
United Kingdom,Ferrybridge,SEA,GBFEB
United Kingdom,Ferryside,SEA,GBFYD
United Kingdom,Findhorn,SEA,GBFIN
United Kingdom,Findochty,SEA,GBFID
United Kingdom,Finnart,SEA,GBFNT
United Kingdom,"Fionnphort, Isle of Mull",SEA,GBFIO
United Kingdom,Fishbourne,SEA,GBFBU
United Kingdom,Fisherrow/Musselburgh,SEA,GBFIH
United Kingdom,Fishguard,SEA,GBFIS
United Kingdom,"Fishnish, Isle of Mull",SEA,GBFNH
United Kingdom,Flamborough,SEA,GBFBH
United Kingdom,Flaxton,SEA,GBFLN
United Kingdom,Fleetwood,SEA,GBFLE
United Kingdom,Flixborough,SEA,GBFLW
United Kingdom,Flookburgh,SEA,GBFLK
United Kingdom,Flushing,SEA,GBFLU
United Kingdom,Folkestone,SEA,GBFOL
United Kingdom,Formby,SEA,GBFRM
United Kingdom,Fort William,SEA,GBFWM
United Kingdom,Forth,SEA,GBFOR
United Kingdom,Fortrose,SEA,GBFTR
United Kingdom,Fraserburgh,SEA,GBFRB
United Kingdom,Freshwater East,SEA,GBFWE
United Kingdom,Frinton-on-Sea,SEA,GBFRI
United Kingdom,Furnace,SEA,GBFUR
United Kingdom,Gairloch,SEA,GBGAR
United Kingdom,"Galmisdale, Eigg",SEA,GBGAS
United Kingdom,Gardenstown,SEA,GBGDN
United Kingdom,Gareloch,SEA,GBGLH
United Kingdom,Garlieston,SEA,GBGIS
United Kingdom,Garrabost,SEA,GBRRB
United Kingdom,Garston,SEA,GBCSN
United Kingdom,Garston,SEA,GBGTN
United Kingdom,Gateshead,SEA,GBGAT
United Kingdom,Gillingham,SEA,GBGIL
United Kingdom,Gills,SEA,GBILL
United Kingdom,Girvan,SEA,GBGIR
United Kingdom,Glasgow,SEA,GBGLW
United Kingdom,Glasson Dock,SEA,GBGLD
United Kingdom,Glenarm,SEA,GBGLA
United Kingdom,Glenelg,SEA,GBGNL
United Kingdom,Glenluce,SEA,GBGLC
United Kingdom,Glenmallan,SEA,GBGMA
United Kingdom,Glenuig,SEA,GBGLG
United Kingdom,Golspie,SEA,GBGLP
United Kingdom,Goole,SEA,GBGOO
United Kingdom,Gorran Haven,SEA,GBGOR
United Kingdom,Gourdon,SEA,GBGUD
United Kingdom,Gourock,SEA,GBGUR
United Kingdom,Govilon,SEA,GBGIV
United Kingdom,Goxhill,SEA,GBHXL
United Kingdom,Goxhill,SEA,GBGOX
United Kingdom,Graemsay,SEA,GBGAE
United Kingdom,Grangemouth,SEA,GBGRG
United Kingdom,Granton,SEA,GBGRN
United Kingdom,Great Massingham,SEA,GBMSI
United Kingdom,Great Oakley,SEA,GBGOA
United Kingdom,Great Wakering,SEA,GBGWG
United Kingdom,Greatham,SEA,GBHP2
United Kingdom,Greenock,SEA,GBGRK
United Kingdom,Gretton,SEA,GBNO2
United Kingdom,Grimsay,SEA,GBGMY
United Kingdom,Grimsby,SEA,GBGSY
United Kingdom,Groomsport,SEA,GBGRO
United Kingdom,Grove Port,SEA,GBGRW
United Kingdom,Grovehurst Jetty/Sittingbourne,SEA,GBGRJ
United Kingdom,Grutness,SEA,GBGRU
United Kingdom,Gulval,SEA,GBGVL
United Kingdom,"Gutcher, Yell",SEA,GBGUT
United Kingdom,Gweek,SEA,GBGWK
United Kingdom,Hainault,SEA,GBHNU
United Kingdom,Halkirk,SEA,GBHKI
United Kingdom,"Ham Voe, Foula",SEA,GBHVO
United Kingdom,"Hamars Ness, Fetlar",SEA,GBHNS
United Kingdom,"Hamnavoe, Burra Isle",SEA,GBHMV
United Kingdom,Harefield,SEA,GBHRF
United Kingdom,Harraby,SEA,GBHAA
United Kingdom,Hartlepool,SEA,GBHTP
United Kingdom,Hatston,SEA,GBKWH
United Kingdom,Hayling Island,SEA,GBHYG
United Kingdom,Heaton,SEA,GBHEQ
United Kingdom,Hebburn,SEA,GBHEB
United Kingdom,Hedon,SEA,GBHXX
United Kingdom,Helensburgh,SEA,GBHLN
United Kingdom,Helford River,SEA,GBHDR
United Kingdom,Helmsdale,SEA,GBHMA
United Kingdom,Hemsby,SEA,GBHMY
United Kingdom,Hessle/Hull,SEA,GBHSE
United Kingdom,Hest Bank,SEA,GBHBK
United Kingdom,Hightown,SEA,GBHGW
United Kingdom,Hilton/Derby,SEA,GBHDB
United Kingdom,Holm,SEA,GBHOM
United Kingdom,Holy Island,SEA,GBHYI
United Kingdom,Holy Loch,SEA,GBHLO
United Kingdom,Holywood,SEA,GBYLW
United Kingdom,Hope Cove,SEA,GBHPC
United Kingdom,Hopeman,SEA,GBHOP
United Kingdom,Hoswick,SEA,GBHOS
United Kingdom,Hougharry and Loch Eport,SEA,GBHGY
United Kingdom,Hound Point,SEA,GBHPT
United Kingdom,"Housa Voe, Papa Stour",SEA,GBHOV
United Kingdom,Houton,SEA,GBHUT
United Kingdom,Hoverton,SEA,GBNFK
United Kingdom,Howdendyke,SEA,GBHDD
United Kingdom,Howdon,SEA,GBHOJ
United Kingdom,Huddersfield,SEA,GBHDF
United Kingdom,Hugh Town,SEA,GBHWZ
United Kingdom,Hull,SEA,GBHUL
United Kingdom,Hunslet/Leeds,SEA,GBHLU
United Kingdom,Hunterston,SEA,GBHST
United Kingdom,Hythe,SEA,GBHTH
United Kingdom,Ilfracombe,SEA,GBILF
United Kingdom,Immingham,SEA,GBIMM
United Kingdom,Inchture,SEA,GBICH
United Kingdom,Ingoldmells,SEA,GBIGM
United Kingdom,Instow,SEA,GBINS
United Kingdom,Inverallochy,SEA,GBIAY
United Kingdom,Inverie,SEA,GBINR
United Kingdom,Inverkip,SEA,GBIVK
United Kingdom,Irby,SEA,GBIRB
United Kingdom,Irvine,SEA,GBIRV
United Kingdom,Islandmagee,SEA,GBIMG
United Kingdom,Islay,SEA,GBISY
United Kingdom,Isle of Grain,SEA,GBIOG
United Kingdom,Isle of Sheppey,SEA,GBIOS
United Kingdom,Isle of Whithorn,SEA,GBWHH
United Kingdom,Jarrow,SEA,GBJAR
United Kingdom,John O'Groats,SEA,GBJOG
United Kingdom,Johnshaven,SEA,GBJHV
United Kingdom,Johnstonebridge,SEA,GBJTB
United Kingdom,Jura,SEA,GBJUR
United Kingdom,"Kallin (Ceallan), Isle of Grimsay",SEA,GBKAL
United Kingdom,Keadby,SEA,GBKEA
United Kingdom,Keighley,SEA,GBKEI
United Kingdom,Keiss,SEA,GBKES
United Kingdom,Kemsing,SEA,GBKMI
United Kingdom,Kennacraig,SEA,GBKCG
United Kingdom,"Kettletoft, Sanday",SEA,GBKET
United Kingdom,Keyhaven,SEA,GBKEV
United Kingdom,Kilchoan,SEA,GBKOA
United Kingdom,Kilcreggan,SEA,GBKIC
United Kingdom,Kilgetty,SEA,GBKLY
United Kingdom,Kilkeel,SEA,GBKLK
United Kingdom,Killingholme,SEA,GBKGH
United Kingdom,Killough,SEA,GBKIO
United Kingdom,Killroot Power Station Jetty,SEA,GBKPS
United Kingdom,Killyleagh,SEA,GBKYH
United Kingdom,Kimmeridge,SEA,GBKIM
United Kingdom,Kincardine,SEA,GBKDE
United Kingdom,Kinghorn,SEA,GBKHN
United Kingdom,King's Lynn,SEA,GBKLN
United Kingdom,Kingsbridge,SEA,GBKIB
United Kingdom,Kingswear,SEA,GBKWE
United Kingdom,"Kinloch, Rum",SEA,GBKOH
United Kingdom,Kinlochbervie,SEA,GBKBE
United Kingdom,Kinlochleven,SEA,GBKNC
United Kingdom,Kippford,SEA,GBKIP
United Kingdom,Kircubbin,SEA,GBKCN
United Kingdom,Kirkcudbright,SEA,GBKBT
United Kingdom,Kirtomy,SEA,GBKRM
United Kingdom,Kishorn,SEA,GBKIS
United Kingdom,Kyle of Lochalsh,SEA,GBKYL
United Kingdom,Kyleakin,SEA,GBKYN
United Kingdom,Kyles of Bute,SEA,GBKYE
United Kingdom,Kylesku,SEA,GBKYU
United Kingdom,Ladock,SEA,GBLDC
United Kingdom,Lamlash,SEA,GBLAH
United Kingdom,Land's End,SEA,GBLEQ
United Kingdom,Langstone,SEA,GBLSH
United Kingdom,Largo,SEA,GBLGO
United Kingdom,Largs,SEA,GBLGS
United Kingdom,Latheronwheel,SEA,GBLWL
United Kingdom,Lavenham,SEA,GBLAV
United Kingdom,Leeds,SEA,GBLBA
United Kingdom,Leigh-on-Sea,SEA,GBLOS
United Kingdom,Leith,SEA,GBLEI
United Kingdom,Levenwick,SEA,GBLVK
United Kingdom,"Leverburgh, Harris",SEA,GBLVR
United Kingdom,Limekilns,SEA,GBLMK
United Kingdom,Lismore Island,SEA,GBLSM
United Kingdom,Little Haven,SEA,GBLHV
United Kingdom,Little Oakley,SEA,GBLOK
United Kingdom,Littlebourne,SEA,GBLLU
United Kingdom,Liverpool,SEA,GBLIV
United Kingdom,Liverpool Bay Terminal,SEA,GBLIB
United Kingdom,Llanaber,SEA,GBLAB
United Kingdom,Llanddulas,SEA,GBLLD
United Kingdom,Llanelli,SEA,GBLLN
United Kingdom,Llansamlet,SEA,GBLMT
United Kingdom,Llansteffan,SEA,GBLFF
United Kingdom,Llanstephan,SEA,GBLLS
United Kingdom,Loch Buie (Mull),SEA,GBLBE
United Kingdom,Loch Long,SEA,GBLCG
United Kingdom,Loch Ryan Pt,SEA,GBLRP
United Kingdom,Loch Scridain (Isle Mull),SEA,GBLSC
United Kingdom,Loch Striven,SEA,GBLHS
United Kingdom,Loch Torridon,SEA,GBLCD
United Kingdom,Lochawe,SEA,GBLCA
United Kingdom,"Lochboisdale (Loch Baghasdail), South Uist",SEA,GBLBD
United Kingdom,Lochcarron,SEA,GBLCR
United Kingdom,Lochearnhead,SEA,GBLNA
United Kingdom,Lochinver,SEA,GBLOV
United Kingdom,Lochmaddy,SEA,GBLMA
United Kingdom,"Lochranza, Isle of Arran",SEA,GBLRZ
United Kingdom,Lochs,SEA,GBOCH
United Kingdom,London Gateway Port,SEA,GBLGP
United Kingdom,London Thamesport,SEA,GBLTP
United Kingdom,"Longhope, Hoy",SEA,GBLHO
United Kingdom,Longsight,SEA,GBAQW
United Kingdom,Looe,SEA,GBLOE
United Kingdom,Lossiemouth,SEA,GBLSS
United Kingdom,"Loth, Sanday",SEA,GBLTS
United Kingdom,Loxley,SEA,GBLXY
United Kingdom,Lugton,SEA,GBLUG
United Kingdom,Lullington,SEA,GBLL3
United Kingdom,Lulworth Camp,SEA,GBLUL
United Kingdom,Lulworth Cove,SEA,GBLWC
United Kingdom,Luxborough,SEA,GBLXG
United Kingdom,Luxulyan,SEA,GBLUX
United Kingdom,Lybster,SEA,GBLYB
United Kingdom,Lydney,SEA,GBLYD
United Kingdom,Lyme Regis,SEA,GBLYR
United Kingdom,Lynmouth,SEA,GBLNM
United Kingdom,Lynton,SEA,GBLYT
United Kingdom,Lytchett Minster,SEA,GBLCM
United Kingdom,Macduff,SEA,GBMCD
United Kingdom,Maesycwmmer,SEA,GBMYW
United Kingdom,"Magilligan Point Ferry Terminal, Lough Foyle",SEA,GBMGP
United Kingdom,Maidens,SEA,GBMAI
United Kingdom,Manchester,SEA,GBMNC
United Kingdom,"Manchester Ship Canal, Salford",SEA,GBMSC
United Kingdom,Marchwood,SEA,GBMAW
United Kingdom,"Maryfield, Bressay",SEA,GBMRB
United Kingdom,Maylandsea,SEA,GBMYS
United Kingdom,Med,SEA,GBMED
United Kingdom,Meikle Ferry,SEA,GBMFY
United Kingdom,Meppershall,SEA,GBMHJ
United Kingdom,Mevagissey,SEA,GBMVG
United Kingdom,Mid Yell,SEA,GBMYE
United Kingdom,Middleham,SEA,GBMDL
United Kingdom,Middlesbrough,SEA,GBMID
United Kingdom,Milford Haven,SEA,GBMLF
United Kingdom,Milford-on-Sea,SEA,GBMFS
United Kingdom,"Millport, Great Cumbrae",SEA,GBMLP
United Kingdom,Minehead,SEA,GBMHD
United Kingdom,Miserden,SEA,GBM89
United Kingdom,"Moaness, Hoy",SEA,GBMNS
United Kingdom,Montrose,SEA,GBMON
United Kingdom,Morfa Nefyn,SEA,GBMFN
United Kingdom,Morston,SEA,GBMRS
United Kingdom,Mostyn,SEA,GBCHE
United Kingdom,Mousehole,SEA,GBMSH
United Kingdom,Muasdale,SEA,GBMUA
United Kingdom,Mullion,SEA,GBMLI
United Kingdom,Mylor,SEA,GBMYL
United Kingdom,Nairn,SEA,GBNAI
United Kingdom,Neath,SEA,GBNEA
United Kingdom,Nefyn,SEA,GBNEF
United Kingdom,Neilston,SEA,GBNSN
United Kingdom,Ness,SEA,GBNSA
United Kingdom,Nethy Bridge,SEA,GBNBI
United Kingdom,New Holland,SEA,GBNHO
United Kingdom,Newbiggin,SEA,GBNGI
United Kingdom,Newbiggin by the Sea,SEA,GBNBC
United Kingdom,Newcastle,SEA,GBNCS
United Kingdom,Newcastle Emlyn,SEA,GBNCY
United Kingdom,Newcastle upon Tyne,SEA,GBNCL
United Kingdom,Newhaven/Edinburgh,SEA,GBNWF
United Kingdom,Newport,SEA,GBNPO
United Kingdom,Newton by the Sea,SEA,GBNBS
United Kingdom,Newton Ferrers,SEA,GBNTF
United Kingdom,Newtown,SEA,GBNWN
United Kingdom,Neyland,SEA,GBNYD
United Kingdom,Nigg,SEA,GBNGG
United Kingdom,Normanton le Heath,SEA,GBNNR
United Kingdom,North Berwick,SEA,GBNBW
United Kingdom,North Cove,SEA,GBNHC
United Kingdom,North Ferriby,SEA,GBNRF
United Kingdom,North Finchley,SEA,GBNFC
United Kingdom,North Harris,SEA,GBNHS
United Kingdom,North Lochs,SEA,GBNTL
United Kingdom,North Queensferry,SEA,GBNOQ
United Kingdom,North Roe to Hillswick,SEA,GBNRR
United Kingdom,North Ronaldsay,SEA,GBNRO
United Kingdom,North Shields,SEA,GBNSH
United Kingdom,North Sunderland,SEA,GBNSD
United Kingdom,North Tawton,SEA,GBNTZ
United Kingdom,North Uist,SEA,GBNUI
United Kingdom,North Woolwich,SEA,GBWOL
United Kingdom,Northbay,SEA,GBNRB
United Kingdom,Norton,SEA,GB7TR
United Kingdom,Norton Canes,SEA,GBNCN
United Kingdom,Oban,SEA,GBOBA
United Kingdom,Old Dornie,SEA,GBODO
United Kingdom,Old Kilpatrick,SEA,GBOKK
United Kingdom,Oldham,SEA,GBODH
United Kingdom,Orford,SEA,GBORH
United Kingdom,Orkney,SEA,GBORK
United Kingdom,"Otternish, North Uist",SEA,GBOTR
United Kingdom,Oulton Broad,SEA,GBOBR
United Kingdom,Paglesham,SEA,GBPAG
United Kingdom,Papa Westray,SEA,GBPPW
United Kingdom,Par,SEA,GBPAR
United Kingdom,Partington,SEA,GBPTT
United Kingdom,Patna,SEA,GBPNA
United Kingdom,Peacehaven,SEA,GBPHV
United Kingdom,Pembrey,SEA,GBPMY
United Kingdom,Pembridge,SEA,GBPBD
United Kingdom,Pembroke,SEA,GBPEM
United Kingdom,Penarth,SEA,GBPNH
United Kingdom,Penberth,SEA,GBPNB
United Kingdom,Pen-Clawdd,SEA,GBPDD
United Kingdom,Penkridge,SEA,GBPKD
United Kingdom,Pennan,SEA,GBENN
United Kingdom,Pentraeth,SEA,GBPAE
United Kingdom,Perth,SEA,GBPER
United Kingdom,Peterhead,SEA,GBPHD
United Kingdom,Pettycur,SEA,GBPTC
United Kingdom,Pickering,SEA,GBPKR
United Kingdom,"Pierowall, Westray",SEA,GBPIE
United Kingdom,Pitney,SEA,GBPI7
United Kingdom,Pittenweem,SEA,GBPWM
United Kingdom,Plockton,SEA,GBPLO
United Kingdom,Plymouth,SEA,GBPLY
United Kingdom,Pocklington,SEA,GBPKL
United Kingdom,"Point, Island of Lismore",SEA,GBPOI
United Kingdom,Polperro,SEA,GBPLP
United Kingdom,Polruan,SEA,GBPLR
United Kingdom,Poolewe,SEA,GBPWE
United Kingdom,Porlock,SEA,GBPRZ
United Kingdom,Port Appin,SEA,GBPAP
United Kingdom,Port Askaig,SEA,GBPAK
United Kingdom,Port Clarence,SEA,GBPOC
United Kingdom,Port Edgar,SEA,GBPEG
United Kingdom,Port Ellen,SEA,GBPLN
United Kingdom,Port Erroll,SEA,GBRTL
United Kingdom,Port Gaverne,SEA,GBPGV
United Kingdom,Port Glasgow,SEA,GBPGG
United Kingdom,Port Isaac,SEA,GBISA
United Kingdom,"Port Mor, Muck",SEA,GBPMR
United Kingdom,Port Saint Mary,SEA,GBPSM
United Kingdom,Port Seton,SEA,GBPSE
United Kingdom,Port Sunlight,SEA,GBPSU
United Kingdom,Port Talbot,SEA,GBPTB
United Kingdom,Port William,SEA,GBPWI
United Kingdom,Portaferry,SEA,GBPFY
United Kingdom,Portavadie,SEA,GBPVD
United Kingdom,Portavogie,SEA,GBPVG
United Kingdom,Portballintrae,SEA,GBPBA
United Kingdom,Portbury,SEA,GBPRU
United Kingdom,Porth,SEA,GBPOR
United Kingdom,Porth Colmon,SEA,GBPCO
United Kingdom,Porthcawl,SEA,GBPCW
United Kingdom,Porthgain,SEA,GBPGI
United Kingdom,Porthgwarra,SEA,GBPTG
United Kingdom,Porthleven,SEA,GBPLV
United Kingdom,Porthmadog,SEA,GBPTD
United Kingdom,Porthoustock,SEA,GBPOH
United Kingdom,Portincaple,SEA,GBPRP
United Kingdom,Portishead,SEA,GBPTH
United Kingdom,Portknockie,SEA,GBPKN
United Kingdom,Portloe,SEA,GBPRL
United Kingdom,Portmahomack,SEA,GBPMK
United Kingdom,Portnaguran and Ness,SEA,GBPRN
United Kingdom,Portnahaven,SEA,GBPNV
United Kingdom,Portnalong,SEA,GBPNG
United Kingdom,Portpatrick,SEA,GBPPK
United Kingdom,Portreath,SEA,GBPRJ
United Kingdom,Portscatho,SEA,GBPSC
United Kingdom,Portskerra,SEA,GBPKA
United Kingdom,Portsoy,SEA,GBPSY
United Kingdom,Portstewart,SEA,GBPSW
United Kingdom,Poulton,SEA,GBGL9
United Kingdom,Prenton/Birkenhead,SEA,GBPBM
United Kingdom,Preston,SEA,GBPRE
United Kingdom,Pwllheli,SEA,GBPWL
United Kingdom,Quedgeley,SEA,GBQDL
United Kingdom,Ramsbottom,SEA,GBRMB
United Kingdom,"Rapness, Westray",SEA,GBRAP
United Kingdom,Ravenglass,SEA,GBRGL
United Kingdom,Rawcliffe Bridge,SEA,GBRBD
United Kingdom,Reading,SEA,GBRDN
United Kingdom,Reay,SEA,GBREA
United Kingdom,Red Bay,SEA,GBRED
United Kingdom,Redcar,SEA,GBRER
United Kingdom,Redcliff Bay,SEA,GBREB
United Kingdom,Reddish,SEA,GBRDS
United Kingdom,Reedham,SEA,GBREM
United Kingdom,Reepham,SEA,GBRPH
United Kingdom,Rejerrah,SEA,GBREJ
United Kingdom,Renfrew,SEA,GBREN
United Kingdom,Rhosneigr,SEA,GBRNE
United Kingdom,Rhos-on-Sea,SEA,GBRHS
United Kingdom,Rhu,SEA,GBRHU
United Kingdom,Rhu Coigach - Badluachrach,SEA,GBRCB
United Kingdom,"Rhubodach, Isle of Bute",SEA,GBRHB
United Kingdom,Richborough,SEA,GBRIC
United Kingdom,River Dart,SEA,GBRRD
United Kingdom,River Fowey,SEA,GBRVF
United Kingdom,Robin Hoods Bay,SEA,GBRBB
United Kingdom,Rock,SEA,GBROC
United Kingdom,Rock Ferry,SEA,GBRFR
United Kingdom,Rosehearty,SEA,GBRTY
United Kingdom,Rosemarkie,SEA,GBRME
United Kingdom,Rosneath,SEA,GBRSH
United Kingdom,Rossendale,SEA,GBRDA
United Kingdom,Rostrevor,SEA,GBROR
United Kingdom,Rosyth,SEA,GBROY
United Kingdom,Rotherham,SEA,GBRTH
United Kingdom,"Rothesay, Isle of Bute",SEA,GBRAY
United Kingdom,Rousay,SEA,GBROU
United Kingdom,Ruan Minor,SEA,GBRUM
United Kingdom,Rudh Re - Red Point,SEA,GBRDH
United Kingdom,Runcorn,SEA,GBRUN
United Kingdom,Ryde,SEA,GBRYD
United Kingdom,Saint Abbs,SEA,GBABJ
United Kingdom,Saint Brelade,SEA,GBTBR
United Kingdom,Saint Catherine's Point,SEA,GBCNP
United Kingdom,Saint Combs and Charleston,SEA,GBSCM
United Kingdom,Saint David's,SEA,GBSVS
United Kingdom,Saint Helens,SEA,GBTLE
United Kingdom,Saint Helens,SEA,GBSHY
United Kingdom,Saint Just,SEA,GBSJU
United Kingdom,Saint Keverne,SEA,GBSKV
United Kingdom,Saint Leonards-on-Sea,SEA,GBLDS
United Kingdom,"Saint Margaret's Hope, South Ronaldsay",SEA,GBSMH
United Kingdom,Saint Marys Bay,SEA,GBSMA
United Kingdom,Saint Mawes,SEA,GBSMV
United Kingdom,Saint Michael's Mount,SEA,GBSMM
United Kingdom,Saint Minver,SEA,GBSNV
United Kingdom,Saint Monance (Saint Monans),SEA,GBSMC
United Kingdom,Saint Quivox,SEA,GBSTQ
United Kingdom,Saint Sampson (Golant),SEA,GBSMP
United Kingdom,Saint-Anne's-on-Sea,SEA,GBASA
United Kingdom,Salcombe,SEA,GBSCB
United Kingdom,Salen,SEA,GBAEN
United Kingdom,Salford,SEA,GBSFY
United Kingdom,Salt End,SEA,GBSED
United Kingdom,Saltcoats,SEA,GBSLC
United Kingdom,Salthouse,SEA,GBSTH
United Kingdom,Sandford,SEA,GBSAD
United Kingdom,Sandhaven and Pitullie,SEA,GBSPI
United Kingdom,Sandness,SEA,GBSNK
United Kingdom,Sandown,SEA,GBSDO
United Kingdom,Sandwich,SEA,GBSDW
United Kingdom,Sandwick,SEA,GBSWC
United Kingdom,Saundersfoot,SEA,GBSAU
United Kingdom,"Scalasaig, Colonsay",SEA,GBSCG
United Kingdom,"Scalpay, Outer Hebridies",SEA,GBSCC
United Kingdom,Scapa,SEA,GBSCF
United Kingdom,Scarcliffe,SEA,GBSF5
United Kingdom,Scarfskerry,SEA,GBSFK
United Kingdom,"Scarinish, Tiree",SEA,GBSCN
United Kingdom,"Sconser, Isle of Skye",SEA,GBSCO
United Kingdom,Scourie,SEA,GBRIE
United Kingdom,Scunthorpe,SEA,GBSCP
United Kingdom,Seaford,SEA,GBSFR
United Kingdom,Seaforth,SEA,GBSEF
United Kingdom,Seahouses,SEA,GBSHU
United Kingdom,Seal Sands,SEA,GBXSS
United Kingdom,Seaton,SEA,GBEON
United Kingdom,Seaview,SEA,GBSVW
United Kingdom,Selby,SEA,GBSLB
United Kingdom,Selsey,SEA,GBSSY
United Kingdom,Sennen Cove,SEA,GBSNC
United Kingdom,Shandon,SEA,GBSHN
United Kingdom,Shanklin,SEA,GBSAI
United Kingdom,Shapinsay,SEA,GBSPY
United Kingdom,Sheen,SEA,GBSEZ
United Kingdom,Sheffield,SEA,GBSHE
United Kingdom,Sheldon,SEA,GBSDQ
United Kingdom,Sheringham,SEA,GBSGM
United Kingdom,Shetland,SEA,GBTLD
United Kingdom,Shieldaig,SEA,GBSHX
United Kingdom,Shifnal,SEA,GBIFN
United Kingdom,Shinness,SEA,GBSYL
United Kingdom,Shobdon,SEA,GBEEN
United Kingdom,Shoreham,SEA,GBSHO
United Kingdom,Shoreham-by-Sea,SEA,GBESH
United Kingdom,Shotts,SEA,GBOHT
United Kingdom,Sidlesham,SEA,GBSES
United Kingdom,Sidmouth,SEA,GBSDM
United Kingdom,Silvertown,SEA,GBSVT
United Kingdom,Simonswood,SEA,GBSMW
United Kingdom,Sizewell Beach,SEA,GBSZB
United Kingdom,Skegness,SEA,GBSKE
United Kingdom,Skeld,SEA,GBSKZ
United Kingdom,Skerray,SEA,GBSKR
United Kingdom,Sleat,SEA,GBATS
United Kingdom,Small Heath,SEA,GBSJJ
United Kingdom,Snizort,SEA,GBSZT
United Kingdom,Solva (Solfach),SEA,GBSLV
United Kingdom,Sompting,SEA,GBSPT
United Kingdom,"South Cuan, Luing",SEA,GBLUI
United Kingdom,South Harris,SEA,GBTRS
United Kingdom,South Hayling,SEA,GBSHG
United Kingdom,South Lochs,SEA,GBOTC
United Kingdom,South Queensferry,SEA,GBSOQ
United Kingdom,South Ronaldsay,SEA,GBSRY
United Kingdom,South Shields,SEA,GBSSH
United Kingdom,South Strome,SEA,GBUTS
United Kingdom,Southend,SEA,GBSEC
United Kingdom,Southend-on-Sea,SEA,GBSAA
United Kingdom,Southport,SEA,GBSRT
United Kingdom,Southwick,SEA,GBSHK
United Kingdom,Stackpole Quay,SEA,GBSPQ
United Kingdom,Staithes,SEA,GBSTZ
United Kingdom,Stanlow,SEA,GBSOW
United Kingdom,Stanstead,SEA,GBTED
United Kingdom,Stapleford Abbots,SEA,GBSBA
United Kingdom,Staxigoe,SEA,GBSXE
United Kingdom,Stechford,SEA,GBST2
United Kingdom,Steynton,SEA,GBSYY
United Kingdom,Stockinish,SEA,GBSCH
United Kingdom,Stockton,SEA,GBSCT
United Kingdom,Stockton-on-Tees,SEA,GBSTT
United Kingdom,Stoke on Trent,SEA,GBSOT
United Kingdom,Stonehaven,SEA,GBSVN
United Kingdom,Stornoway,SEA,GBSTO
United Kingdom,Stourton/Leeds,SEA,GBSYR
United Kingdom,Stowbridge,SEA,GBSBI
United Kingdom,Strangford,SEA,GBSJL
United Kingdom,Strathaird,SEA,GBSRH
United Kingdom,Streatham,SEA,GBHTA
United Kingdom,Strete,SEA,GBSRZ
United Kingdom,Stroma,SEA,GBSOA
United Kingdom,Sturton by Stow,SEA,GBURT
United Kingdom,Summercourt,SEA,GBSMU
United Kingdom,Sunderland,SEA,GBSUN
United Kingdom,Sutton Bridge,SEA,GBPSB
United Kingdom,Swanage,SEA,GBSWE
United Kingdom,Swansea,SEA,GBSWA
United Kingdom,Swinton,SEA,GBSWN
United Kingdom,Taddiport,SEA,GBTAD
United Kingdom,Talbot Green,SEA,GBTEZ
United Kingdom,Talmine,SEA,GBTLN
United Kingdom,Tameside,SEA,GBTAM
United Kingdom,Tarbert,SEA,GBTAR
United Kingdom,Tarbert,SEA,GBTAB
United Kingdom,Tayinloan,SEA,GBTAI
United Kingdom,Tayvallich,SEA,GBTLI
United Kingdom,Teesport,SEA,GBTEE
United Kingdom,Teignmouth,SEA,GBTNM
United Kingdom,Tenbury,SEA,GBENB
United Kingdom,Tenby (Dinbych-y-pysgod),SEA,GBTEN
United Kingdom,Tendring,SEA,GBRIG
United Kingdom,Tetney Terminal,SEA,GBTTL
United Kingdom,Thakeham,SEA,GBKHA
United Kingdom,The Forties,SEA,GBFTI
United Kingdom,Thornhill,SEA,GBTRL
United Kingdom,Thornley,SEA,GBNLE
United Kingdom,Thorpe Bay,SEA,GBTPB
United Kingdom,Thorpeness,SEA,GBNSS
United Kingdom,Thundersley,SEA,GBRSL
United Kingdom,Thurnscoe,SEA,GBFUU
United Kingdom,Thurso,SEA,GBTHR
United Kingdom,Tighnabruaich,SEA,GBTIG
United Kingdom,Tilford,SEA,GBTFO
United Kingdom,Tingwall,SEA,GBTNG
United Kingdom,Tividale,SEA,GBTVD
United Kingdom,Tobermory,SEA,GBTOB
United Kingdom,Toberonochy,SEA,GBTBN
United Kingdom,Topsham,SEA,GBTHM
United Kingdom,Torbay/Paignton,SEA,GBTBY
United Kingdom,Torpoint,SEA,GBTPO
United Kingdom,Torquay,SEA,GBTOR
United Kingdom,Torridon,SEA,GBTRD
United Kingdom,Tranmere,SEA,GBTRA
United Kingdom,Trearddur,SEA,GBTRR
United Kingdom,Trefforest,SEA,GBTFR
United Kingdom,Trefor,SEA,GBTRO
United Kingdom,Tresco,SEA,GBTSO
United Kingdom,Troon,SEA,GBTRN
United Kingdom,Tudweiliog,SEA,GBTDI
United Kingdom,Tyddewi (St David's),SEA,GBTYD
United Kingdom,Tynemouth,SEA,GBTYM
United Kingdom,"Ulsta, Yell",SEA,GBULS
United Kingdom,Ulva Ferry,SEA,GBULF
United Kingdom,Upholland,SEA,GBUPH
United Kingdom,Upnor,SEA,GBUPR
United Kingdom,Upper Froyle,SEA,GBUFY
United Kingdom,Uppingham,SEA,GBUPI
United Kingdom,"Uyeasound, Unst",SEA,GBUYE
United Kingdom,Ventnor,SEA,GBVEN
United Kingdom,Vidlin,SEA,GBVID
United Kingdom,Voe,SEA,GBVOE
United Kingdom,Wadebridge,SEA,GBWAB
United Kingdom,Wakefield,SEA,GBWFD
United Kingdom,Walker,SEA,GBWLK
United Kingdom,Wallesbourne Hastings,SEA,GBQGT
United Kingdom,Wallsend,SEA,GBWTW
United Kingdom,Walsgrave on Sowe,SEA,GBWGW
United Kingdom,Walton-on-the-Naze,SEA,GBWNZ
United Kingdom,Wardle,SEA,GBWRE
United Kingdom,Wareham,SEA,GBWRH
United Kingdom,Warkworth,SEA,GBWKO
United Kingdom,Warrington,SEA,GBWRN
United Kingdom,Waterfoot,SEA,GBWFT
United Kingdom,Wells-next-the-Sea,SEA,GBWNS
United Kingdom,Wembley,SEA,GBWBY
United Kingdom,Wemyss Bay,SEA,GBWMB
United Kingdom,West Auckland,SEA,GBWAX
United Kingdom,West Bay,SEA,GBWYX
United Kingdom,West Burrafirth,SEA,GBWBF
United Kingdom,West Chiltington,SEA,GBCWH
United Kingdom,West Grinstead,SEA,GBWGD
United Kingdom,West Harptree,SEA,GBARP
United Kingdom,West Loch Tarbert,SEA,GBWRB
United Kingdom,West Mersea,SEA,GBWMS
United Kingdom,West Wemyss,SEA,GBWWE
United Kingdom,Westbury on Severn,SEA,GBWYS
United Kingdom,Westerleigh,SEA,GBWTE
United Kingdom,Westgate,SEA,GBWXW
United Kingdom,Weston Point,SEA,GBWSP
United Kingdom,Weston-Super-Mare,SEA,GBWSM
United Kingdom,Westonzoyland,SEA,GBZOY
United Kingdom,Wetheringsett,SEA,GBRWS
United Kingdom,Whinnyfold,SEA,GBWNL
United Kingdom,Whitby,SEA,GBWTB
United Kingdom,Whitcombe,SEA,GBWCB
United Kingdom,"Whitehall Village, Stronsay",SEA,GBWHL
United Kingdom,Whitehead,SEA,GBWHE
United Kingdom,Whitehills,SEA,GBHTS
United Kingdom,Whitney,SEA,GBYNT
United Kingdom,Wickham,SEA,GBWKM
United Kingdom,Widnes,SEA,GBWDN
United Kingdom,Wigan,SEA,GBWGN
United Kingdom,Willesden,SEA,GBESD
United Kingdom,Willingham,SEA,GBWL2
United Kingdom,Wintringham,SEA,GBINT
United Kingdom,Withernsea,SEA,GBWEX
United Kingdom,Worthing,SEA,GBWOT
United Kingdom,Wychbold,SEA,GBWYC
United Kingdom,Wyke Regis,SEA,GBWYK
United Kingdom,Wyre,SEA,GBWYR
United Kingdom,Yapton,SEA,GBYAP
United Kingdom,Yarmouth,SEA,GBYMO
United Kingdom,Port of Felixstowe,SEA,GBFXT
United Kingdom,Port of Southampton,SEA,GBSOU
United Kingdom,Aberdovey,SEA,GBABV
United Kingdom,Acharacle,SEA,GBACA
United Kingdom,Ardkeen,SEA,GBADK
United Kingdom,Anasuria,SEA,GBANA
United Kingdom,Aber Soch,SEA,GBARH
United Kingdom,Balbriggan,SEA,GBBBN
United Kingdom,Barnoldby le Beck,SEA,GBBDB
United Kingdom,Belfast,SEA,GBBFS
United Kingdom,Briston,SEA,GBBIK
United Kingdom,Blyth,SEA,GBBLY
United Kingdom,Balmacara,SEA,GBBMC
United Kingdom,Barmouth,SEA,GBBMU
United Kingdom,Broadmoor,SEA,GBBPE
United Kingdom,Burnley,SEA,GBBRN
United Kingdom,Bristol,SEA,GBBRS
United Kingdom,Bridgwater,SEA,GBBRW
United Kingdom,Brighton,SEA,GBBSH
United Kingdom,Borrowstowness,SEA,GBBSS
United Kingdom,Bryher,SEA,GBBZR
United Kingdom,Corfe Mullen,SEA,GBCFM
United Kingdom,Coldingham,SEA,GBCGB
United Kingdom,Chorley,SEA,GBCHR
United Kingdom,Coryton,SEA,GBCOY
United Kingdom,Carndonagh,SEA,GBCRZ
United Kingdom,Cadishead,SEA,GBCSU
United Kingdom,Cumbria,SEA,GBCUJ
United Kingdom,Ardbeg,SEA,GBDBG
United Kingdom,Durward Dauntless,SEA,GBDDT
United Kingdom,Dereham,SEA,GBDER
United Kingdom,Dale Roads,SEA,GBDOS
United Kingdom,Durham,SEA,GBDRH
United Kingdom,Dunstable,SEA,GBDTE
United Kingdom,Dunstaffnage,SEA,GBDTF
United Kingdom,Dumfries,SEA,GBDUM
United Kingdom,Dover,SEA,GBDVR
United Kingdom,Dalwhinnie,SEA,GBDWI
United Kingdom,Derby,SEA,GBDXY
United Kingdom,Sheildaig,SEA,GBEIL
United Kingdom,Ellesmere Port,SEA,GBELL
United Kingdom,East Mersea,SEA,GBEME
United Kingdom,Elmswell,SEA,GBEWL
United Kingdom,Falmouth,SEA,GBFAL
United Kingdom,Felbrigg,SEA,GBFEI
United Kingdom,Foindlemore - Loch Glendhu,SEA,GBFOI
United Kingdom,Freshwater,SEA,GBFRW
United Kingdom,Gainsborough,SEA,GBGAI
United Kingdom,Greencastle,SEA,GBGNC
United Kingdom,Gunthorpe,SEA,GBGNQ
United Kingdom,Gravesend,SEA,GBGVS
United Kingdom,Haslingden,SEA,GBHDN
United Kingdom,Holland on Sea,SEA,GBHDS
United Kingdom,Holyhead,SEA,GBHLY
United Kingdom,Harlow,SEA,GBHRL
United Kingdom,Harwich,SEA,GBHRW
United Kingdom,Hastings,SEA,GBHTG
United Kingdom,Howwood,SEA,GBHWV
United Kingdom,Heysham,SEA,GBHYM
United Kingdom,Heybridge,SEA,GBHYR
United Kingdom,Isle of Man,SEA,GBIOM
United Kingdom,Ipswich,SEA,GBIPS
United Kingdom,Inveraray,SEA,GBIVR
United Kingdom,Jersey,SEA,GBJER
United Kingdom,Crown Dry-Dock,SEA,GBJHW
United Kingdom,Kirkconnel,SEA,GBKKN
United Kingdom,Lancaster,SEA,GBLAN
United Kingdom,Landore,SEA,GBLAO
United Kingdom,Laxo,SEA,GBLAX
United Kingdom,Lamb Head,SEA,GBLBH
United Kingdom,Loch Carnan,SEA,GBLCC
United Kingdom,Long Eaton,SEA,GBLEA
United Kingdom,Little Hulton,SEA,GBLHT
United Kingdom,Llangadog,SEA,GBLNG
United Kingdom,Lairg,SEA,GBLRG
United Kingdom,Bolt Head,SEA,GBLTD
United Kingdom,Macclesfield,SEA,GBMCL
United Kingdom,Middlewich,SEA,GBMDW
United Kingdom,Mossmoran,SEA,GBMMR
United Kingdom,Moelfre Roads,SEA,GBMRR
United Kingdom,Maydown,SEA,GBMYN
United Kingdom,Neath (Castell-Nedd),SEA,GBNET
United Kingdom,Normans Bay,SEA,GBNMY
United Kingdom,Norton,SEA,GBNOT
United Kingdom,Newport,SEA,GBNPT
United Kingdom,North Walsham,SEA,GBNRM
United Kingdom,Norwich,SEA,GBNRW
United Kingdom,Newry,SEA,GBNRY
United Kingdom,Nottingham,SEA,GBNTG
United Kingdom,Newark,SEA,GBNWK
United Kingdom,Brough,SEA,GBOGH
United Kingdom,Hooton,SEA,GBOOT
United Kingdom,Paddington,SEA,GBPAT
United Kingdom,Pontardulais,SEA,GBPDL
United Kingdom,Pembroke Dock,SEA,GBPED
United Kingdom,Purfleet,SEA,GBPFT
United Kingdom,Port Gordon,SEA,GBPGD
United Kingdom,Pwilheli,SEA,GBPHL
United Kingdom,Portsmouth,SEA,GBPME
United Kingdom,Pendeen,SEA,GBPNE
United Kingdom,Port Logan,SEA,GBPOG
United Kingdom,Poole,SEA,GBPOO
United Kingdom,Pipe Gate,SEA,GBPPG
United Kingdom,Portland,SEA,GBPTL
United Kingdom,Queenborough,SEA,GBQUB
United Kingdom,Braevig,SEA,GBREV
United Kingdom,Rochford,SEA,GBRFD
United Kingdom,Bar Light,SEA,GBRLG
United Kingdom,Carloway,SEA,GBRLW
United Kingdom,Ramsgate,SEA,GBRMG
United Kingdom,Rye,SEA,GBRYE
United Kingdom,Reynoldston,SEA,GBRYL
United Kingdom,Stratford-upon-Avon,SEA,GBSAV
United Kingdom,Scrabster,SEA,GBSCR
United Kingdom,Sandside,SEA,GBSDS
United Kingdom,Stuartfield,SEA,GBSFU
United Kingdom,Saint Margaret's Hope,SEA,GBSGP
United Kingdom,Sheerness,SEA,GBSHS
United Kingdom,Shell Haven,SEA,GBSHV
United Kingdom,Snape Bridge,SEA,GBSID
United Kingdom,Studland,SEA,GBSJY
United Kingdom,Strathcarron,SEA,GBSRC
United Kingdom,Stalbridge,SEA,GBSRI
United Kingdom,Southerness,SEA,GBSRQ
United Kingdom,Shiskine,SEA,GBSSK
United Kingdom,Sevington,SEA,GBSVI
United Kingdom,Southwold,SEA,GBSWD
United Kingdom,Steynton,SEA,GBSYZ
United Kingdom,Saint Clement,SEA,GBSZC
United Kingdom,Tongue,SEA,GBTGU
United Kingdom,Thamesport,SEA,GBTHP
United Kingdom,Thames Haven,SEA,GBTHS
United Kingdom,South Uist and Eriskay,SEA,GBTHT
United Kingdom,Tilbury,SEA,GBTIL
United Kingdom,Standlake,SEA,GBTND
United Kingdom,Tyne,SEA,GBTYN
United Kingdom,Buchan,SEA,GBUCN
United Kingdom,Watford,SEA,GBWAF
United Kingdom,Weymouth,SEA,GBWEY
United Kingdom,Wisbech,SEA,GBWIS
United Kingdom,Whaligoe,SEA,GBWLG
United Kingdom,Warndon,SEA,GBWND
United Kingdom,Workington,SEA,GBWOR
United Kingdom,Lydd on Sea,SEA,GBYOS
United Kingdom,York,SEA,GBYRK
Guernsey,Alderney,SEA,GGACI
Guernsey,Guernsey,SEA,GGGCI
Guernsey,Saint Peter Port,SEA,GGSPT
Greece,Achladi,SEA,GRACL
Greece,Agathonisi,SEA,GRAGN
Greece,Agia Efimia,SEA,GRAEF
Greece,Agia Galini,SEA,GRPIL
Greece,Agia Marina Fthiotidas,SEA,GRAGM
Greece,Agia Marina Grammatikou Attikis,SEA,GRGMA
Greece,Agia Pelagia,SEA,GRAPE
Greece,Agio Theodoroi,SEA,GRAGT
Greece,Agiokampos Larissas,SEA,GRAGK
Greece,Agiokampos Oreon,SEA,GRAOR
Greece,Agios Efstratios,SEA,GRAGO
Greece,Agios Georgios,SEA,GRAGE
Greece,Agios Kirykos,SEA,GRAKI
Greece,Agios Konstantinos,SEA,GRAKO
Greece,"Agios Nikolaos, Kriti",SEA,GRANI
Greece,Agios Stefanos Corfu,SEA,GRASF
Greece,Agistri Aiginas,SEA,GRAGG
Greece,Agnontas Skopelos,SEA,GRANL
Greece,Agria,SEA,GRAGA
Greece,Aigiali Amorgou,SEA,GRAIG
Greece,Aigion,SEA,GRAEN
Greece,Aktio Vonitsas,SEA,GRAKT
Greece,Alexandroupolis,SEA,GRAXD
Greece,Alimos,SEA,GRAIO
Greece,Aliverio,SEA,GRLVR
Greece,Alonnisos,SEA,GRALO
Greece,Altsi,SEA,GRATS
Greece,Amaliapolis,SEA,GRAPL
Greece,Amfilochia,SEA,GRAMF
Greece,Amoliani,SEA,GRAMI
Greece,Anafi,SEA,GRANA
Greece,Andirrion,SEA,GRANT
Greece,Andros,SEA,GRAND
Greece,Antikyra,SEA,GRATK
Greece,Antiparos,SEA,GRANP
Greece,Argostolion,SEA,GRARM
Greece,Arkioi Dodekanissou,SEA,GRARD
Greece,Arkitsa,SEA,GRARK
Greece,Artemis,SEA,GRTEM
Greece,Aspropirgos,SEA,GRASS
Greece,Asprovalta,SEA,GRAPV
Greece,Assos,SEA,GRSOS
Greece,Astakos,SEA,GRAST
Greece,Astros,SEA,GRARS
Greece,Astypalaia,SEA,GRJTY
Greece,Atalandi,SEA,GRATA
Greece,Atherinolakos Ierapetras,SEA,GRATL
Greece,Avlida,SEA,GRAVA
Greece,Chalkida,SEA,GRCLK
Greece,Chania,SEA,GRCHQ
Greece,Chios,SEA,GRJKH
Greece,Dafni,SEA,GRDAF
Greece,Delos,SEA,GRDOS
Greece,Donousa Kykladon,SEA,GRDON
Greece,Drapetzona,SEA,GRDPA
Greece,Edipsos,SEA,GREDI
Greece,Eginion,SEA,GREGI
Greece,Elaiokhoria,SEA,GRXZX
Greece,Eleftheres,SEA,GRELT
Greece,Eleusina,SEA,GREEU
Greece,Eleusis,SEA,GRFLS
Greece,Epidavros,SEA,GREPI
Greece,Eratini,SEA,GRETK
Greece,Eretria,SEA,GRERE
Greece,Ermioni,SEA,GRERM
Greece,Erythres,SEA,GRERY
Greece,Eydilos,SEA,GREYD
Greece,Fiskardo,SEA,GRFIS
Greece,Folegandros,SEA,GRFOL
Greece,Fournoi,SEA,GRFOU
Greece,Galatas Troizinas,SEA,GRGAL
Greece,Gavdos Chanea,SEA,GRGAD
Greece,Gavrion,SEA,GRGAV
Greece,Glossa,SEA,GRGLO
Greece,Glyfa Fthiotidas,SEA,GRGLY
Greece,Glyfada,SEA,GRGFD
Greece,Gythion,SEA,GRGYT
Greece,Halki Dodekanison,SEA,GRHAL
Greece,Herakleia Kykladon,SEA,GRHRK
Greece,Heraklion (Iraklion),SEA,GRHER
Greece,Hydra (Idhra),SEA,GRHYD
Greece,Ierapetra,SEA,GRIER
Greece,Ierissos,SEA,GRIES
Greece,Igoumenitsa,SEA,GRIGO
Greece,Inousses,SEA,GRINO
Greece,Ios,SEA,GRIOS
Greece,Isthmia,SEA,GRITM
Greece,Itea,SEA,GRITA
Greece,Ithaki (Ithaca),SEA,GRITH
Greece,Kalamaki,SEA,GRKLM
Greece,Kalamata,SEA,GRKLX
Greece,Kalamos Island (Lefkada),SEA,GRKAI
Greece,Kalathos Rodou,SEA,GRKLD
Greece,Kalilimenes,SEA,GRKLL
Greece,Kalymnos,SEA,GRKMI
Greece,Kamiros Skala,SEA,GRKSK
Greece,Kapsalion (Kythira),SEA,GRKAP
Greece,Kardamaina Kos,SEA,GRKRM
Greece,Kardamyla,SEA,GRKDM
Greece,Karkinagri Ikarias,SEA,GRKAG
Greece,Karpathos,SEA,GRAOK
Greece,Karystos,SEA,GRKST
Greece,Kassos,SEA,GRKSJ
Greece,Kastelli Kissamou,SEA,GRKIS
Greece,Kastellorizou (ex Megisti),SEA,GRKAS
Greece,Kastos Island,SEA,GRKSI
Greece,Katakolon,SEA,GRKAK
Greece,Katapola,SEA,GRKTP
Greece,Katerini,SEA,GRKEI
Greece,Kato Achaia,SEA,GRKAH
Greece,Kavala,SEA,GRKVA
Greece,Kea (Tzia),SEA,GRKEA
Greece,Kefalos Ko,SEA,GRKEF
Greece,Keramoti,SEA,GRKER
Greece,Keratsinion,SEA,GRKTS
Greece,Kerkira (Corfu),SEA,GRCFU
Greece,Khora Sfakion,SEA,GRCSF
Greece,Kiato,SEA,GRKIO
Greece,Kimasi,SEA,GRKYM
Greece,Kimi (Kymi),SEA,GRKIM
Greece,Kimolos,SEA,GRKMS
Greece,Klima,SEA,GRKLI
Greece,Koilas Ermionidos,SEA,GRKIN
Greece,Kopanos,SEA,GRKPS
Greece,Korinthos,SEA,GRKRT
Greece,Kos,SEA,GRKGS
Greece,Kosta Ermionidas,SEA,GRKEM
Greece,Koufonissia Kykladon,SEA,GRKOF
Greece,Kyllini,SEA,GRKYL
Greece,Kythnos,SEA,GRKYT
Greece,Lagos (Porto-Lago),SEA,GRPTL
Greece,Lakkion,SEA,GRPKK
Greece,Lardos Rhodes,SEA,GRLAR
Greece,Larymna,SEA,GRLRY
Greece,Laurium (Lavrion),SEA,GRLAV
Greece,Lefkada (Lefkas),SEA,GRLEV
Greece,Lefkimmi,SEA,GRLFK
Greece,Leonidion,SEA,GRLND
Greece,Leros,SEA,GRLRS
Greece,Limni,SEA,GRLII
Greece,Linaria,SEA,GRLIA
Greece,Lindos Rodou,SEA,GRLDR
Greece,Linoperamata Hrakliou,SEA,GRLIN
Greece,Lipsoi,SEA,GRLIP
Greece,Lixuri,SEA,GRLIX
Greece,Magoula,SEA,GRM8L
Greece,Magoula,SEA,GRMGL
Greece,Malessina,SEA,GRMSA
Greece,Marathokampos Samou,SEA,GRMKP
Greece,Marmari,SEA,GRMRM
Greece,Mathraki Diapontioi Island,SEA,GRMTR
Greece,Megalon Livadion,SEA,GRMEG
Greece,Meganisi,SEA,GRMGN
Greece,Menidi,SEA,GRMEN
Greece,Mesolongion,SEA,GRMEL
Greece,Mesta Hiou,SEA,GRMHI
Greece,Methana,SEA,GRMEA
Greece,Methoni,SEA,GRMET
Greece,Mirina,SEA,GRMYR
Greece,Molyvos,SEA,GRMOL
Greece,Monemvasia,SEA,GRMON
Greece,Moni Vatopediou,SEA,GRMVO
Greece,Moudhros,SEA,GRMDR
Greece,Moutsouna,SEA,GRMOU
Greece,Mykonos,SEA,GRJMK
Greece,Mylaki,SEA,GRMYL
Greece,Myrties Kalymnou,SEA,GRMRS
Greece,Mytilene,SEA,GRMJT
Greece,Nafplion,SEA,GRNAF
Greece,Navpaktos,SEA,GRNPK
Greece,Naxos,SEA,GRJNX
Greece,Nea Artaki,SEA,GRNAR
Greece,Nea Kallikratia,SEA,GRNKA
Greece,Nea Karvali,SEA,GRNKV
Greece,Nea Moudhania,SEA,GRNMA
Greece,Nea Playia,SEA,GRNPY
Greece,Nea Stira,SEA,GRNST
Greece,Neapolis,SEA,GRNEA
Greece,Neon Karlovasion,SEA,GRKAR
Greece,Nidhrion,SEA,GRNID
Greece,Nisiros,SEA,GRNIS
Greece,Oia Kyklades,SEA,GROIK
Greece,Orei,SEA,GRORE
Greece,Ormos Panormou,SEA,GRPNT
Greece,Oropos,SEA,GRORO
Greece,Othonoi,SEA,GROTH
Greece,Ouranopolis,SEA,GROUR
Greece,Pachi,SEA,GRPME
Greece,Palaia Epidavros,SEA,GRPEP
Greece,Palaia Fokaia,SEA,GRPFA
Greece,Paleohora Sfakion,SEA,GRPSF
Greece,Paloukia,SEA,GRPAO
Greece,Parga,SEA,GRPAR
Greece,Paros,SEA,GRPAS
Greece,Patmos,SEA,GRPMS
Greece,Patras,SEA,GRGPA
Greece,Paxi,SEA,GRPAX
Greece,Pelasyia,SEA,GRPEL
Greece,Perama,SEA,GRPER
Greece,Perea,SEA,GRPRR
Greece,Petra,SEA,GRPLV
Greece,Phserimos Dodekanisou,SEA,GRPSE
Greece,Piraeus,SEA,GRPIR
Greece,Pitra,SEA,GRPIT
Greece,Plakias,SEA,GRALG
Greece,Platy,SEA,GRP5T
Greece,Plomarion,SEA,GRPLM
Greece,Politika,SEA,GRPTK
Greece,Port Vathy (Vathy),SEA,GRVTH
Greece,Prosotsani,SEA,GRDSD
Greece,Proti,SEA,GRPRO
Greece,Psakhna,SEA,GRPSA
Greece,Psara,SEA,GRPAA
Greece,Pyli,SEA,GRPLI
Greece,Pylos,SEA,GRPYL
Greece,Pythagoreion,SEA,GRPYT
Greece,Rethymnon,SEA,GRRET
Greece,Rizes,SEA,GRRIZ
Greece,Salamis,SEA,GRSAL
Greece,Sami,SEA,GRSAI
Greece,Samothraki,SEA,GRSAM
Greece,Serifos,SEA,GRZAQ
Greece,Seriphos,SEA,GRSER
Greece,Sigrion,SEA,GRSGI
Greece,Sikinos,SEA,GRSII
Greece,Siteia,SEA,GRJSH
Greece,Skafidia,SEA,GRSKD
Greece,Skaloma,SEA,GRSKM
Greece,Skaramangas,SEA,GRSKA
Greece,Skiathos,SEA,GRJSI
Greece,Skiros,SEA,GRSKU
Greece,Soroni,SEA,GRSOI
Greece,Souda,SEA,GRSDH
Greece,Souflion,SEA,GRSFN
Greece,Soussaki,SEA,GRSOU
Greece,Spetsai,SEA,GRSPE
Greece,Stylida (Stylis),SEA,GRSYS
Greece,Symi,SEA,GRSYM
Greece,Syvota,SEA,GRSYV
Greece,Tavros,SEA,GRTVR
Greece,Thessaloniki,SEA,GRSKG
Greece,Thira,SEA,GRJTR
Greece,Thirasia,SEA,GRTRS
Greece,Thisvi Port,SEA,GRTHP
Greece,Tilos,SEA,GRTIL
Greece,Tinos,SEA,GRTIN
Greece,Tsingeli,SEA,GRTSI
Greece,Volos,SEA,GRVOL
Greece,Voudia Milos,SEA,GRVOM
Greece,Vouliagmeni,SEA,GRVLM
Greece,Vrisakia,SEA,GRVRI
Greece,Xirokambion,SEA,GRXKB
Greece,Yerakini,SEA,GRYER
Greece,Zakynthos,SEA,GRZTH
Greece,Adamas Milos,SEA,GRADL
Greece,Aegina,SEA,GRAEG
Greece,Agios Nikolaos Fokidas,SEA,GRAGF
Greece,Aidipsou,SEA,GRAID
Greece,Akhillion,SEA,GRAKH
Greece,Agia Kyriaki (Trikeri Magnisia),SEA,GRAKM
Greece,Agia Marina Lerou,SEA,GRAML
Greece,Agia Marina Aiginas,SEA,GRAMR
Greece,Agios Athanasios,SEA,GRAOS
Greece,Aspropyrgos (Biochalko),SEA,GRAPY
Greece,Araxos,SEA,GRARX
Greece,Athens,SEA,GRATH
Greece,Athinios Thira Santorini,SEA,GRATN
Greece,Corinth,SEA,GRCRG
Greece,Diakofti Kythiron,SEA,GRDIK
Greece,Dombraina Boiotias,SEA,GRDMB
Greece,Drepano Riou,SEA,GRDRE
Greece,Argostolion,SEA,GREFL
Greece,Elefsis (Elevsis),SEA,GRELE
Greece,Elafonissos Lakonias,SEA,GRELN
Greece,Ereikousses Diapontioi Islands,SEA,GRERK
Greece,Farmakonissi Dodekanissos,SEA,GRFAM
Greece,Faneromeni Salaminas,SEA,GRFNR
Greece,Galaxidi,SEA,GRGLX
Greece,Heraclion Crete,SEA,GRHEC
Greece,Elefsina,SEA,GRIXE
Greece,Katokhi (Katohi),SEA,GRKAT
Greece,Kiparissia,SEA,GRKIP
Greece,Kaloi Limenes Rethymnou,SEA,GRKLS
Greece,Kontias Limnou,SEA,GRKNS
Greece,Kamares Sifnos,SEA,GRKRE
Greece,Kassiopi Corfu,SEA,GRKSP
Greece,Lefkandi,SEA,GRLEF
Greece,Loutro Chanion,SEA,GRLTR
Greece,Magoula,SEA,GRMAG
Greece,Mastichari Kos,SEA,GRMXK
Greece,Myrtos Beach,SEA,GRMYB
Greece,Naoussa Parou,SEA,GRNAS
Greece,Paleochora,SEA,GRPCH
Greece,Petani Beach,SEA,GRPEB
Greece,Pekfi,SEA,GRPEK
Greece,Perama Geras Mytilinis,SEA,GRPGM
Greece,Platania,SEA,GRPIA
Greece,Pissaetos Ithakis,SEA,GRPIS
Greece,Platygiali Etoloakarnanias,SEA,GRPLG
Greece,Potamos Antikithera,SEA,GRPOA
Greece,Prinos Thassou,SEA,GRPPI
Greece,Petries Evvoias,SEA,GRPRE
Greece,Pessada Kefallinnias,SEA,GRPSK
Greece,Pteleos,SEA,GRPTE
Greece,Plataria,SEA,GRPTI
Greece,Peyki Evvoias,SEA,GRPYV
Greece,Revithoussa,SEA,GRREV
Greece,Agia Roumeli,SEA,GRROU
Greece,Frikes Ithakis,SEA,GRSAT
Greece,Sigri Lesvou,SEA,GRSGR
Greece,Sagiada Thesprotias,SEA,GRSGT
Greece,Schinousa Kykladon,SEA,GRSHC
Greece,Shinari Zakynthou,SEA,GRSHI
Greece,Apollonia,SEA,GRSIF
Greece,Souvala,SEA,GRSLA
Greece,Sougia Chanion,SEA,GRSOG
Greece,Saint Nicolas,SEA,GRSTN
Greece,Thymaina Island,SEA,GRTHM
Greece,Tolo Argolidos,SEA,GRTLA
Greece,Trikeri,SEA,GRTRK
Greece,Trypiti Chalkidikis,SEA,GRTRY
Greece,Vatika Bay,SEA,GRVAB
Greece,Volissos (Limnia) Chios,SEA,GRVLC
Greece,Vassiliki Leykadas,SEA,GRVSS
Greece,Yaltra,SEA,GRYAL
Croatia,Aljmas,SEA,HRALJ
Croatia,Antenal,SEA,HRATL
Croatia,Bakar,SEA,HRBAK
Croatia,Baska,SEA,HRBAS
Croatia,Batina,SEA,HRBAT
Croatia,Belisce,SEA,HRBLC
Croatia,Biograd na Moru,SEA,HRBNM
Croatia,Blace,SEA,HRBLE
Croatia,Bol,SEA,HRBOL
Croatia,Borovo,SEA,HRBOR
Croatia,Bozava,SEA,HRBZA
Croatia,Brbinj/Lucina,SEA,HRBRB
Croatia,Brioni,SEA,HRBRI
Croatia,Cavtat,SEA,HRCVT
Croatia,Cres,SEA,HRCRS
Croatia,Crikvenica,SEA,HRCRA
Croatia,Dalj,SEA,HRDLJ
Croatia,Donje Celo,SEA,HRDNC
Croatia,Drvenik,SEA,HRDRK
Croatia,Dubrovnik,SEA,HRDBV
Croatia,Duga Resa,SEA,HRRES
Croatia,Dugi Rat,SEA,HRDUR
Croatia,Erdut,SEA,HRERD
Croatia,Fazana,SEA,HRFNA
Croatia,Fericanci,SEA,HRN9F
Croatia,Gazenica,SEA,HRGNA
Croatia,Hvar,SEA,HRHVA
Croatia,Ilok,SEA,HRILO
Croatia,Ist,SEA,HRIST
Croatia,Jablanac,SEA,HRJAB
Croatia,Jadrija,SEA,HRJDR
Croatia,Jelsa,SEA,HRJSA
Croatia,Kaprije,SEA,HRKPR
Croatia,Karlobag,SEA,HRKAB
Croatia,Kijevo,SEA,HRKJV
Croatia,Klek,SEA,HRKLK
Croatia,Klimno,SEA,HRKMN
Croatia,Komiza,SEA,HRKMZ
Croatia,Korcula,SEA,HRKOR
Croatia,Koromacno,SEA,HRKRM
Croatia,Kostrena,SEA,HRKOS
Croatia,Kraljevica,SEA,HRKRA
Croatia,Krk,SEA,HRKRK
Croatia,Lamjane,SEA,HRLAM
Croatia,Lastovo,SEA,HRLST
Croatia,Lokrum,SEA,HRLKR
Croatia,Lopar,SEA,HRLPR
Croatia,Lopud,SEA,HRLPD
Croatia,Makarska,SEA,HRMAK
Croatia,Mali Losinj,SEA,HRLSZ
Croatia,Malinska,SEA,HRMAL
Croatia,Martinscica,SEA,HRMTA
Croatia,Maslenica,SEA,HRMAS
Croatia,Merag,SEA,HRMRG
Croatia,Metkovic,SEA,HRMET
Croatia,Milna,SEA,HRMIL
Croatia,Misnjak,SEA,HRMNK
Croatia,Mohovo,SEA,HRMHV
Croatia,Momjan,SEA,HRMOM
Croatia,Moscenicka Draga,SEA,HRMOD
Croatia,Muna na Zirju,SEA,HRMRJ
Croatia,Murter,SEA,HRMUR
Croatia,Nerezine,SEA,HRNRZ
Croatia,Novalja,SEA,HRNVL
Croatia,Novi Vinodolski,SEA,HRNVD
Croatia,Novigrad,SEA,HRNVG
Croatia,Novigrad (Dalmacija),SEA,HRNDD
Croatia,Obonjan,SEA,HRONJ
Croatia,Omis,SEA,HROMS
Croatia,Omisalj,SEA,HROMI
Croatia,Opatija,SEA,HROPA
Croatia,Opatovac,SEA,HROPT
Croatia,Orebic,SEA,HRORB
Croatia,Osijek,SEA,HROSI
Croatia,Pag,SEA,HRPAG
Croatia,Ploce,SEA,HRPLE
Croatia,Plomin,SEA,HRPLM
Croatia,Polace,SEA,HRPLA
Croatia,Pomena,SEA,HRPMN
Croatia,Porec,SEA,HRPOR
Croatia,Porozina,SEA,HRPRZ
Croatia,Prapratno,SEA,HRPRP
Croatia,Preko,SEA,HRPRE
Croatia,Primosten,SEA,HRPRI
Croatia,Privlaka,SEA,HRPVK
Croatia,Prizna,SEA,HRPRN
Croatia,Prvic,SEA,HRPRV
Croatia,Prvic Sepurine,SEA,HRPRS
Croatia,Pucisca,SEA,HRPCA
Croatia,Pula,SEA,HRPUY
Croatia,Punat,SEA,HRPNT
Croatia,Rab,SEA,HRRAB
Croatia,Rabac,SEA,HRRBC
Croatia,Rasa,SEA,HRRAS
Croatia,Rijeka,SEA,HRRJK
Croatia,Rogac,SEA,HRRGC
Croatia,Rogoznica,SEA,HRRGN
Croatia,Rovinj,SEA,HRROV
Croatia,Rugvica,SEA,HRRVC
Croatia,Sali,SEA,HRSAL
Croatia,Sarengrad,SEA,HRSRG
Croatia,Selce,SEA,HRSLC
Croatia,Senj,SEA,HRSEN
Croatia,Sibenik,SEA,HRSIB
Croatia,Silba,SEA,HRSIL
Croatia,Silo,SEA,HRSLO
Croatia,Sisak,SEA,HRSIS
Croatia,Skradin,SEA,HRSRD
Croatia,Slano,SEA,HRSLA
Croatia,Slatine,SEA,HRSLT
Croatia,Slavonski Brod,SEA,HRSBD
Croatia,Sobra,SEA,HRSBR
Croatia,Split,SEA,HRSPU
Croatia,Stari Grad,SEA,HRSGD
Croatia,Starigrad,SEA,HRSGR
Croatia,Stomorska,SEA,HRSTM
Croatia,Ston,SEA,HRSTO
Croatia,Sucurac,SEA,HRSUR
Croatia,Sucuraj,SEA,HRSUC
Croatia,Sudurad,SEA,HRSDR
Croatia,Sumartin,SEA,HRSMN
Croatia,Supetar,SEA,HRSUP
Croatia,Susak,SEA,HRSSK
Croatia,Susak,SEA,HRSUS
Croatia,Sustjepan,SEA,HRSTP
Croatia,Sveti Juraj,SEA,HRSVJ
Croatia,Sveti Kajo,SEA,HRSVK
Croatia,Tisno,SEA,HRTNO
Croatia,Tkon,SEA,HRTKN
Croatia,Tribunj,SEA,HRTRI
Croatia,Trogir,SEA,HRTRO
Croatia,Trpanj,SEA,HRTRJ
Croatia,Trstenik,SEA,HRTRK
Croatia,Tunarica,SEA,HRTNR
Croatia,Ubli,SEA,HRUBL
Croatia,Umag,SEA,HRUMG
Croatia,Unije,SEA,HRUNJ
Croatia,Valbiska,SEA,HRVLB
Croatia,Vela Luka,SEA,HRVLK
Croatia,Veli Losinj,SEA,HRVLN
Croatia,Velika Mlaka,SEA,HR9SA
Croatia,Viganj,SEA,HRVGN
Croatia,Vis,SEA,HRVIS
Croatia,Vodice,SEA,HRVDC
Croatia,Vranjic,SEA,HRVRA
Croatia,Vrbnik,SEA,HRVRK
Croatia,Vrboska,SEA,HRVRS
Croatia,Vrgada,SEA,HRVRG
Croatia,Vrsar,SEA,HRVRR
Croatia,Vukovar,SEA,HRVUK
Croatia,Zadar,SEA,HRZAD
Croatia,Zigljen,SEA,HRZGL
Croatia,Zlarin,SEA,HRZLR
Croatia,Borovo Selo,SEA,HRBRV
Croatia,Dalmacia,SEA,HRDAL
Croatia,Filipjakov,SEA,HRFIL
Croatia,Kali,SEA,HRKAL
Croatia,Kukljica,SEA,HRKUK
Croatia,Kneza,SEA,HRKZA
Croatia,Mali Iz,SEA,HRMIZ
Croatia,Novaglia,SEA,HRNOV
Croatia,Pasman,SEA,HRPAS
Croatia,Splitska,SEA,HRSPL
Croatia,Sutivan,SEA,HRSUT
Croatia,Turanj,SEA,HRTUR
Croatia,Uvala Mir,SEA,HRUVM
Croatia,Veli Iz,SEA,HRVIZ
Croatia,Vranjic,SEA,HRVRN
Croatia,Zut Marina,SEA,HRZUT
Hungary,Adony,SEA,HUADY
Hungary,Almasfuzito,SEA,HUAFU
Hungary,Alsoors,SEA,HUALS
Hungary,Alsozsolca,SEA,HUASZ
Hungary,Andornaktalya,SEA,HUAKT
Hungary,Badacsonyors,SEA,HUBRS
Hungary,Balatonszarszo,SEA,HUBZO
Hungary,Berhida,SEA,HUBDA
Hungary,Berzence,SEA,HUBZE
Hungary,Budapest,SEA,HUBUD
Hungary,Csepel,SEA,HUCPE
Hungary,Csomor,SEA,HUCMR
Hungary,Dunapataj,SEA,HUDPA
Hungary,Dunaremete,SEA,HUDRE
Hungary,Dunaujvaros,SEA,HUDUU
Hungary,Dunavecse,SEA,HUDVE
Hungary,Erdobenye,SEA,HUERD
Hungary,God,SEA,HUOOD
Hungary,Gonyu,SEA,HUGNY
Hungary,Gyor,SEA,HUGYO
Hungary,Halasztelek,SEA,HUHAL
Hungary,Harta,SEA,HUHRT
Hungary,Hegyfalu,SEA,HUHYF
Hungary,Jaszarokszallas,SEA,HUJKZ
Hungary,Kalocsa,SEA,HUKCO
Hungary,Karcag,SEA,HUKAR
Hungary,Kekkut,SEA,HUKKU
Hungary,Kisvarda,SEA,HUKIA
Hungary,Komarom,SEA,HUKOM
Hungary,Kormend,SEA,HUKOR
Hungary,Labatlan,SEA,HULAB
Hungary,Lagymanyos,SEA,HULMY
Hungary,Martely,SEA,HUMTY
Hungary,Mecseknadasd,SEA,HUMKN
Hungary,Mohacs,SEA,HUMOH
Hungary,Nagyrada,SEA,HUNZA
Hungary,Neszmely,SEA,HUNSZ
Hungary,Palmonostora,SEA,HUPAL
Hungary,Sarospatak,SEA,HURSP
Hungary,Szentendre,SEA,HUSZD
Hungary,Szigetcsep,SEA,HUPES
Hungary,Szigetszentmiklos,SEA,HUSZM
Hungary,Tac,SEA,HUTAC
Hungary,Tahitotfalu,SEA,HUTHT
Hungary,Tokaj,SEA,HUTOJ
Hungary,Ujpest,SEA,HUUPS
Hungary,Visegrad,SEA,HUVIG
Hungary,Zlate Klasy,SEA,HUZTK
Hungary,Zsira,SEA,HUZSI
Hungary,Dorog,SEA,HUDOG
Hungary,Ebes,SEA,HUEBS
Hungary,Ferencvaros,SEA,HUFVS
Hungary,Nagybajom,SEA,HUNGB
Ireland,Ardmore,SEA,IEARD
Ireland,Balbriggan,SEA,IEBBG
Ireland,Ballina,SEA,IEBLL
Ireland,Ballina,SEA,IEBNA
Ireland,Bangor,SEA,IEBNG
Ireland,Bantry,SEA,IEBYT
Ireland,Blanchardstown,SEA,IEBHT
Ireland,Burtonport,SEA,IEBUR
Ireland,Cahirciveen,SEA,IECHE
Ireland,Carrick-on-Suir,SEA,IECRS
Ireland,Castlefinn,SEA,IECFI
Ireland,Castletown Bearhaven,SEA,IECTB
Ireland,Clarecastle,SEA,IECLC
Ireland,Clogherhead,SEA,IECLG
Ireland,Coolock,SEA,IEFGY
Ireland,Drogheda Maxol Facility,SEA,IEDMF
Ireland,Drogheda Premiere Periclase,SEA,IEDPP
Ireland,Dublin-Dublin Ferryport Terminals,SEA,IEDFT
Ireland,Dublin-Ferryport Terminal 1,SEA,IEDFA
Ireland,Dublin-Ferryport Terminal 2,SEA,IEDFB
Ireland,Dublin-Ferryport Terminal 3,SEA,IEDFC
Ireland,Dublin-Marine Terminal,SEA,IEMTL
Ireland,Dun Laoghaire,SEA,IEDLG
Ireland,Duncannon/Saint Helens,SEA,IEDCN
Ireland,Dunfanaghy,SEA,IEDFY
Ireland,Dungarvan,SEA,IEDGV
Ireland,Easkey/Rathlee,SEA,IEEKY
Ireland,Ennistymon,SEA,IEDWE
Ireland,ESB Poolbeg-Dublin,SEA,IEESB
Ireland,Fenit,SEA,IEFEN
Ireland,Fethard/Slade,SEA,IEFTD
Ireland,Fintona,SEA,IEFIN
Ireland,Flogas Products Drogheda,SEA,IEFPD
Ireland,Ford's Wharf (Topaz Energy Terminal),SEA,IEFRW
Ireland,Glengarriff,SEA,IEGGA
Ireland,Gortahork,SEA,IEGRT
Ireland,Greencastle,SEA,IEGRE
Ireland,Kildorrery,SEA,IERRR
Ireland,Magheraroarty,SEA,IEMRT
Ireland,Marshmeadows/New Ross,SEA,IEMAR
Ireland,Moville,SEA,IEMOV
Ireland,New Ross,SEA,IENRS
Ireland,New Ross-Raheen/Roberscon,SEA,IENRR
Ireland,Newport,SEA,IENET
Ireland,Newtonabbey,SEA,IENAY
Ireland,Passage West,SEA,IEPAW
Ireland,Ramelton,SEA,IERTN
Ireland,Rathmullan,SEA,IERAT
Ireland,Ringaskiddy,SEA,IERIN
Ireland,Ringaskiddy Deepwater Terminal,SEA,IERDT
Ireland,Ringaskiddy Passenger Terminal,SEA,IERPT
Ireland,Rossaveel,SEA,IERSM
Ireland,Rushbrooke,SEA,IERUS
Ireland,Shannon,SEA,IESNN
Ireland,Skull,SEA,IESKL
Ireland,Stokestown/New Ross,SEA,IESNR
Ireland,Tober,SEA,IETOB
Ireland,Tom Roes Point Terminal/Drogheda,SEA,IETRP
Ireland,Town Quays/Drogheda,SEA,IETQY
Ireland,Waterford,SEA,IEWAT
Ireland,Waterford City Quays,SEA,IEWCQ
Ireland,Waterford Great Island (ESB),SEA,IEWGI
Ireland,Achill,SEA,IEACL
Ireland,Aughris,SEA,IEAGH
Ireland,Alexandra Quay,SEA,IEALQ
Ireland,Ardgroom,SEA,IEARG
Ireland,Aran Islands,SEA,IEARI
Ireland,Arranmore,SEA,IEARR
Ireland,Annacotty,SEA,IEATN
Ireland,Barna,SEA,IEBAR
Ireland,Bannow,SEA,IEBAW
Ireland,Ballycastle,SEA,IEBCE
Ireland,Ballyconiger,SEA,IEBCR
Ireland,Ballycrovane,SEA,IEBCV
Ireland,Ballyconneely,SEA,IEBCY
Ireland,Ballyduff,SEA,IEBDF
Ireland,Rosbeg/Portnoo,SEA,IEBEG
Ireland,Belmullet/Blacksod,SEA,IEBEL
Ireland,Bonagee/Culdaff,SEA,IEBGC
Ireland,Ballyglass,SEA,IEBGS
Ireland,Ballynacargy,SEA,IEBGY
Ireland,Ballyheigue,SEA,IEBHE
Ireland,Ballyhack,SEA,IEBHK
Ireland,Ballylongford,SEA,IEBLD
Ireland,Ballymacaw,SEA,IEBMW
Ireland,Inishbofin,SEA,IEBOF
Ireland,Bantry Harbour,SEA,IEBTH
Ireland,Baltimore,SEA,IEBTM
Ireland,Bundoran,SEA,IEBUD
Ireland,Cahore Point,SEA,IECAH
Ireland,Carraroe,SEA,IECAO
Ireland,Carne,SEA,IECAZ
Ireland,Clarinbridge,SEA,IECBG
Ireland,Cleggan/Clifden,SEA,IECGG
Ireland,Castlegregory,SEA,IECGY
Ireland,Crosshaven,SEA,IECHN
Ireland,Cill Chiarain,SEA,IECIL
Ireland,Clare Island,SEA,IECIS
Ireland,Cleandra,SEA,IECLD
Ireland,Courtmacsherry,SEA,IECMY
Ireland,Carna,SEA,IECNA
Ireland,Carns,SEA,IECNS
Ireland,Courtown,SEA,IECOU
Ireland,Carrigaholt,SEA,IECRG
Ireland,Cromane,SEA,IECRM
Ireland,Castletownbere,SEA,IECSW
Ireland,Castletownsend,SEA,IECTD
Ireland,Dunbrattin,SEA,IEDBR
Ireland,Dungarvan,SEA,IEDGN
Ireland,Dunkineely,SEA,IEDKY
Ireland,Dunmanus Bay,SEA,IEDMS
Ireland,Dromore West,SEA,IEDRW
Ireland,Derrynane/Caherdaniel,SEA,IEDRY
Ireland,Dublin,SEA,IEDUB
Ireland,Downings,SEA,IEDWN
Ireland,East Ferry,SEA,IEEFY
Ireland,Enniscrone,SEA,IEENS
Ireland,Fanad,SEA,IEFAN
Ireland,Fenit Harbour,SEA,IEFHR
Ireland,Garnish/Travara,SEA,IEGAR
Ireland,Glengad,SEA,IEGGD
Ireland,Glengarriff,SEA,IEGGF
Ireland,Gyles/Rathcor,SEA,IEGLY
Ireland,Goleen/Crookhaven,SEA,IEGOL
Ireland,Gowran,SEA,IEGOW
Ireland,Galway,SEA,IEGWY
Ireland,Rathcor/Gyles Quay,SEA,IEGYL
Ireland,Helvick,SEA,IEHEL
Ireland,Inishowen,SEA,IEINI
Ireland,Inverin,SEA,IEINN
Ireland,Inver/St Johns Point,SEA,IEINR
Ireland,Inishturk,SEA,IEINT
Ireland,Kilbaha,SEA,IEKBA
Ireland,Kincasslagh,SEA,IEKCH
Ireland,Kilcummin,SEA,IEKCN
Ireland,Knockadoon,SEA,IEKDN
Ireland,Kilkee,SEA,IEKKE
Ireland,Kilmacalogue,SEA,IEKLM
Ireland,Killary,SEA,IEKLZ
Ireland,Lacken,SEA,IELAC
Ireland,Louisburgh,SEA,IELBG
Ireland,Lettermore/Lettermullen,SEA,IELET
Ireland,Loughshinny,SEA,IELGY
Ireland,Lehanbeag,SEA,IELHB
Ireland,Liscannor,SEA,IELIS
Ireland,Limerick,SEA,IELMK
Ireland,Malinbeg,SEA,IEMBG
Ireland,Mountcharles,SEA,IEMCH
Ireland,Malin Head,SEA,IEMHD
Ireland,Mullaghmore/Carns,SEA,IEMLG
Ireland,Malinmore/Malinbeg,SEA,IEMMR
Ireland,Mornington,SEA,IEMOR
Ireland,Murrisk,SEA,IEMRK
Ireland,Moneygold,SEA,IEMYG
Ireland,New Quay,SEA,IENQY
Ireland,Omeath,SEA,IEOME
Ireland,Cork,SEA,IEORK
Ireland,Oysterhaven,SEA,IEOYH
Ireland,Passage East,SEA,IEPAS
Ireland,Pontoon,SEA,IEPON
Ireland,Portavaud,SEA,IEPOV
Ireland,Porturlin/Portacloy,SEA,IEPOY
Ireland,Quilty,SEA,IEQUI
Ireland,Raghly,SEA,IERAG
Ireland,Rathdrum,SEA,IERDM
Ireland,Redhouse,SEA,IERED
Ireland,Reen,SEA,IEREE
Ireland,Renard,SEA,IEREN
Ireland,Rossmore/Rosscahill,SEA,IERMR
Ireland,Rosslare Harbour,SEA,IEROS
Ireland,Rush,SEA,IERSH
Ireland,Roundstone/Ballyconneely,SEA,IERST
Ireland,Shannon Apt Jetty,SEA,IESAJ
Ireland,Sligo,SEA,IESLI
Ireland,Streedagh/Cloonagh,SEA,IESTH
Ireland,Carrick on Suir,SEA,IESUU
Ireland,Teelin,SEA,IETEE
Ireland,Tully/Renvyle,SEA,IETLY
Ireland,Union Hall,SEA,IEUNI
Ireland,Urris,SEA,IEURR
Ireland,Valentia,SEA,IEVAL
Ireland,Wicklow,SEA,IEWIC
Isle of Man,Castletown,SEA,IMCTN
Isle of Man,Douglas,SEA,IMDGS
Isle of Man,Peel,SEA,IMPEL
Isle of Man,Port Saint Mary,SEA,IMPSM
Isle of Man,Ramsey,SEA,IMRAM
Iceland,Arskogssandur,SEA,ISASS
Iceland,Bakkafjordur,SEA,ISBAK
Iceland,Bolungarvik,SEA,ISBOL
Iceland,Brjanslakur,SEA,ISBRJ
Iceland,Budardalur,SEA,ISBUD
Iceland,Dalvik,SEA,ISDAL
Iceland,Djupivogur,SEA,ISDJU
Iceland,Flatey,SEA,ISFEY
Iceland,Gardabaer,SEA,ISGRB
Iceland,Grenivik,SEA,ISGRE
Iceland,Grindavik,SEA,ISGRI
Iceland,Hafnir,SEA,ISHNR
Iceland,Helguvik,SEA,ISHEL
Iceland,"Hofn, Hornafjordur",SEA,ISHFN
Iceland,Hofsos,SEA,ISHOF
Iceland,Kopavogur,SEA,ISKOV
Iceland,Landeyjahofn,SEA,ISLAN
Iceland,Litli Sandur,SEA,ISLSA
Iceland,Mosfellsbaer,SEA,ISMOS
Iceland,Olafsvik,SEA,ISOLV
Iceland,Ospakseyri,SEA,ISOSP
Iceland,Raufarhofn,SEA,ISRAU
Iceland,Reykholar,SEA,ISRHA
Iceland,Reykjavik,SEA,ISREY
Iceland,Skagastrond,SEA,ISSKA
Iceland,Vogar,SEA,ISVOG
Iceland,Vopnafjordur,SEA,ISVPN
Iceland,Akureyri,SEA,ISAKU
Iceland,Bildudalur - hofn,SEA,ISBIL
Iceland,Grundartangi,SEA,ISGRT
Iceland,Hafnarfjordur,SEA,ISHAF
Iceland,Husavik - hofn,SEA,ISHUS
Iceland,Isafjordur - hofn,SEA,ISISA
Iceland,Mjoeyrarhofn,SEA,ISMJH
Iceland,Reydarfjordur,SEA,ISRFJ
Iceland,Saudarkrokur - hofn,SEA,ISSAU
Iceland,Straumsvik,SEA,ISSTR
Italy,Acciaroli,SEA,ITAOL
Italy,Aci Castello,SEA,ITACL
Italy,Aci Trezza,SEA,ITACT
Italy,Agropoli,SEA,ITAGP
Italy,Alassio,SEA,ITALS
Italy,Alghero,SEA,ITAHO
Italy,Amalfi,SEA,ITAMA
Italy,Amantea,SEA,ITAMT
Italy,Ancona,SEA,ITAOI
Italy,Andora,SEA,ITADA
Italy,Anguillara Sabazia,SEA,ITGZS
Italy,Anzio,SEA,ITANZ
Italy,Arbatax,SEA,ITATX
Italy,Arenzano,SEA,ITAZA
Italy,Arma di Taggia,SEA,ITATA
Italy,Augusta,SEA,ITAUG
Italy,Avola,SEA,ITAVO
Italy,Bagnara Calabra,SEA,ITBCB
Italy,Bagnoli,SEA,ITBLN
Italy,Baia,SEA,ITBAI
Italy,Bardello,SEA,ITB8D
Italy,Bari,SEA,ITBRI
Italy,Barletta,SEA,ITBLT
Italy,Bellaria,SEA,ITBLA
Italy,Belvedere Marittimo,SEA,ITBMT
Italy,Bianco,SEA,ITBNC
Italy,Bisceglie,SEA,ITBCE
Italy,Bordighera,SEA,ITBGH
Italy,Bosa,SEA,ITBOA
Italy,Bova Marina,SEA,ITBVM
Italy,Bovalino Marina,SEA,ITBMA
Italy,Brindisi,SEA,ITBDS
Italy,Cala Gonone,SEA,ITNNE
Italy,Calasetta,SEA,ITCLS
Italy,Camogli,SEA,ITGLJ
Italy,Caorle,SEA,ITAOR
Italy,Capo d'Orlando,SEA,ITCOQ
Italy,Capraia,SEA,ITCPA
Italy,Capri,SEA,ITPRJ
Italy,Cariati,SEA,ITCRT
Italy,Casamicciola Terme,SEA,ITCML
Italy,Castel Volturno,SEA,ITAEL
Italy,Castellammare del Golfo,SEA,ITCTR
Italy,Castellammare di Stabia,SEA,ITCAS
Italy,Castelsardo,SEA,ITCTK
Italy,Castiglioncello,SEA,ITATI
Italy,Castiglione della Pescaia,SEA,ITCEQ
Italy,Castro Marina,SEA,ITCRQ
Italy,Catania,SEA,ITCTA
Italy,Cattolica,SEA,ITCCL
Italy,Cavo,SEA,ITCVX
Italy,Cecina,SEA,ITCEC
Italy,Cefalu,SEA,ITCFU
Italy,Cervia,SEA,ITCEV
Italy,Cesenatico,SEA,ITCNT
Italy,Cetara,SEA,ITTAA
Italy,Cetraro,SEA,ITCCQ
Italy,Chiavari,SEA,ITCHX
Italy,Chioggia,SEA,ITCHI
Italy,Ciro Marina,SEA,ITMRM
Italy,Civitavecchia,SEA,ITCVV
Italy,Copanello,SEA,ITCPN
Italy,Corigliano Calabro,SEA,ITCGC
Italy,Crotone,SEA,ITCRV
Italy,Cupra Marittima,SEA,ITCPM
Italy,Diamante,SEA,ITDIA
Italy,Duino,SEA,ITDNO
Italy,Fano,SEA,ITFAO
Italy,Favignana,SEA,ITFAV
Italy,Finale Ligure,SEA,ITFNL
Italy,Fiumicino,SEA,ITFCO
Italy,Foce Varano,SEA,ITFCV
Italy,Follonica,SEA,ITFOL
Italy,Forio,SEA,ITFRD
Italy,Formia,SEA,ITFOM
Italy,Fregene,SEA,ITFGE
Italy,Fusina,SEA,ITFSA
Italy,Gabicce Mare,SEA,ITGMA
Italy,Gaeta,SEA,ITGAE
Italy,Gallipoli,SEA,ITGAL
Italy,Gela,SEA,ITGEA
Italy,Genova,SEA,ITGOA
Italy,Giardini Naxos,SEA,ITGIA
Italy,Gioia Tauro,SEA,ITGIT
Italy,Giovinazzo,SEA,ITGVZ
Italy,Giulianova,SEA,ITGUI
Italy,Golfo Aranci,SEA,ITGAI
Italy,Goro,SEA,ITGOO
Italy,Grado,SEA,ITGRD
Italy,Iesolo,SEA,ITJLO
Italy,Imperia,SEA,ITIMP
Italy,Ischia,SEA,ITISH
Italy,Isola del Giglio,SEA,ITIDG
Italy,Isola delle Femmine,SEA,ITIDF
Italy,Isole Tremiti,SEA,ITTMT
Italy,La Maddalena,SEA,ITMDA
Italy,La Spezia,SEA,ITSPE
Italy,Lacco Ameno,SEA,ITLAE
Italy,Ladispoli,SEA,ITLAD
Italy,Lampedusa,SEA,ITLMP
Italy,Lavagna,SEA,ITLAW
Italy,Lerici,SEA,ITLER
Italy,Lesina,SEA,ITLES
Italy,Leuca,SEA,ITLEC
Italy,Levanto,SEA,ITLEN
Italy,Levanzo,SEA,ITLEV
Italy,Licata,SEA,ITLIC
Italy,Lignano Sabbiadoro,SEA,ITLSD
Italy,Lipari,SEA,ITLIP
Italy,Livorno,SEA,ITLIV
Italy,Loano,SEA,ITLOA
Italy,Maiori,SEA,ITIOI
Italy,Manfredonia,SEA,ITMFR
Italy,Marano Lagunare,SEA,ITMAJ
Italy,Maratea,SEA,ITTEA
Italy,Marciana Marina,SEA,ITMAM
Italy,Marghera,SEA,ITPMA
Italy,Margherita di Savoia,SEA,ITMDW
Italy,Marina della Lobra,SEA,ITMLB
Italy,Marina di Camerota,SEA,ITMIT
Italy,Marina di Campo,SEA,ITMRP
Italy,Marina di Davoli,SEA,ITAAS
Italy,Marina di Ginosa,SEA,ITMAH
Italy,Marina di Grosseto,SEA,ITMSD
Italy,Marina di Massa,SEA,ITQMM
Italy,Marina di Pisa,SEA,ITMPA
Italy,Marina di Pisciotta,SEA,ITMSB
Italy,Marina di Ragusa,SEA,ITM2R
Italy,Marina Grande,SEA,ITMGE
Italy,Marinella di Selinunte,SEA,ITMNU
Italy,Marotta,SEA,ITRTT
Italy,Marsala,SEA,ITMRA
Italy,Massa Lubrense,SEA,ITMLU
Italy,Mazara del Vallo,SEA,ITMAZ
Italy,Melito di Porto Salvo,SEA,ITMPS
Italy,Meta,SEA,ITMTH
Italy,Mili Marina,SEA,ITMIM
Italy,Misano Adriatico,SEA,ITMIS
Italy,Mola di Bari,SEA,ITODB
Italy,"Mondello, Palermo",SEA,ITMND
Italy,Mondragone,SEA,ITODG
Italy,Montalto di Castro,SEA,ITMLS
Italy,Monterosso al Mare,SEA,ITRSM
Italy,Muggia,SEA,ITUGG
Italy,Napoli,SEA,ITNAP
Italy,Nettuno,SEA,ITNTT
Italy,Noli,SEA,ITNLI
Italy,Nova Siri,SEA,ITNSR
Italy,Numana,SEA,ITNUM
Italy,Ognina,SEA,ITOGN
Italy,Olbia,SEA,ITOLB
Italy,Orbetello,SEA,ITOBT
Italy,Palermo,SEA,ITPMO
Italy,Palinuro,SEA,ITPLN
Italy,Palmi,SEA,ITPMM
Italy,Paola,SEA,ITAOA
Italy,Patti,SEA,ITPTI
Italy,Pedaso,SEA,ITPED
Italy,Pesaro,SEA,ITPES
Italy,Pescara,SEA,ITPSR
Italy,Piano di Sorrento,SEA,ITPRR
Italy,Pianosa,SEA,ITPIA
Italy,Pier Isab,SEA,ITISB
Italy,Pizzo,SEA,ITPIZ
Italy,Polignano a Mare,SEA,ITZQQ
Italy,Pomezia,SEA,ITPOM
Italy,Ponza,SEA,ITPNZ
Italy,Porticello,SEA,ITORL
Italy,Portici,SEA,ITPTC
Italy,Portigliola,SEA,ITPGL
Italy,Porto Conte Torre Nuova,SEA,ITPCN
Italy,Porto Ercole,SEA,ITPTH
Italy,Porto Foxi (Sarroch),SEA,ITPFX
Italy,Porto Levante,SEA,ITPVT
Italy,Porto Palo,SEA,ITPPF
Italy,Porto Recanati,SEA,ITPRF
Italy,Porto San Giorgio,SEA,ITSIG
Italy,Porto Tolle,SEA,ITPPT
Italy,Porto Viro,SEA,ITPOQ
Italy,Portopalo,SEA,ITPPL
Italy,Portovenere,SEA,ITPRW
Italy,Pozzallo,SEA,ITPZL
Italy,Pozzillo,SEA,ITOZI
Italy,Praia a Mare,SEA,ITPIM
Italy,Priolo Gargallo,SEA,ITPRL
Italy,Rapallo,SEA,ITRPO
Italy,Recco,SEA,ITREC
Italy,Reggio di Calabria,SEA,ITREG
Italy,Riccione,SEA,ITRCE
Italy,Rimini,SEA,ITRMI
Italy,Rio Maggiore,SEA,ITRMG
Italy,Riposto,SEA,ITRPT
Italy,Riva Trigoso,SEA,ITRTS
Italy,Roccella Ionica,SEA,ITROC
Italy,Rosignano Solvay,SEA,ITGSV
Italy,"Saline, Reggio Calabria",SEA,ITSLC
Italy,San Benedetto del Tronto,SEA,ITSDB
Italy,San Felice Circeo,SEA,ITSFE
Italy,Santa Foca di Melendugno,SEA,ITSFM
Italy,Santa Maria di Castellabate,SEA,ITSMK
Italy,Santa Maria Navarrese,SEA,ITAMN
Italy,Santa Marina Salina,SEA,ITSLA
Italy,Santa Marinella,SEA,ITSMA
Italy,Santa Panagia,SEA,ITSPA
Italy,Santa Teresa di Gallura,SEA,ITSTE
Italy,Sant'Antioco,SEA,ITNTA
Italy,Santo Stefano al Mare,SEA,ITSSF
Italy,Santo Stefano di Camastra,SEA,ITTEF
Italy,Sapri,SEA,ITPRH
Italy,Savelletri,SEA,ITLLT
Italy,Savona,SEA,ITSVN
Italy,Scalea,SEA,ITLEA
Italy,Scario,SEA,ITSRH
Italy,Scauri,SEA,ITURI
Italy,Sciacca,SEA,ITSCK
Italy,Scilla,SEA,ITSLL
Italy,Scoglitti,SEA,ITSCO
Italy,Senigallia,SEA,ITSEG
Italy,Sestri Levante,SEA,ITNTE
Italy,Sferracavallo,SEA,ITRRV
Italy,Siderno Marina,SEA,ITSID
Italy,Silvi Marina,SEA,ITSLV
Italy,Soverato,SEA,ITSOO
Italy,Sperlonga,SEA,ITNGA
Italy,Spotorno,SEA,ITRNS
Italy,Stintino,SEA,ITTTN
Italy,Taormina,SEA,ITTAO
Italy,Taranto,SEA,ITTAR
Italy,Termini Imerese,SEA,ITTRI
Italy,Terrasini,SEA,ITSNR
Italy,Torre Cesarea,SEA,ITTCS
Italy,Torre Faro,SEA,ITTRH
Italy,Torre Gaveta,SEA,ITTGV
Italy,Torre San Giovanni d'Ugento,SEA,ITTRU
Italy,Torvaianica,SEA,ITICA
Italy,Torviscosa,SEA,ITTVC
Italy,Trapani,SEA,ITTPS
Italy,Trebisacce,SEA,ITTCC
Italy,Vado Ligure,SEA,ITVDL
Italy,Venezia,SEA,ITVCE
Italy,Ventimiglia,SEA,ITVEN
Italy,Vernazza,SEA,ITVZN
Italy,"Villa San Giovanni, Calabria",SEA,ITVSG
Italy,Villafranca Tirrena,SEA,ITVT3
Italy,Voltri,SEA,ITVTI
Italy,Zaule,SEA,ITULE
Italy,Port of Trieste,SEA,ITTRS
Italy,Bosio,SEA,ITAAL
Italy,Cape Carbonara,SEA,ITCCB
Italy,La Caletta di Siniscola,SEA,ITCLQ
Italy,Castro,SEA,ITCSJ
Italy,Patu,SEA,ITCXZ
Italy,Falconara,SEA,ITFAL
Italy,Francavilla al Mare,SEA,ITFME
Italy,Isolotto Formica,SEA,ITFOR
Italy,Civitanova Marche,SEA,ITIOA
Italy,Isola Asinara,SEA,ITISN
Italy,Marina di Carrara,SEA,ITMDC
Italy,Milazzo,SEA,ITMLZ
Italy,Monfalcone,SEA,ITMNF
Italy,Monopoli,SEA,ITMNP
Italy,Messina,SEA,ITMSN
Italy,Ortona,SEA,ITOTN
Italy,Otranto,SEA,ITOTO
Italy,Peschici,SEA,ITPCH
Italy,Porto Nogaro,SEA,ITPNG
Italy,Porto Cesareo,SEA,ITPTZ
Italy,Punta Cugno,SEA,ITPUC
Italy,Ravenna,SEA,ITRAN
Italy,Rinella,SEA,ITRIN
Italy,Salerno,SEA,ITSAL
Italy,Schiavonea,SEA,ITSCW
Italy,Siracusa,SEA,ITSIR
Italy,Santa Maria La Scala,SEA,ITSMJ
Italy,Stromboli,SEA,ITSTR
Italy,Porto San Vitale,SEA,ITTLY
Italy,Trani,SEA,ITTNI
Italy,Viareggio,SEA,ITVIA
Italy,Vieste,SEA,ITVIE
Italy,Vibo Valentia,SEA,ITVVA
Jersey,Saint Aubin,SEA,JESAB
Jersey,Saint Clement,SEA,JESCJ
Jersey,Saint Helier,SEA,JESTH
Lithuania,Botinge,SEA,LTBOT
Lithuania,Malku ilankos juru uosto PVP/Klaipeda,SEA,LTMLM
Lithuania,Molo juru uosto PVP/Klaipeda,SEA,LTMOM
Lithuania,Pilies juru uosto PVP/Klaipeda,SEA,LTPLM
Lithuania,Klaipeda,SEA,LTKLJ
Luxembourg,Bech-Kleinmacher,SEA,LUBKM
Luxembourg,Esch-sur-Alzette,SEA,LUEZT
Luxembourg,Grundhof,SEA,LUZXC
Luxembourg,Huldange,SEA,LUHDK
Luxembourg,Mertert,SEA,LUMRT
Luxembourg,Wormeldange,SEA,LUWLG
Latvia,Ainazi,SEA,LVAIN
Latvia,Aizkraukle,SEA,LVAIZ
Latvia,Baldone,SEA,LVB9G
Latvia,Engure,SEA,LVEGE
Latvia,Jekabpils,SEA,LVJPS
Latvia,Karsava,SEA,LVUTY
Latvia,Lapmezciems,SEA,LVLMS
Latvia,Liepaja,SEA,LVLPX
Latvia,Ludza,SEA,LVBNH
Latvia,Marupe,SEA,LVZVT
Latvia,Mersrags,SEA,LVMRX
Latvia,Ogre,SEA,LVORE
Latvia,Ropazi,SEA,LVROP
Latvia,Rumbula,SEA,LVRUM
Latvia,Salacgriva,SEA,LVSAL
Latvia,Skulte,SEA,LVSKU
Latvia,Stopini,SEA,LVSTO
Latvia,Tiraine,SEA,LVXRT
Latvia,Ungurpils,SEA,LVLM8
Latvia,Jurmalciems,SEA,LVJUR
Latvia,Kolka,SEA,LVKLK
Latvia,Kuivizi,SEA,LVKVZ
Latvia,Pavilosta,SEA,LVPAV
Latvia,Pavilosta,SEA,LVPVT
Latvia,Riga,SEA,LVRIX
Latvia,Roja,SEA,LVROJ
Latvia,Ventspils,SEA,LVVNT
Latvia,Jurmala,SEA,LVZJA
Monaco,Monte-Carlo,SEA,MCMCM
"Moldova, Republic of",Giurgiulesti,SEA,MDGIU
Montenegro,Bar,SEA,MEBAR
Montenegro,Bijela,SEA,MEBIJ
Montenegro,Budva,SEA,MEBUD
Montenegro,Hercegnovi,SEA,MEHNO
Montenegro,Igalo,SEA,MEIGL
Montenegro,Kotor,SEA,MEKOT
Montenegro,Petrovac,SEA,MEPVC
Montenegro,Tivat,SEA,METIV
Montenegro,Ulcinj,SEA,MEULC
Montenegro,Zelenika,SEA,MEZEL
Montenegro,Risan (Risano),SEA,MERSN
North Macedonia,Demir Kapija,SEA,MKDKJ
North Macedonia,Sveti Nikole,SEA,MKSNI
North Macedonia,Novi Dojran,SEA,MKNOD
North Macedonia,Radovis,SEA,MKRAD
Malta,Balzan,SEA,MTBAL
Malta,Birzebbugia,SEA,MTBZE
Malta,Delimara,SEA,MTDMP
Malta,Floriana,SEA,MTFLO
Malta,Gzira,SEA,MTGZI
Malta,Kirkop,SEA,MTKIR
Malta,Malta Freeport Distripark,SEA,MTDIS
Malta,Marsa,SEA,MTMSA
Malta,Marsamxett,SEA,MTMSX
Malta,Marsaskala,SEA,MTMSS
Malta,Marsaxlokk,SEA,MTMAR
Malta,"Mgarr, Gozo",SEA,MTMGZ
Malta,Saint Paul's Bay (San Pawl il-Bahar),SEA,MTSPB
Malta,Sliema,SEA,MTSLM
Malta,Tarxien,SEA,MTTAR
Malta,Valletta,SEA,MTMLA
Malta,Marfa,SEA,MTMRF
Malta,Marsascala,SEA,MTMSC
Netherlands,Aarle Rixtel,SEA,NLARI
Netherlands,Albrandswaard,SEA,NLAWD
Netherlands,Alkmaar,SEA,NLALK
Netherlands,Almelo,SEA,NLALM
Netherlands,Almere,SEA,NLAER
Netherlands,Alphen aan den Rijn,SEA,NLAPN
Netherlands,Amerongen,SEA,NLAMR
Netherlands,Amersfoort,SEA,NLAME
Netherlands,Amsterdam,SEA,NLAMS
Netherlands,Anna Paulowna,SEA,NLANP
Netherlands,Appingedam,SEA,NLAPP
Netherlands,Arcen,SEA,NLARC
Netherlands,Beesel,SEA,NLBSL
Netherlands,Belfeld,SEA,NLBFD
Netherlands,Bemmel,SEA,NLBEM
Netherlands,Bergen op Zoom,SEA,NLBZM
Netherlands,Best,SEA,NLBST
Netherlands,Beuningen,SEA,NLBNN
Netherlands,Bodegraven,SEA,NLBOG
Netherlands,Born,SEA,NLBON
Netherlands,Borssele,SEA,NLBOR
Netherlands,Botlek,SEA,NLBOT
Netherlands,Breda,SEA,NLBRD
Netherlands,Breskens,SEA,NLBRS
Netherlands,Burghsluis,SEA,NLBHS
Netherlands,Bussloo,SEA,NLSSO
Netherlands,Camperduin,SEA,NLCPD
Netherlands,De Cocksdorp,SEA,NLCDP
Netherlands,Deest,SEA,NLDST
Netherlands,Delden,SEA,NLDEL
Netherlands,Delfzijl,SEA,NLDZL
Netherlands,Den Helder,SEA,NLDHR
Netherlands,Dodewaard,SEA,NLDWA
Netherlands,Domburg,SEA,NLDBR
Netherlands,Dordrecht,SEA,NLDOR
Netherlands,Dreischor,SEA,NLND5
Netherlands,Dreumel,SEA,NLDUM
Netherlands,Eindhoven,SEA,NLEIN
Netherlands,Ekkersrijt,SEA,NLEKK
Netherlands,Elst,SEA,NLQCU
Netherlands,Everingen,SEA,NLANK
Netherlands,Gasselternijveen,SEA,NLGSS
Netherlands,Gendt,SEA,NLGET
Netherlands,Goudriaan,SEA,NLGUN
Netherlands,Groenendijk,SEA,NLGRK
Netherlands,Haaften,SEA,NLHFN
Netherlands,Hansweert/Schore,SEA,NLHAN
Netherlands,Hardinxveld,SEA,NLHGS
Netherlands,Hardinxveld-Giessendam,SEA,NLHXG
Netherlands,Harlingen,SEA,NLHAR
Netherlands,Harskamp,SEA,NLHSK
Netherlands,Hazeldonk,SEA,NLHZK
Netherlands,Helmond,SEA,NLHLM
Netherlands,Hilvarenbeek,SEA,NLHVK
Netherlands,Hoek van Holland,SEA,NLHVH
Netherlands,Holwerd,SEA,NLHLW
Netherlands,Hoogkerk,SEA,NLHKK
Netherlands,IJmuiden/Velsen,SEA,NLIJM
Netherlands,IJsselmuiden,SEA,NLISM
Netherlands,Ijsselsteyn,SEA,NLSL7
Netherlands,Keent,SEA,NLKNT
Netherlands,Kerkdriel,SEA,NLKRD
Netherlands,Klazienaveen,SEA,NLKLZ
Netherlands,Krabbendijke,SEA,NLIJK
Netherlands,Krimpen aan den IJssel,SEA,NLKAI
Netherlands,Lettele,SEA,NLTTE
Netherlands,Lieren,SEA,NLLEN
Netherlands,Lijnden,SEA,NLLIJ
Netherlands,Lithoijen,SEA,NLLTO
Netherlands,Makkum,SEA,NLMAK
Netherlands,Meteren,SEA,NLGE7
Netherlands,Middenbeemster,SEA,NLMDI
Netherlands,Mierlo,SEA,NLMIE
Netherlands,Moerdijk,SEA,NLMOE
Netherlands,Molenhoek,SEA,NLMOL
Netherlands,Nederasselt,SEA,NLNST
Netherlands,Nederhorst den Berg,SEA,NLNDB
Netherlands,Neeltje Jans,SEA,NLNTJ
Netherlands,Nieuwdorp,SEA,NLNIU
Netherlands,Nieuwerkerk aan den IJssel,SEA,NLNIE
Netherlands,Nieuwerkerke,SEA,NLN8W
Netherlands,Nigtevecht,SEA,NLNGV
Netherlands,Noordeloos,SEA,NLNZ8
Netherlands,Noordwelle,SEA,NLNWJ
Netherlands,Noordwijk aan Zee,SEA,NLNDL
Netherlands,Oosterhout,SEA,NLOOS
Netherlands,Oostmahorn,SEA,NLOMH
Netherlands,Oss,SEA,NLOSS
Netherlands,Oud-Alblas,SEA,NLA2Z
Netherlands,Oudega,SEA,NLOGA
Netherlands,Panheel,SEA,NLPHL
Netherlands,Pernis,SEA,NLPER
Netherlands,Poortugaal,SEA,NLPTG
Netherlands,Rijs,SEA,NLRIJ
Netherlands,Rijsenhout,SEA,NLRSH
Netherlands,Rockanje,SEA,NLROC
Netherlands,Rotterdam,SEA,NLRTM
Netherlands,Sas van Gent,SEA,NLSVG
Netherlands,Schagen,SEA,NLSCH
Netherlands,Scharendijke,SEA,NLSRD
Netherlands,Scherpenisse,SEA,NLZE5
Netherlands,Scheveningen,SEA,NLSCE
Netherlands,Schiermonnikoog,SEA,NLSMO
Netherlands,Schoorl,SEA,NLSRL
Netherlands,'s-Gravendeel,SEA,NLGRA
Netherlands,'s-Gravenzande,SEA,NLGRZ
Netherlands,'s-Hertogenbosch,SEA,NLHTB
Netherlands,Sint Michielsgestel,SEA,NLSMG
Netherlands,Sint Pancras,SEA,NLANC
Netherlands,Sleeuwijk,SEA,NLSWK
Netherlands,Sliedrecht,SEA,NLSLD
Netherlands,Sluiskil,SEA,NLSLU
Netherlands,Son,SEA,NLSON
Netherlands,Sprang,SEA,NLSCA
Netherlands,Stad aan 't Haringvliet,SEA,NLSAT
Netherlands,Stavenisse,SEA,NLSVN
Netherlands,Steenderen,SEA,NLSDN
Netherlands,Stompetoren,SEA,NLSPT
Netherlands,Streefkerk,SEA,NLSRE
Netherlands,Stroe,SEA,NLSRT
Netherlands,Ter Heijde,SEA,NLTHD
Netherlands,Termunterzijl,SEA,NLTMZ
Netherlands,Terneuzen,SEA,NLTNZ
Netherlands,Tuil,SEA,NLTUL
Netherlands,Usquert,SEA,NLNPZ
Netherlands,Valkenisse,SEA,NLVKS
Netherlands,Veen,SEA,NLNEV
Netherlands,Veere,SEA,NLVER
Netherlands,Venlo,SEA,NLVEN
Netherlands,Vierverlaten,SEA,NLVVL
Netherlands,Vlagtwedde,SEA,NLVWD
Netherlands,Vlissingen,SEA,NLVLI
Netherlands,Volkerak,SEA,NLVKR
Netherlands,Walsoorden,SEA,NLWSO
Netherlands,Wanssum,SEA,NLWAS
Netherlands,Waterhuizen,SEA,NLWHZ
Netherlands,Westbroek,SEA,NLWBO
Netherlands,Westerbork,SEA,NLWBK
Netherlands,Wijnbergen,SEA,NLWIG
Netherlands,Wonseradeel/Makkum,SEA,NLMKM
Netherlands,Workum,SEA,NLWKU
Netherlands,Wormer,SEA,NLWMO
Netherlands,Woudrichem,SEA,NLWCM
Netherlands,Zeewolde,SEA,NLZEW
Netherlands,Zevenbergen,SEA,NLZVG
Netherlands,Zoeterwoude,SEA,NLZOU
Netherlands,Aalst,SEA,NLAAL
Netherlands,Aalsmeer,SEA,NLAAM
Netherlands,Alblasserdam,SEA,NLABL
Netherlands,Achthoven,SEA,NLAHO
Netherlands,Akersloot,SEA,NLAKL
Netherlands,Aalsmeerderbrug,SEA,NLAMB
Netherlands,Bant,SEA,NLBAN
Netherlands,Birdaard,SEA,NLBDA
Netherlands,Bilderdam,SEA,NLBDR
Netherlands,Bergen aan Zee,SEA,NLBEG
Netherlands,Beverwijk,SEA,NLBEV
Netherlands,Baambrugge,SEA,NLBGE
Netherlands,Barsingerhorn,SEA,NLBGO
Netherlands,Borgsweer,SEA,NLBGW
Netherlands,Bartlehiem,SEA,NLBHM
Netherlands,Biest,SEA,NLBIT
Netherlands,Blerick,SEA,NLBLE
Netherlands,Berlicum,SEA,NLBLU
Netherlands,Bunde,SEA,NLBNE
Netherlands,Boarnsterhim,SEA,NLBNH
Netherlands,Buggenum,SEA,NLBNU
Netherlands,Biddinghuizen,SEA,NLBNZ
Netherlands,Baarland,SEA,NLBRA
Netherlands,Brielle,SEA,NLBRI
Netherlands,Barendrecht,SEA,NLBRR
Netherlands,Bosscherheide,SEA,NLBSH
Netherlands,Bourtange,SEA,NLBTA
Netherlands,Beets,SEA,NLBTS
Netherlands,Burgervlotbrug,SEA,NLBVG
Netherlands,Bovensmilde,SEA,NLBVI
Netherlands,Burgwerd,SEA,NLBWE
Netherlands,Boornzwaag over de Wielen,SEA,NLBWW
Netherlands,Boornzwaag,SEA,NLBZW
Netherlands,Coevorden,SEA,NLCOE
Netherlands,Capelle aan den IJssel,SEA,NLCPI
Netherlands,Creil,SEA,NLCRI
Netherlands,Cadzand,SEA,NLCZD
Netherlands,Deventer,SEA,NLDEV
Netherlands,De Heen,SEA,NLDHE
Netherlands,De Haukes,SEA,NLDHK
Netherlands,Den Hool,SEA,NLDHO
Netherlands,De Kooy,SEA,NLDKO
Netherlands,Demmerik,SEA,NLDMK
Netherlands,Driel,SEA,NLDRL
Netherlands,De Rijp,SEA,NLDRP
Netherlands,Doodstil,SEA,NLDSI
Netherlands,Driesum,SEA,NLDSM
Netherlands,De Strook,SEA,NLDSO
Netherlands,Dukenburg,SEA,NLDUG
Netherlands,Dieverbrug,SEA,NLDVB
Netherlands,Duivendrecht,SEA,NLDVT
Netherlands,Eemshaven,SEA,NLEEM
Netherlands,Eefde,SEA,NLEFE
Netherlands,Echtenerbrug,SEA,NLEHU
Netherlands,Ell,SEA,NLELX
Netherlands,Empel,SEA,NLEPL
Netherlands,Erica,SEA,NLERA
Netherlands,Europoort,SEA,NLEUR
Netherlands,Ewijk,SEA,NLEWK
Netherlands,Eernewoude,SEA,NLEWO
Netherlands,Exmorrazijl,SEA,NLEXZ
Netherlands,Farmsum,SEA,NLFAR
Netherlands,Fraamklap,SEA,NLFKP
Netherlands,Gramsbergen,SEA,NLGBG
Netherlands,Groot Dochteren,SEA,NLGDO
Netherlands,Giethoorn,SEA,NLGHO
Netherlands,Gaarkeuken,SEA,NLGKN
Netherlands,Geulle,SEA,NLGLL
Netherlands,Groeneweg,SEA,NLGRW
Netherlands,Groenewoud,SEA,NLGWD
Netherlands,Garmerwolde,SEA,NLGWO
Netherlands,Geeuwenbrug,SEA,NLGWU
Netherlands,Haarlem,SEA,NLHAA
Netherlands,Haaldersbroek,SEA,NLHBK
Netherlands,Hoogmade,SEA,NLHGM
Netherlands,Hijkersmilde,SEA,NLHKM
Netherlands,Hekendorp,SEA,NLHKO
Netherlands,Haarlemmerliede,SEA,NLHLR
Netherlands,Holtheme,SEA,NLHME
Netherlands,Hoogersmilde,SEA,NLHMI
Netherlands,Hengstdijk,SEA,NLHNZ
Netherlands,Holt,SEA,NLHOT
Netherlands,Houten,SEA,NLHOU
Netherlands,Hempens,SEA,NLHPE
Netherlands,Hoofdplaat,SEA,NLHPL
Netherlands,Harderwijk,SEA,NLHRD
Netherlands,Haren,SEA,NLHRE
Netherlands,Heerenveen,SEA,NLHRV
Netherlands,Hellevoetsluis,SEA,NLHSL
Netherlands,Holsloot,SEA,NLHSO
Netherlands,Haghorst,SEA,NLHST
Netherlands,Heeswijk,SEA,NLHSW
Netherlands,Hattem,SEA,NLHTM
Netherlands,Heukelum,SEA,NLHUK
Netherlands,Heumen,SEA,NLHUM
Netherlands,Hunsel,SEA,NLHUN
Netherlands,Havelte,SEA,NLHVE
Netherlands,Itteren,SEA,NLITR
Netherlands,Kampen,SEA,NLKAM
Netherlands,Kats,SEA,NLKAT
Netherlands,Kuikhorne,SEA,NLKHO
Netherlands,Kolhorn,SEA,NLKHR
Netherlands,Ketelhaven,SEA,NLKHV
Netherlands,Kollum,SEA,NLKLM
Netherlands,Kloosterveen,SEA,NLKLV
Netherlands,Kelpen,SEA,NLKPE
Netherlands,Kreil,SEA,NLKRE
Netherlands,'t Kruis,SEA,NLKRI
Netherlands,Kantens,SEA,NLKTN
Netherlands,Katerveer,SEA,NLKTV
Netherlands,Katwijk aan den Rijn,SEA,NLKWR
Netherlands,Keizersveer,SEA,NLKZV
Netherlands,Leiderdorp,SEA,NLLDD
Netherlands,Leons,SEA,NLLEO
Netherlands,Leens,SEA,NLLES
Netherlands,Lelystad,SEA,NLLEY
Netherlands,Lageland,SEA,NLLGD
Netherlands,Langelille,SEA,NLLGI
Netherlands,Leiden,SEA,NLLID
Netherlands,Limmel,SEA,NLLME
Netherlands,Loenersloot,SEA,NLLNO
Netherlands,Leimuiderbrug,SEA,NLLRU
Netherlands,Lalleweer,SEA,NLLWE
Netherlands,Langeweg,SEA,NLLWG
Netherlands,Lippenwoude,SEA,NLLWO
Netherlands,Lage Zwaluwe,SEA,NLLZA
Netherlands,Markelo,SEA,NLMAR
Netherlands,Muiderberg,SEA,NLMDG
Netherlands,Middelstum,SEA,NLMDU
Netherlands,Meerlo-Wansum,SEA,NLMEW
Netherlands,Molengat,SEA,NLMGT
Netherlands,Maarhuizen,SEA,NLMHU
Netherlands,Mandjeswaard,SEA,NLMJA
Netherlands,Munnekeburen,SEA,NLMKE
Netherlands,Marken,SEA,NLMKN
Netherlands,Middelaar,SEA,NLMLA
Netherlands,Millingen aan de Rijn,SEA,NLMLR
Netherlands,Mijnsheerenland,SEA,NLMNH
Netherlands,Menaldum,SEA,NLMNU
Netherlands,Mook,SEA,NLMOK
Netherlands,Maasbracht,SEA,NLMSB
Netherlands,Maasvlakte,SEA,NLMSV
Netherlands,Mensingeweer,SEA,NLMSW
Netherlands,Muiden,SEA,NLMUD
Netherlands,Midwolda,SEA,NLMWD
Netherlands,Nieuw-Amsterdam,SEA,NLNAM
Netherlands,Nieuwerbrug,SEA,NLNBG
Netherlands,Nieuwe Brug,SEA,NLNBU
Netherlands,Neck,SEA,NLNEC
Netherlands,Nes,SEA,NLNES
Netherlands,Nijkerk,SEA,NLNKK
Netherlands,Norg,SEA,NLNRG
Netherlands,Nes aan de Amstel,SEA,NLNSA
Netherlands,Nieuw-Scheemda,SEA,NLNSD
Netherlands,Nessersluis,SEA,NLNSU
Netherlands,Nieuwe Statenzijl,SEA,NLNSZ
Netherlands,Nieuwolda,SEA,NLNWO
Netherlands,Nijezijl,SEA,NLNZJ
Netherlands,Oud-Beijerland,SEA,NLOBL
Netherlands,Odiliapeel,SEA,NLODL
Netherlands,Ouderkerk aan de Amstel,SEA,NLODR
Netherlands,Ooltgensplaat,SEA,NLOGP
Netherlands,Oudeschild,SEA,NLOHI
Netherlands,Oosthem,SEA,NLOHM
Netherlands,Oude Schouw,SEA,NLOHW
Netherlands,Oosthuizen,SEA,NLOHZ
Netherlands,Oosterlittens,SEA,NLOLS
Netherlands,Oostermeer,SEA,NLOME
Netherlands,Oudenrijn,SEA,NLORJ
Netherlands,Oterleek,SEA,NLORL
Netherlands,Oud-Sabbinge,SEA,NLOSG
Netherlands,Overschild,SEA,NLOSK
Netherlands,Overberg,SEA,NLOVG
Netherlands,Ossenzijl,SEA,NLOZL
Netherlands,Oud-Zuilen,SEA,NLOZU
Netherlands,Purmerend,SEA,NLPUM
Netherlands,Pieterzijl,SEA,NLPZI
Netherlands,Lisse,SEA,NLQDG
Netherlands,Raalte,SEA,NLQDS
Netherlands,Ried,SEA,NLRED
Netherlands,Rheden,SEA,NLRHD
Netherlands,Ridderkerk,SEA,NLRID
Netherlands,Rilland,SEA,NLRLA
Netherlands,Rozenburg,SEA,NLROZ
Netherlands,Roosteren,SEA,NLRST
Netherlands,Rijnsaterwoude,SEA,NLRSW
Netherlands,Rustenburg,SEA,NLRTG
Netherlands,Rutten,SEA,NLRUT
Netherlands,Sint Andries,SEA,NLSAR
Netherlands,Sijbrandahuis,SEA,NLSBS
Netherlands,Schagerbrug,SEA,NLSBU
Netherlands,Schiedam,SEA,NLSCI
Netherlands,Standdaarbuiten,SEA,NLSDB
Netherlands,Stadsdam,SEA,NLSDM
Netherlands,Schildwolde,SEA,NLSDW
Netherlands,Schoonhoven,SEA,NLSHH
Netherlands,Schermerhorn,SEA,NLSHO
Netherlands,Slijkenburg,SEA,NLSKG
Netherlands,Stieltjeskanaal,SEA,NLSKL
Netherlands,Slikkendam,SEA,NLSKM
Netherlands,Schalkwijk,SEA,NLSKW
Netherlands,Slochteren,SEA,NLSLO
Netherlands,Sloten,SEA,NLSLT
Netherlands,Smilde,SEA,NLSMI
Netherlands,Sint Maartensvlotbrug,SEA,NLSMV
Netherlands,Scheemderzwaag,SEA,NLSMZ
Netherlands,Sint-Annaland,SEA,NLSNN
Netherlands,Stolpen,SEA,NLSOP
Netherlands,Spijkenisse,SEA,NLSPI
Netherlands,Stolpervlotbrug,SEA,NLSPV
Netherlands,Schouwerzijl,SEA,NLSWL
Netherlands,Schoterzijl,SEA,NLSZL
Netherlands,'t Horntje,SEA,NLTHE
Netherlands,Tolkamer,SEA,NLTKM
Netherlands,Tjerkwerd,SEA,NLTKW
Netherlands,Tollebeek,SEA,NLTOK
Netherlands,Terhorne,SEA,NLTRO
Netherlands,Terschelling,SEA,NLTSL
Netherlands,'t Waar,SEA,NLTWA
Netherlands,Uffelte,SEA,NLUFE
Netherlands,Urmond,SEA,NLUMO
Netherlands,Uitgeest,SEA,NLUTG
Netherlands,Uitermeer,SEA,NLUTR
Netherlands,Varsen,SEA,NLVAR
Netherlands,Velsen,SEA,NLVEL
Netherlands,Vierlingsbeek,SEA,NLVIE
Netherlands,Vlaardingen,SEA,NLVLA
Netherlands,Veenoord,SEA,NLVNO
Netherlands,Vrouwenakker,SEA,NLVRA
Netherlands,Velsen-Noord,SEA,NLVSN
Netherlands,Waalre,SEA,NLWAA
Netherlands,Waarde,SEA,NLWDE
Netherlands,Well,SEA,NLWEL
Netherlands,Weurt,SEA,NLWEU
Netherlands,West-Graftdijk,SEA,NLWGD
Netherlands,Wieringermeer,SEA,NLWGR
Netherlands,Wilhelminadorp,SEA,NLWHD
Netherlands,Wehe-den Hoorn,SEA,NLWHO
Netherlands,Warfhuizen,SEA,NLWHU
Netherlands,Westkapelle,SEA,NLWKP
Netherlands,Waalwijk,SEA,NLWLK
Netherlands,Winsum,SEA,NLWNS
Netherlands,Woerden,SEA,NLWOR
Netherlands,Wieringen/Den Oever,SEA,NLWRG
Netherlands,Welsrijp,SEA,NLWRP
Netherlands,Weesp,SEA,NLWSP
Netherlands,Zuidbroek,SEA,NLZBO
Netherlands,Zuidlaren,SEA,NLZDL
Netherlands,Zwaanshoek,SEA,NLZHO
Netherlands,Zoutelande,SEA,NLZLD
Netherlands,Zandpol,SEA,NLZPO
Netherlands,Zijpersluis,SEA,NLZPS
Netherlands,Zutphen,SEA,NLZUT
Netherlands,Zwijndrecht,SEA,NLZWI
Netherlands,Zwinderen,SEA,NLZWN
Norway,A i Lofoten,SEA,NOAAA
Norway,Abelnes,SEA,NOABE
Norway,Abelvar,SEA,NOABV
Norway,Agnefest,SEA,NOAFT
Norway,Agotnes,SEA,NOAGO
Norway,Agskardet,SEA,NOAGK
Norway,Akkarfjord,SEA,NOAKK
Norway,Akrehamn,SEA,NOAKM
Norway,Alefjar,SEA,NOALE
Norway,Alesund,SEA,NOAES
Norway,Alta,SEA,NOALF
Norway,Alvik,SEA,NOAAV
Norway,Alvika,SEA,NOALV
Norway,Andalsnes,SEA,NOAND
Norway,Andenes,SEA,NOADN
Norway,Anfinnsletta,SEA,NOAFS
Norway,Ansnes,SEA,NOANS
Norway,Ardal - Hjelmeland,SEA,NOARH
Norway,Ardalstangen,SEA,NOARD
Norway,Arendal,SEA,NOARE
Norway,Arnafjord,SEA,NOARF
Norway,Arnoyhamn,SEA,NOARM
Norway,Atangen,SEA,NOATA
Norway,Atloy,SEA,NOATL
Norway,Aukra,SEA,NOAUK
Norway,Aure,SEA,NOAUE
Norway,Aurland,SEA,NOAUL
Norway,Austevoll,SEA,NOASV
Norway,Avaldsnes,SEA,NOAVA
Norway,Averoy,SEA,NOAVE
Norway,Balestrand,SEA,NOBLS
Norway,Ballangen,SEA,NOBLL
Norway,Ballstad,SEA,NOBSD
Norway,Balsfjord,SEA,NOBAF
Norway,Baly,SEA,NOBAL
Norway,Batsfjord,SEA,NOBJF
Norway,Bellvika,SEA,NOBEL
Norway,Bergen,SEA,NOBGO
Norway,Bergsfjord,SEA,NOBFJ
Norway,Berlevag,SEA,NOBVG
Norway,Bjarkoy,SEA,NOBJY
Norway,Bjerkvik,SEA,NOBKV
Norway,Bjordal,SEA,NOBJD
Norway,Bjorkas,SEA,NOBJX
Norway,Bjugn,SEA,NOBJU
Norway,Blokken,SEA,NOBLO
Norway,Blomvag,SEA,NOBLV
Norway,Bodo,SEA,NOBOO
Norway,Bogen,SEA,NOBOG
Norway,Bognes,SEA,NOBON
Norway,Bogoy,SEA,NOOYB
Norway,Bokn,SEA,NOBOK
Norway,Bomlo,SEA,NOBOM
Norway,Boneset - Karmoy,SEA,NOBOE
Norway,Borkenes,SEA,NOBOS
Norway,Botn - Sandnessjoen,SEA,NOSBT
Norway,Botnaneset - Flora,SEA,NOBTN
Norway,Botnhamn,SEA,NOBTH
Norway,Bovagen - Radoy,SEA,NOBOV
Norway,Brandasund,SEA,NOBRN
Norway,Brandsfjord,SEA,NOBSF
Norway,Brattvag,SEA,NOBRV
Norway,Breiviga,SEA,NOBVR
Norway,Breivikbotn,SEA,NOBVB
Norway,Brekstad,SEA,NOBKS
Norway,Brensholmen,SEA,NOBRH
Norway,Brettesnes,SEA,NOBTS
Norway,Brevik,SEA,NOBVK
Norway,Bronnoysund,SEA,NOBNN
Norway,Bugoynes,SEA,NOBUG
Norway,Burfjord,SEA,NOBUF
Norway,Buvika,SEA,NOBUV
Norway,Byggnes - Karmoy,SEA,NOBYN
Norway,Bygstad,SEA,NOBYS
Norway,Byrknesoy,SEA,NOBYR
Norway,Dafjord,SEA,NODFJ
Norway,Dale,SEA,NODSF
Norway,Dimmelsvik,SEA,NODIM
Norway,Dirdal,SEA,NODIR
Norway,Djupvik,SEA,NODJU
Norway,Dolmoy,SEA,NODOL
Norway,Drag,SEA,NODRG
Norway,Drammen,SEA,NODRM
Norway,Drobak,SEA,NODRK
Norway,Dusavik,SEA,NODUS
Norway,Dyroyhamn,SEA,NODYL
Norway,Dyrstad,SEA,NODYD
Norway,Dyrvik,SEA,NODYR
Norway,Egersund,SEA,NOEGE
Norway,Eggesbones,SEA,NOEGG
Norway,Eidangerfjorden,SEA,NOEIF
Norway,Eide,SEA,NOEDE
Norway,Eide Sotra,SEA,NOEDS
Norway,Eidet,SEA,NOEDT
Norway,Eidfjord,SEA,NOEDF
Norway,Eidsdal,SEA,NOEDD
Norway,Eidslandet,SEA,NOEIL
Norway,Eikefet,SEA,NOEKF
Norway,Eikefjord,SEA,NOEIK
Norway,Eikelandsosen,SEA,NOELO
Norway,Eivindvik,SEA,NOEVV
Norway,Ellingsoy,SEA,NOELL
Norway,Elnesvagen,SEA,NOELN
Norway,Engene,SEA,NOENG
Norway,Erfjord - Suldal,SEA,NOERF
Norway,Espenesbogen,SEA,NODDY
Norway,Espevik,SEA,NOESP
Norway,Etne,SEA,NOETN
Norway,Evenestangen,SEA,NOEVT
Norway,Eydehavn,SEA,NOEYD
Norway,Fagerstrand,SEA,NOFAX
Norway,Farsund,SEA,NOFAN
Norway,Fauske,SEA,NOFAU
Norway,Fedje,SEA,NOFED
Norway,Festvag,SEA,NOFSV
Norway,Finneid,SEA,NOFND
Norway,Finneidfjord,SEA,NOFIN
Norway,Finnoy,SEA,NOFNY
Norway,Finnsnes,SEA,NOFNE
Norway,Fiskabygd - Vanylven,SEA,NOFSK
Norway,Fiskarstrand,SEA,NOFST
Norway,Fiskebol,SEA,NOFBL
Norway,Fitjar,SEA,NOFIT
Norway,Fjarland,SEA,NOFYS
Norway,Fjelldal,SEA,NOFJL
Norway,Fjellstrand,SEA,NOFSD
Norway,Flam,SEA,NOFLA
Norway,Flatoy,SEA,NOFLY
Norway,Flekkefjord,SEA,NOFFD
Norway,Flem,SEA,NOFLM
Norway,Floro,SEA,NOFRO
Norway,Florvag,SEA,NOFLO
Norway,Follafoss,SEA,NOFOL
Norway,Forde,SEA,NOFDE
Norway,Fornes,SEA,NOFNS
Norway,Foroy,SEA,NOFON
Norway,Forsand,SEA,NOFOR
Norway,Forsol,SEA,NOFSL
Norway,Forus,SEA,NOFRS
Norway,Fosnavag,SEA,NOFOS
Norway,Fossing,SEA,NOFOI
Norway,Frafjord,SEA,NOOLT
Norway,Fredrikstad,SEA,NOFRK
Norway,Frekhaug,SEA,NOFKG
Norway,Froan,SEA,NOFOA
Norway,Fusa,SEA,NOFUS
Norway,Gamvik,SEA,NOGAM
Norway,Gaupne,SEA,NOGPN
Norway,Gismarvik,SEA,NOGIK
Norway,Gjerdsvika,SEA,NOROM
Norway,Gjesvar,SEA,NOGJV
Norway,Glesvar,SEA,NONZL
Norway,Glomfjord,SEA,NOGLO
Norway,Godoya,SEA,NOGOO
Norway,Granvin,SEA,NOGRV
Norway,Gravdal,SEA,NOGRD
Norway,Grimstad,SEA,NOGTD
Norway,Grip,SEA,NOGRP
Norway,Grotavar,SEA,NOGOT
Norway,Grovfjord,SEA,NOGRF
Norway,Gryllefjord,SEA,NOGRY
Norway,Grytestranda,SEA,NOGRS
Norway,Gudvangen,SEA,NOGUD
Norway,Gunhildvagen,SEA,NOGHV
Norway,Gursken,SEA,NOGUR
Norway,Gutvik,SEA,NOGUT
Norway,Halden,SEA,NOHAL
Norway,Halsa,SEA,NOHLS
Norway,Halsa Meloy,SEA,NOHSA
Norway,Halsnoy,SEA,NOHAZ
Norway,Halvorshavn,SEA,NOHAN
Norway,Hammarvika - Froya,SEA,NONIA
Norway,Hammerfall,SEA,NOHFL
Norway,Hammerfest,SEA,NOHFT
Norway,Hanoytangen,SEA,NOHOT
Norway,Hansnes,SEA,NOHAE
Norway,Hareid,SEA,NOHRI
Norway,Haroysundet,SEA,NOHRS
Norway,Harstad,SEA,NOHRD
Norway,Hasvik,SEA,NOHVK
Norway,Haugesund,SEA,NOHAU
Norway,Hausvikstrand,SEA,NOHSV
Norway,Havik,SEA,NOHVI
Norway,Havoysund,SEA,NOHAV
Norway,Hekkelstrand,SEA,NOHEK
Norway,Helle - Forsand,SEA,NOHLE
Norway,Helle - Kragero,SEA,NOHKR
Norway,Hellesylt,SEA,NOHSY
Norway,Hellvik,SEA,NOHEL
Norway,Hemnesberget,SEA,NOHNE
Norway,Henningsvar,SEA,NOHEN
Norway,Herfjord,SEA,NOHEF
Norway,Hermansverk,SEA,NOHER
Norway,Heroy,SEA,NOHRO
Norway,Heroya,SEA,NOHRY
Norway,Heroysundet,SEA,NOHET
Norway,Herre,SEA,NOHRR
Norway,Hestvika,SEA,NOHES
Norway,Hjelmeland,SEA,NOHJL
Norway,Hjelset,SEA,NOHJJ
Norway,Hjorungavag,SEA,NOHJO
Norway,Hof,SEA,NOHOF
Norway,Hogset,SEA,NOHOG
Norway,Holla,SEA,NOHOA
Norway,Hollen,SEA,NOHLL
Norway,Holmestrand,SEA,NOHOL
Norway,Hommelvik,SEA,NOHOK
Norway,Honningsvag,SEA,NOHVG
Norway,Hordvik,SEA,NOHRV
Norway,Horsoy,SEA,NOHOO
Norway,Horten,SEA,NOHOR
Norway,Hovland,SEA,NOHSL
Norway,Hoyanger,SEA,NOHYR
Norway,Hoylandsbygda,SEA,NOHLB
Norway,Hufthammar,SEA,NOHHA
Norway,Hummelvik,SEA,NOHMV
Norway,Hundeidvika,SEA,NOHUD
Norway,Husnes,SEA,NOHUS
Norway,Husoy - Karmoy,SEA,NOHSO
Norway,Husoy - Lenvik,SEA,NOHSS
Norway,Husoy - Tonsberg,SEA,NOHOY
Norway,Hvasser,SEA,NOHVS
Norway,Hyllestad,SEA,NOHYL
Norway,Igeroy,SEA,NOIGE
Norway,Iglandsvik,SEA,NOIGL
Norway,Ikornnes,SEA,NOIKR
Norway,Ingoy,SEA,NOISY
Norway,Inndyr,SEA,NOIDR
Norway,Innhavet,SEA,NOINN
Norway,Innvik,SEA,NOINV
Norway,Jakobsnes,SEA,NOJAN
Norway,Jarlsoy,SEA,NOJOY
Norway,Jelsa,SEA,NOJEL
Norway,Jondal,SEA,NOJON
Norway,Jossingfjord,SEA,NOJOS
Norway,Jovik,SEA,NOJOV
Norway,Kabelvag,SEA,NOKAB
Norway,Kaldfjord,SEA,NOKDF
Norway,Kalvag,SEA,NOKVG
Norway,Kalvneset,SEA,NOKAN
Norway,Kambo,SEA,NOKMO
Norway,Karhamn,SEA,NOKMN
Norway,Karsto,SEA,NOKAR
Norway,Karvikhamn,SEA,NOKAH
Norway,Kaupanger,SEA,NOKPG
Norway,Kilvik,SEA,NOKIL
Norway,Kinsarvik,SEA,NOKIV
Norway,Kirkehamn,SEA,NOKIR
Norway,Kirkenes,SEA,NOKKN
Norway,Kjerringoy,SEA,NOKJE
Norway,Kjollefjord,SEA,NOKJF
Norway,Kjopmannskjar,SEA,NOKMS
Norway,Kjopsvik,SEA,NOKJK
Norway,Kjorebonn,SEA,NOKJB
Norway,Kleppesto,SEA,NOKLE
Norway,Knarrevik,SEA,NOKRV
Norway,Kobbvagen,SEA,NOKBV
Norway,Kolvereid,SEA,NOKLD
Norway,Kongsfjord,SEA,NOKGF
Norway,Kopervik,SEA,NOKOP
Norway,Kragero,SEA,NOKRA
Norway,Kristiansand,SEA,NOKRS
Norway,Kristiansund,SEA,NOKSU
Norway,Kristoffervalen,SEA,NOKVL
Norway,Kvafjord,SEA,NOKVF
Norway,Kvalsund,SEA,NOKVS
Norway,Kvalvika,SEA,NOKVV
Norway,Kvanndal,SEA,NOKDL
Norway,Kvithylla,SEA,NOKIA
Norway,Kvitsoy,SEA,NOKSY
Norway,Kyrksaterora,SEA,NOKYR
Norway,Laksevag,SEA,NOLVG
Norway,Langesund,SEA,NOLAD
Norway,Langevag,SEA,NOLAG
Norway,Langevag - Sula,SEA,NOLAN
Norway,Langoya,SEA,NOLAO
Norway,Langstein,SEA,NOLGS
Norway,Lardal,SEA,NOLRD
Norway,Larkollen,SEA,NOLRK
Norway,Larsnes,SEA,NONZC
Norway,Larvik,SEA,NOLAR
Norway,Lavangen,SEA,NOLAV
Norway,Leines,SEA,NOLNE
Norway,Leirfjord,SEA,NOLEF
Norway,Leirpollen,SEA,NOLEP
Norway,Leirvik,SEA,NOLRI
Norway,Leirvik i Hyllestad,SEA,NOLEA
Norway,Leknes,SEA,NOLKN
Norway,Leksvik,SEA,NOLKV
Norway,Lenangen Sondre,SEA,NOLAS
Norway,Lenangsoyra,SEA,NOLAY
Norway,Lenvik,SEA,NOLES
Norway,Lessremman,SEA,NOLRE
Norway,Levanger,SEA,NOLEV
Norway,Liavag,SEA,NOLIA
Norway,Lillesand,SEA,NOLIL
Norway,Listraumen,SEA,NOLFF
Norway,Litangen,SEA,NOLIT
Norway,Lodingen,SEA,NOLOD
Norway,Loen,SEA,NOLOE
Norway,Lonevag,SEA,NOLON
Norway,Lovund,SEA,NOLOV
Norway,Lura,SEA,NOLRA
Norway,Luroy,SEA,NOLUR
Norway,Luster,SEA,NOLUS
Norway,Lutelandet,SEA,NOLUL
Norway,Lyngseidet,SEA,NOLYD
Norway,Lysaker,SEA,NOLYS
Norway,Lysebotn,SEA,NOLYF
Norway,Malm,SEA,NOMLM
Norway,Maloy,SEA,NOMAY
Norway,Mandal,SEA,NOMAN
Norway,Matre - Masfjorden,SEA,NOMAT
Norway,Maurholen,SEA,NOMAH
Norway,Mausund,SEA,NOMAU
Norway,Mehamn,SEA,NOMEH
Norway,Melbu,SEA,NOMEL
Norway,Melhus,SEA,NOMLS
Norway,Melkoya,SEA,NOMLK
Norway,Melsomvik,SEA,NOMEV
Norway,Menstad,SEA,NOMEN
Norway,Midsund,SEA,NOMID
Norway,Misten,SEA,NOMIT
Norway,Mjolkevikvarden,SEA,NOMVV
Norway,Mo i Rana,SEA,NOMQN
Norway,Molde,SEA,NOMOL
Norway,Moldtustranda,SEA,NOMLT
Norway,Molstrevag,SEA,NOMOV
Norway,Mongstad,SEA,NOMON
Norway,Mongstadbase,SEA,NOMOB
Norway,Morsvikbotn,SEA,NOMOR
Norway,Mosjoen,SEA,NOMJF
Norway,Moskenes,SEA,NOMSK
Norway,Moss,SEA,NOMSS
Norway,Mosterhamn,SEA,NOMOS
Norway,Muruvika,SEA,NOMRV
Norway,Namsos,SEA,NOOSY
Norway,Narvik,SEA,NONVK
Norway,Nesna,SEA,NONSN
Norway,Nevlunghamn,SEA,NONEV
Norway,Nordfjordeid,SEA,NONFD
Norway,Nordfosen,SEA,NONFO
Norway,Nordkjosbotn,SEA,NONKB
Norway,Nordlenangen,SEA,NONOL
Norway,Nordmela,SEA,NONOM
Norway,Nordskaget - Froya,SEA,NONSF
Norway,Norheimsund,SEA,NONHS
Norway,Nusfjord,SEA,NOZNJ
Norway,Nyelv,SEA,NONYE
Norway,Odda,SEA,NOODD
Norway,Oksfjord,SEA,NOOKF
Norway,Olden,SEA,NOOLD
Norway,Olderdalen,SEA,NOOLL
Norway,Oldervik,SEA,NOOLR
Norway,Olen,SEA,NOOLN
Norway,Omastranda,SEA,NOOMA
Norway,Ombo,SEA,NOOMB
Norway,Orkanger,SEA,NOORK
Norway,Ornes,SEA,NOSVI
Norway,Orsta,SEA,NOORS
Norway,Ortnevik,SEA,NOORV
Norway,Os,SEA,NOOOS
Norway,Oslo,SEA,NOOSL
Norway,Osnes - Vindafjord,SEA,NOOSE
Norway,Oteren,SEA,NOT8N
Norway,Ottersoy,SEA,NOOTO
Norway,Porsgrunn,SEA,NOPOR
Norway,Rafnes,SEA,NORAF
Norway,Ramberg,SEA,NORMB
Norway,Ramsund,SEA,NORAM
Norway,Randaberg,SEA,NORDB
Norway,Raudbergvika,SEA,NORBV
Norway,Raudsand,SEA,NORSD
Norway,Raunes - Vindafjord,SEA,NORES
Norway,Reinfjord,SEA,NORFJ
Norway,Rekefjord,SEA,NOREK
Norway,Rennesoy,SEA,NOREN
Norway,Repparfjord,SEA,NOREP
Norway,Repvag,SEA,NORPV
Norway,Risavika,SEA,NORIV
Norway,Risor,SEA,NORIS
Norway,Risoyhamn,SEA,NORSH
Norway,Rissa,SEA,NORSS
Norway,Rognan,SEA,NOROG
Norway,Rorvik,SEA,NORVK
Norway,Rost,SEA,NORET
Norway,Rovde,SEA,NOROV
Norway,Rubbestadneset,SEA,NORUB
Norway,Runde,SEA,NORUN
Norway,Rutledal,SEA,NORTL
Norway,Rypefjord,SEA,NORYF
Norway,Salangen,SEA,NOSAL
Norway,Salangsverket,SEA,NOSAC
Norway,Salsbruket,SEA,NOSBU
Norway,Salten,SEA,NOSAT
Norway,Sand,SEA,NOSAX
Norway,Sandefjord,SEA,NOTRF
Norway,Sandeid,SEA,NOSAF
Norway,Sandnes,SEA,NOSAS
Norway,Sandnessjoen,SEA,NOSSJ
Norway,Sandoya,SEA,NOSAY
Norway,Sandvika,SEA,NOSDI
Norway,Sandviksberget,SEA,NOSAI
Norway,Sannidal,SEA,NOANN
Norway,Sarpsborg,SEA,NOSPG
Norway,Sauda,SEA,NOSAU
Norway,Savareid,SEA,NOSID
Norway,Savlandsvik,SEA,NOSVL
Norway,Selje,SEA,NOSJE
Norway,Seljeli,SEA,NOSEJ
Norway,Selva,SEA,NOSEV
Norway,Senjahopen,SEA,NOSJH
Norway,Sigerfjord,SEA,NOSRD
Norway,Siholmen,SEA,NOSIH
Norway,Sirevag,SEA,NOSRV
Norway,Sistranda,SEA,NOSSS
Norway,Sjoholt,SEA,NOSJO
Norway,Sjovegan,SEA,NOSJV
Norway,Sjursoja/Oslo,SEA,NOSJU
Norway,Skaland,SEA,NOSAA
Norway,Skalevik,SEA,NOSKV
Norway,Skarholmen,SEA,NOSRH
Norway,Skarsvag,SEA,NOSKZ
Norway,Skibotn,SEA,NOSKB
Norway,Skien,SEA,NOSKE
Norway,Skiftun,SEA,NOSKF
Norway,Skipavik,SEA,NOSPK
Norway,Skipavik - Gulen,SEA,NOSIP
Norway,Skjarhalden,SEA,NOSKH
Norway,Skjerkoya,SEA,NOSKI
Norway,Skjervoy,SEA,NOSKY
Norway,Skjolden,SEA,NOSLN
Norway,Skogn,SEA,NOSKX
Norway,Skrolsvik,SEA,NOSRK
Norway,Skudeneshavn,SEA,NOSKU
Norway,Slagentangen,SEA,NOSLG
Norway,Slemmestad,SEA,NOSLM
Norway,Slovag,SEA,NOSLV
Norway,Smola,SEA,NOSMO
Norway,Snaroya,SEA,NOROY
Norway,Snefjord,SEA,NOSNF
Norway,Snekkevik,SEA,NOSNV
Norway,Sogndal,SEA,NOSOG
Norway,Sogne,SEA,NOSNE
Norway,Solund,SEA,NOSLD
Norway,Sorarnoy,SEA,NOSOR
Norway,Sorkjosen,SEA,NOSOJ
Norway,Sorreisa,SEA,NOSRA
Norway,Sortland,SEA,NOSLX
Norway,Sovik,SEA,NOSOV
Norway,Sperrebotn,SEA,NODER
Norway,Spjelkavik,SEA,NOSPV
Norway,Stadlandet,SEA,NOSDT
Norway,Stakkvik,SEA,NOSAK
Norway,Stamsund,SEA,NOSUZ
Norway,Standal,SEA,NOSNL
Norway,Stanghelle,SEA,NOSHT
Norway,Stathelle,SEA,NOSTA
Norway,Stavanger,SEA,NOSVG
Norway,Stavern,SEA,NOSTV
Norway,Stavneset - Rissa,SEA,NOSVT
Norway,Steinkjer,SEA,NOSTE
Norway,Steinshamn,SEA,NOSTH
Norway,Steinvig,SEA,NOSTI
Norway,Stjernoya,SEA,NOSTY
Norway,Stjordal,SEA,NOSTJ
Norway,Sto,SEA,NOSTX
Norway,Stokksund,SEA,NOSKK
Norway,Stokkvagen,SEA,NOSTO
Norway,Stokmarknes,SEA,NOSKN
Norway,Stord,SEA,NOSRP
Norway,Stord base,SEA,NOSBA
Norway,Stordal,SEA,NOSDZ
Norway,Storebo,SEA,NOSTB
Norway,Storesund,SEA,NOSRS
Norway,Stranda,SEA,NOSRN
Norway,Stranda - Froya,SEA,NOSTZ
Norway,Straume,SEA,NOUME
Norway,Straumsgjerde,SEA,NOSGJ
Norway,Straumsjoen,SEA,NOSSO
Norway,Straumsnes,SEA,NOSRM
Norway,Stryn,SEA,NOSTR
Norway,Stura,SEA,NOSTU
Norway,Sund - Karmoy,SEA,NOUND
Norway,Sunde,SEA,NOSIS
Norway,Sunndalsora,SEA,NOSUN
Norway,Surnadal,SEA,NOSUR
Norway,Svartebukt,SEA,NOSVB
Norway,Sveio,SEA,NOSVO
Norway,Svelgen,SEA,NOSVE
Norway,Svelvik,SEA,NOSVV
Norway,Svolvar,SEA,NOSVJ
Norway,Svolvar Osan,SEA,NOSOS
Norway,Sykkylven,SEA,NOSYK
Norway,Talavag,SEA,NOTAL
Norway,Tananger,SEA,NOTAE
Norway,Tau,SEA,NOTAU
Norway,Tjeldbergodden,SEA,NOTBO
Norway,Tjorvag,SEA,NOTJR
Norway,Tjotta,SEA,NOTJL
Norway,Tofte - Hurum,SEA,NOTOF
Norway,Tomrefjord,SEA,NOTOM
Norway,Tonnes,SEA,NOTNN
Norway,Tonsberg,SEA,NOTON
Norway,Torjulvagen,SEA,NOTJU
Norway,Torsken,SEA,NOTOR
Norway,Torsvag,SEA,NOTVA
Norway,Torvika,SEA,NOTVI
Norway,Tovik,SEA,NOTOV
Norway,Trollasen,SEA,NOTRO
Norway,Tromsdalen,SEA,NONZY
Norway,Tromso,SEA,NOTOS
Norway,Tromvik,SEA,NOTMV
Norway,Trondheim,SEA,NOTRD
Norway,Tufjorden,SEA,NOTUF
Norway,Tvedestrand,SEA,NOTVE
Norway,Tyssebotn,SEA,NOTSB
Norway,Tyssedal,SEA,NOTSX
Norway,Tytebarvika,SEA,NOTYT
Norway,Ullensvang,SEA,NOULL
Norway,Uloybukt,SEA,NOUBO
Norway,Ulsteinvik,SEA,NOULS
Norway,Ulvik,SEA,NOUVK
Norway,Uskedalen,SEA,NOUSD
Norway,Utgardskilen,SEA,NOUTG
Norway,Uthaug,SEA,NOUTH
Norway,Utne,SEA,NOUTN
Norway,Utsira,SEA,NOUTS
Norway,Utvorda,SEA,NOUTV
Norway,Vadheim,SEA,NOVHM
Norway,Vadso,SEA,NOVDS
Norway,Vagaholmen,SEA,NOVOH
Norway,Vagsvag,SEA,NOVVG
Norway,Vaksdal,SEA,NOVAK
Norway,Valberg,SEA,NOVBE
Norway,Valevag,SEA,NOVAG
Norway,Valldal,SEA,NOVAD
Norway,Vallersund,SEA,NOVLS
Norway,Valloy,SEA,NOVAL
Norway,Valsneset,SEA,NOVAE
Norway,Vannavalen,SEA,NOVNN
Norway,Vanvikan-Leksvik,SEA,NOVAN
Norway,Vardo,SEA,NOVAO
Norway,Varoy,SEA,NOVEY
Norway,Vartdal,SEA,NOVTL
Norway,Vats,SEA,NOVTS
Norway,Vedavagen,SEA,NOVMD
Norway,Vega,SEA,NOVEG
Norway,Vengsoy,SEA,NOVEO
Norway,Verdal,SEA,NOVER
Norway,Vestnes,SEA,NOVST
Norway,Vik - Sogn,SEA,NOVIS
Norway,Vikan,SEA,NOIKA
Norway,Vikan - Smola,SEA,NOVSM
Norway,Vikedal,SEA,NOVIL
Norway,Vikholmen,SEA,NOVHN
Norway,Vikkilen,SEA,NOVKK
Norway,Vingsand,SEA,NOVNS
Norway,Visnes - Eide,SEA,NOVSN
Norway,Volda,SEA,NOVDA
Norway,Voll,SEA,NOVLL
Norway,Vormedal,SEA,NOSAG
Norway,Ytroy,SEA,NOYTO
Norway,Aheim,SEA,NOAHM
Norway,Alstahaug,SEA,NOALS
Norway,Austvika,SEA,NOAUS
Norway,Barum,SEA,NOBAR
Norway,Bergneset,SEA,NOBGN
Norway,Bleik,SEA,NOBLK
Norway,Finnfjordbotn,SEA,NOFFB
Norway,Flora,SEA,NOFLR
Norway,Fonnes,SEA,NOFNN
Norway,Gjosundet,SEA,NOGJD
Norway,Gjemnes,SEA,NOGJM
Norway,Hamnbukt - Porsanger,SEA,NOHBT
Norway,Haeimsvika,SEA,NOHEM
Norway,Helligvar,SEA,NOHEV
Norway,Heroy,SEA,NOHEY
Norway,Hegreneset,SEA,NOHGR
Norway,Hornnes,SEA,NOHON
Norway,Hopen,SEA,NOHOP
Norway,Kolvereid,SEA,NOHVR
Norway,Inderoy,SEA,NOIND
Norway,Kollsnes Ost,SEA,NOKOL
Norway,Kollsnes,SEA,NOKON
Norway,Kvafjord,SEA,NOKVR
Norway,Leira,SEA,NOLEI
Norway,Liland,SEA,NOLID
Norway,Lysoysund,SEA,NOLSU
Norway,Laukvik,SEA,NOLVK
Norway,Longyearbyen,SEA,NOLYR
Norway,Manger,SEA,NOMGR
Norway,Misvar,SEA,NOMIS
Norway,Mjolstadneset,SEA,NOMSD
Norway,Myre,SEA,NOMYR
Norway,Nyhamna,SEA,NONYH
Norway,Orland,SEA,NOOLA
Norway,Olve,SEA,NOOLV
Norway,Skutvik,SEA,NOORN
Norway,Osteroy,SEA,NOOST
Norway,Ottersoya,SEA,NOOTA
Norway,Rauma,SEA,NORAU
Norway,Re,SEA,NOREE
Norway,Ramsvika,SEA,NORMV
Norway,Sandefjord,SEA,NOSAD
Norway,Skorgeneset,SEA,NOSGT
Norway,Salthella,SEA,NOSLH
Norway,Steinesjoen,SEA,NOSNS
Norway,Sorfold,SEA,NOSOF
Norway,Storoya,SEA,NOSOY
Norway,Skrova,SEA,NOSRO
Norway,Steigen,SEA,NOSTG
Norway,Susort,SEA,NOSUS
Norway,Torangsvag,SEA,NOTAV
Norway,Thamshamn,SEA,NOTHA
Norway,Thoroya,SEA,NOTOY
Norway,Trana,SEA,NOTRN
Norway,Ulstein,SEA,NOULE
Norway,Vistdal,SEA,NOVDL
Norway,Stavneset,SEA,NOVEA
Norway,Lenvik,SEA,NOVIK
Norway,Vinjeora,SEA,NOVNJ
Poland,Bielinek,SEA,PLBEK
Poland,Brzostek Policzko,SEA,PLBRK
Poland,Burzenin,SEA,PLBZI
Poland,Bydgoszcz,SEA,PLBZG
Poland,Chobienice,SEA,PLCPL
Poland,Chroscice,SEA,PLCH3
Poland,Czarna,SEA,PLZAA
Poland,Czarna Dabrowka,SEA,PLCDB
Poland,Dabrowka,SEA,PL6MA
Poland,Darlowo,SEA,PLDAR
Poland,Duczki,SEA,PLDCZ
Poland,Dziecmierowo,SEA,PLZIC
Poland,Dziwnow,SEA,PLDZN
Poland,Elblag,SEA,PLELB
Poland,Frombork,SEA,PLFBK
Poland,Gdynia,SEA,PLGDY
Poland,Gorki Zachodnie,SEA,PLGKZ
Poland,Grodziczno,SEA,PLZIN
Poland,Hel,SEA,PLHEL
Poland,Iwierzyce,SEA,PLIYC
Poland,Janowiec,SEA,PLLUU
Poland,Jedlina-Zdroj,SEA,PLJDZ
Poland,Kamien Pomorski,SEA,PLKAO
Poland,Karsibor,SEA,PLSJK
Poland,Klaj,SEA,PLMA9
Poland,Kolobrzeg,SEA,PLKOL
Poland,Konotopa,SEA,PLMK9
Poland,Korzenna,SEA,PLKZ4
Poland,Kostomloty,SEA,PLKLY
Poland,Kraplewo,SEA,PLKPW
Poland,Krosno Odrzanskie,SEA,PLKOD
Poland,Krynica Morska,SEA,PLKMR
Poland,Krynica Morska,SEA,PLKRM
Poland,Leba,SEA,PLLEA
Poland,Lipiany,SEA,PLLPN
Poland,Losiow,SEA,PLKUY
Poland,Miedzyzdroje,SEA,PLMID
Poland,Mierzyn,SEA,PLNXA
Poland,Mietkow,SEA,PLMKW
Poland,Mrzezyno,SEA,PLMRE
Poland,Niechorze,SEA,PLNCH
Poland,Nowe Warpno,SEA,PLNWA
Poland,Nowy Port/Gdansk,SEA,PLNOW
Poland,Olawa,SEA,PLOLA
Poland,Osinow Dolny,SEA,PLOSD
Poland,Piatnica,SEA,PLPTN
Poland,Piorunow,SEA,PLIT5
Poland,Polanow,SEA,PLPNW
Poland,Pszenno,SEA,PLPZN
Poland,Rewal,SEA,PLRWL
Poland,Rokietnica,SEA,PLROI
Poland,Ruchocice,SEA,PLRUC
Poland,Siennica Rozana,SEA,PLSCA
Poland,Skolwin,SEA,PLSKN
Poland,Sopot,SEA,PLSOP
Poland,Sroczyn,SEA,PLSY2
Poland,Stepnica,SEA,PLSPA
Poland,Swinoujscie,SEA,PLSWI
Poland,Trzebiez,SEA,PLTBZ
Poland,Urad,SEA,PLURD
Poland,Ustka,SEA,PLUST
Poland,Ustronie Morskie,SEA,PLUMS
Poland,Wegorzyno,SEA,PLWZO
Poland,Widuchowa,SEA,PLWIU
Poland,Wladyslawowo,SEA,PLWLA
Poland,Wolborz,SEA,PLWOL
Poland,Wolin,SEA,PLWLI
Poland,Znin,SEA,PLZNI
Poland,Port of Gdansk,SEA,PLGDN
Poland,Plblz,SEA,PLBLZ
Poland,Chlapowo,SEA,PLCHP
Poland,Chlopy,SEA,PLCPY
Poland,Debki,SEA,PLDEK
Poland,Dabki,SEA,PLDKI
Poland,Jaroslawiec,SEA,PLJAL
Poland,Jantar,SEA,PLJAN
Poland,Jelitkowo,SEA,PLJLT
Poland,Kuznica,SEA,PLKUZ
Poland,Mechelinki,SEA,PLMEC
Poland,Mikoszewo,SEA,PLMKZ
Poland,Margonin,SEA,PLMNN
Poland,Niechorze,SEA,PLNIC
Poland,Obluze,SEA,PLOBL
Poland,Oksywie,SEA,PLOKY
Poland,Oslonino,SEA,PLOSL
Poland,Nowa Pasleka,SEA,PLPAA
Poland,Piaski I,SEA,PLPII
Poland,Police,SEA,PLPLC
Poland,Sarbinowo,SEA,PLSAB
Poland,Szczecin-Dabie,SEA,PLSCD
Poland,Stegna,SEA,PLSGN
Poland,Sieroslaw,SEA,PLSIS
Poland,Swinoujscie-Przytor,SEA,PLSJP
Poland,Sztutowo,SEA,PLSTT
Poland,Suchacz,SEA,PLSUZ
Poland,Szczecin,SEA,PLSZZ
Poland,Uniescie,SEA,PLUNI
Poland,Wapnica,SEA,PLWAP
Poland,Gorki Wschodnie,SEA,PLWSG
Poland,Zagorow,SEA,PLZGO
Portugal,Aguda,SEA,PTAGD
Portugal,Albufeira,SEA,PTABF
Portugal,Almograve,SEA,PTAGR
Portugal,Amoreira da Gandara,SEA,PTADG
Portugal,Angeiras,SEA,PTANG
Portugal,Angra do Heroismo,SEA,PTADH
Portugal,Argeriz,SEA,PTGER
Portugal,Aveiro,SEA,PTAVE
Portugal,Azenhas do Mar,SEA,PTAZM
Portugal,Banatica,SEA,PTBAN
Portugal,Benagil,SEA,PTBNG
Portugal,Burgau,SEA,PTBRG
Portugal,Bustos,SEA,PTBUS
Portugal,Cacem,SEA,PTCAC
Portugal,Cais do Pico,SEA,PTCDP
Portugal,"Calheta, Island Sao Jorge",SEA,PTCAL
Portugal,Cambres,SEA,PTCES
Portugal,Canical,SEA,PTCNL
Portugal,Carrasqueira,SEA,PTCRC
Portugal,Cascais,SEA,PTCAS
Portugal,Castelo do Neiva,SEA,PTCNV
Portugal,Coina,SEA,PTCNA
Portugal,Colos,SEA,PTCLS
Portugal,Costa da Caparica,SEA,PTCAP
Portugal,Douro,SEA,PTDOU
Portugal,Escariz,SEA,PTXZX
Portugal,Estoril,SEA,PTEST
Portugal,Fao,SEA,PTFAE
Portugal,Faro,SEA,PTFAO
Portugal,Figueira da Foz,SEA,PTFDF
Portugal,Fonte da Telha,SEA,PTFDT
Portugal,Foz do Arelho,SEA,PTFOZ
Portugal,"Funchal, Madeira",SEA,PTFNC
Portugal,Fuzeta,SEA,PTFUZ
Portugal,Gueifaes,SEA,PTGUE
Portugal,Horta,SEA,PTHOR
Portugal,Lagos,SEA,PTLOS
Portugal,Lajes,SEA,PTLDP
Portugal,Lajes das Flores,SEA,PTLAJ
Portugal,Lanheses,SEA,PTLNS
Portugal,Leca da Palmeira,SEA,PTLEP
Portugal,Leixoes,SEA,PTLEI
Portugal,Lisboa,SEA,PTLIS
Portugal,Lordelo,SEA,PTLDR
Portugal,Maceira,SEA,PTLE2
Portugal,Madalena (Madalena do Pico),SEA,PTMAD
Portugal,Madalena do Mar,SEA,PTMDM
Portugal,Matosinhos,SEA,PTMAT
Portugal,Nariz,SEA,PTNAV
Portugal,Oeiras,SEA,PTOEI
Portugal,Olhao,SEA,PTOLH
Portugal,Olhos de Agua,SEA,PTOLA
Portugal,Pegoes Velhos,SEA,PTPVH
Portugal,Peniche,SEA,PTPEN
Portugal,Perafita,SEA,PTPFT
Portugal,Pindelo,SEA,PTAVP
Portugal,Ponta Delgada,SEA,PTPDL
Portugal,Ponte de Sor,SEA,PTPDS
Portugal,Portimao,SEA,PTPRM
Portugal,Porto,SEA,PTOPO
Portugal,Porto Santo Island,SEA,PTPXO
Portugal,Praia da Graciosa,SEA,PTPRG
Portugal,Praia da Vitoria,SEA,PTPRV
Portugal,Rabo de Peixe,SEA,PTRPX
Portugal,Requiao,SEA,PTRQU
Portugal,Sagres,SEA,PTSAG
Portugal,Sandim,SEA,PTDFZ
Portugal,Santa Cruz da Graciosa,SEA,PTSCG
Portugal,Santa Cruz das Flores,SEA,PTSCF
Portugal,Santa Luzia,SEA,PTSLZ
Portugal,Santa Maria de Sardoura,SEA,PTSMS
Portugal,Sao Mateus,SEA,PTSMT
Portugal,Sao Pedro da Afurada,SEA,PTAFR
Portugal,Senhora da Hora,SEA,PTSHA
Portugal,Setubal,SEA,PTSET
Portugal,Sines,SEA,PTSIE
Portugal,Terceira Island Apt,SEA,PTTER
Portugal,Torreira,SEA,PTTOA
Portugal,Trafaria,SEA,PTTRF
Portugal,Vagueira,SEA,PTVAG
Portugal,Valbom,SEA,PTVAB
Portugal,Valongo,SEA,PTNGV
Portugal,Velas,SEA,PTVEL
Portugal,Viana do Castelo,SEA,PTVDC
Portugal,Vila Cha,SEA,PTVLC
Portugal,Vila de Frades,SEA,PTVFD
Portugal,Vila do Conde,SEA,PTVIC
Portugal,Vila do Porto,SEA,PTVDP
Portugal,Vila Franca de Xira,SEA,PTVFX
Portugal,Vila Nova da Rainha,SEA,PTVNR
Portugal,Vila Nova do Corvo,SEA,PTVNC
Portugal,Vila Real de Santo Antonio,SEA,PTVRE
Portugal,Zona Franca da Madeira,SEA,PTZFM
Portugal,Armacao de Pera,SEA,PTARP
Portugal,Baltar,SEA,PTBTR
Portugal,Camara de Lobos,SEA,PTCML
Portugal,Capelo,SEA,PTCPL
Portugal,Casa Branca,SEA,PTCRB
Portugal,Guifoes,SEA,PTGIF
Portugal,Machico,SEA,PTMCH
Portugal,Madalena,SEA,PTMDP
Portugal,Nordeste,SEA,PTNRD
Portugal,Porto da Cruz,SEA,PTPCZ
Portugal,Porto Moniz,SEA,PTPMZ
Portugal,Pomarao,SEA,PTPOM
Portugal,Povoacao,SEA,PTPVC
Portugal,Quarteira,SEA,PTQRT
Portugal,Sao Martinho do Porto,SEA,PTSMO
Portugal,Sesimbra,SEA,PTSSB
Portugal,Topo,SEA,PTTPO
Portugal,Varzea do Douro,SEA,PTVAR
Portugal,Vila Franca do Campo,SEA,PTVFC
Romania,Agigea,SEA,ROAGI
Romania,Basarabi,SEA,ROBAB
Romania,Bazias,SEA,ROBZI
Romania,Bechet,SEA,ROBCT
Romania,Beclean,SEA,ROBCN
Romania,Bezdead,SEA,ROBEZ
Romania,Calafat,SEA,ROCAF
Romania,Calarasi,SEA,ROCAS
Romania,Cernavoda,SEA,ROCEV
Romania,Constanta,SEA,ROCND
Romania,Corabia,SEA,ROCOB
Romania,Cristuru Secuiesc,SEA,ROCTS
Romania,Drobeta-Turnu Severin,SEA,RODTS
Romania,Eforie Sud,SEA,ROEFS
Romania,Fetesti,SEA,ROFET
Romania,Galati,SEA,ROGAL
Romania,Giurgiu,SEA,ROGRG
Romania,Gruiu,SEA,ROGUU
Romania,Harsova,SEA,RORVA
Romania,Hodac,SEA,ROHDC
Romania,Isaccea,SEA,ROISC
Romania,Jaristea,SEA,ROJRT
Romania,Livezeni,SEA,RO5LI
Romania,Mangalia,SEA,ROMAG
Romania,Medgidia,SEA,ROMED
Romania,Midia,SEA,ROMID
Romania,Navodari,SEA,RONDI
Romania,Oltenita,SEA,ROOLT
Romania,Orsova,SEA,ROORV
Romania,Prelipca,SEA,ROPPC
Romania,Rosia Montana,SEA,RORNN
Romania,Sulina (Port et Zone Franche),SEA,ROSUL
Romania,Tulcea,SEA,ROTCE
Romania,Tureni,SEA,ROTR5
Romania,Turnu Magurele,SEA,ROTUM
Romania,Vanatori Neamt,SEA,ROVTR
Romania,Zimnicea,SEA,ROZIC
Romania,Chilia Veche,SEA,ROCHL
Romania,Chiscani,SEA,ROCHN
Romania,Halchiu,SEA,ROHAU
Romania,Luminita,SEA,ROLUM
Romania,Macin,SEA,ROMAC
Romania,Mahmudia,SEA,ROMAH
Romania,Magureni,SEA,ROMGU
Romania,Ojdula,SEA,ROOJD
Romania,Ovidiu,SEA,ROOVI
Romania,Poarta Alba,SEA,ROPAL
Romania,Paulesti,SEA,ROPAU
Romania,Pielesti,SEA,ROPES
Romania,Pietroasele,SEA,ROPSE
Romania,Petelea,SEA,ROPTA
Romania,Rediu,SEA,RORDE
Romania,Turturesti,SEA,ROTUT
Serbia,Apatin,SEA,RSAPT
Serbia,Backa Palanka,SEA,RSBPA
Serbia,Bezdam,SEA,RSBZD
Serbia,Bresnica,SEA,RS4SN
Serbia,Dimitrovgrad,SEA,RSDIM
Serbia,Dobanovci,SEA,RSDOB
Serbia,Gnjilane,SEA,RSGNJ
Serbia,Kursumlija,SEA,RSKMA
Serbia,Mesarci,SEA,RSMSD
Serbia,Prahovo,SEA,RSPHO
Serbia,Sremski Karlovci,SEA,RSSKA
Serbia,Veliko Gradiste,SEA,RSVGS
Serbia,Veternik,SEA,RSVS4
Serbia,Vranje,SEA,RSVRA
Russian Federation,Balozhi,SEA,RUZCA
Russian Federation,Bronka Port,SEA,RUBNK
Russian Federation,Gorskaya,SEA,RUGSA
Russian Federation,Kondopoga,SEA,RUKPA
Russian Federation,Kostomuksha,SEA,RUKMA
Russian Federation,Lomonosov,SEA,RUBRK
Russian Federation,Ozerko,SEA,RUOZK
Russian Federation,Pionerskiy,SEA,RUPNY
Russian Federation,Rzhev,SEA,RURZV
Russian Federation,Saint Petersburg (ex Leningrad),SEA,RULED
Russian Federation,Sestroretsk,SEA,RUSZZ
Russian Federation,Sovetsk,SEA,RUSSK
Russian Federation,Svetlyy,SEA,RUSTY
Russian Federation,Ura-Guba,SEA,RUURA
Russian Federation,Ust'-Luga,SEA,RUULU
Russian Federation,Vitino,SEA,RUVIT
Russian Federation,Vysotsk,SEA,RUVYS
Russian Federation,Yartsevo,SEA,RUYTS
Russian Federation,Baltiysk,SEA,RUBLT
Russian Federation,Kaliningrad,SEA,RUKGD
Russian Federation,Murmansk,SEA,RUMMK
Russian Federation,Svetlaya,SEA,RUSVE
Sweden,Agnesberg,SEA,SEAGB
Sweden,Ahus,SEA,SEAHU
Sweden,Ala,SEA,SEALA
Sweden,Alvangen,SEA,SEAGN
Sweden,Alvenas,SEA,SEALN
Sweden,Amal,SEA,SEAMA
Sweden,Ange,SEA,SEAGE
Sweden,Arboga,SEA,SEARA
Sweden,Balsta,SEA,SEBAA
Sweden,Barsebackshamn,SEA,SEBBH
Sweden,Berga Orlogsskolor,SEA,SEBGA
Sweden,Bergkvara,SEA,SEBEA
Sweden,Bergs oljehamn,SEA,SEBER
Sweden,Bjarred,SEA,SEBJR
Sweden,Bohus,SEA,SEBOH
Sweden,Bollstabruk,SEA,SEBOL
Sweden,Braviken,SEA,SEBVK
Sweden,Brofjorden,SEA,SEBRO
Sweden,Brunflo,SEA,SEBRU
Sweden,Djuron,SEA,SEDJN
Sweden,Drottningholm,SEA,SEDRT
Sweden,Elleholm,SEA,SEELL
Sweden,Ellos,SEA,SEELO
Sweden,Enkoping,SEA,SEENK
Sweden,Essvik,SEA,SEESS
Sweden,Falkenberg,SEA,SEFAG
Sweden,Farjestaden,SEA,SEFAR
Sweden,Flivik,SEA,SEFLI
Sweden,Forsmark,SEA,SEFOR
Sweden,Gamleby,SEA,SEGAM
Sweden,Gavle,SEA,SEGVX
Sweden,Glommen,SEA,SEGLM
Sweden,Gorsingeholm,SEA,SEGOR
Sweden,Gota,SEA,SEGOA
Sweden,Goteborg,SEA,SEGOT
Sweden,Grankullavik,SEA,SEGKV
Sweden,Grisslehamn,SEA,SEGRH
Sweden,Grono,SEA,SEGNR
Sweden,Gruvon,SEA,SEGRU
Sweden,Gustavsvik,SEA,SEGUS
Sweden,Gustavsvik/Stockholm,SEA,SEGKS
Sweden,Hackas,SEA,SEHAC
Sweden,Hallstavik,SEA,SEHAK
Sweden,Halmstad,SEA,SEHAD
Sweden,Hammar,SEA,SEHMR
Sweden,Hargshamn,SEA,SEHAN
Sweden,Harnosand,SEA,SEHND
Sweden,Hasselbyverket/Stockholm,SEA,SEHBV
Sweden,Heestrand,SEA,SEHST
Sweden,Hoganas,SEA,SEHOG
Sweden,Honsater,SEA,SEHON
Sweden,Hornefors,SEA,SEHNF
Sweden,Hudiksvall,SEA,SEHUV
Sweden,Husum,SEA,SEHUS
Sweden,Iggesund,SEA,SEIGG
Sweden,Jarfalla,SEA,SEJAR
Sweden,Jorlanda,SEA,SEJNA
Sweden,Kagghamra,SEA,SEKGG
Sweden,Kalmar,SEA,SEKLR
Sweden,Kalmarsand,SEA,SEKAL
Sweden,Kalvik,SEA,SEKVK
Sweden,Kapellskar,SEA,SEKPS
Sweden,Kappelshamn,SEA,SEKPH
Sweden,Karehamn,SEA,SEKRH
Sweden,Karlholmsbruk,SEA,SEKBK
Sweden,Karlsborg Axelvik,SEA,SEKXV
Sweden,Karlshamn,SEA,SEKAN
Sweden,Karlskrona,SEA,SEKAA
Sweden,Karlstad,SEA,SEKSD
Sweden,Karskar,SEA,SEKAS
Sweden,Kladesholmen,SEA,SEKLD
Sweden,Klagshamn,SEA,SEKGM
Sweden,Klavrestrom,SEA,SEKLA
Sweden,Klintehamn,SEA,SEKLI
Sweden,Koping,SEA,SEKOG
Sweden,Kopmanholmen,SEA,SEKMH
Sweden,Kramfors,SEA,SEKRF
Sweden,Kristinehamn,SEA,SEKHN
Sweden,Kungsbacka,SEA,SEKUA
Sweden,Kungshamn,SEA,SEKUN
Sweden,Kungsor,SEA,SEKGR
Sweden,Kyrkesund,SEA,SEKKS
Sweden,Landskrona,SEA,SELAA
Sweden,Landvetter,SEA,SELAV
Sweden,Lidkoping,SEA,SELDK
Sweden,Lilla Edet,SEA,SELED
Sweden,Limhamn,SEA,SELIM
Sweden,Linanas,SEA,SELIS
Sweden,Ljungsarp,SEA,SELJP
Sweden,Ljusne,SEA,SELJU
Sweden,Loddekopinge,SEA,SELOD
Sweden,Lodose,SEA,SELDO
Sweden,Loten,SEA,SELOT
Sweden,Lugnvik,SEA,SELUG
Sweden,Lulea,SEA,SELLA
Sweden,Lysekil,SEA,SELYS
Sweden,Malmo,SEA,SEMMA
Sweden,Mariestad,SEA,SEMAD
Sweden,Marstrand,SEA,SEMSD
Sweden,Marviken,SEA,SEMAV
Sweden,Molle,SEA,SEMLE
Sweden,Monsteras,SEA,SEMON
Sweden,Morbylanga,SEA,SEMOR
Sweden,Musko,SEA,SEMSK
Sweden,Nol (ports),SEA,SENOL
Sweden,Norastrom,SEA,SENST
Sweden,Nordmaling,SEA,SENOG
Sweden,Norrkoping,SEA,SENRK
Sweden,Norrsundet,SEA,SENOT
Sweden,Norrtalje,SEA,SENOE
Sweden,Nykoping,SEA,SENYO
Sweden,Nynashamn,SEA,SENYN
Sweden,On,SEA,SEOEN
Sweden,Ornskoldsvik,SEA,SEOER
Sweden,Ortviken,SEA,SEORT
Sweden,Oskarshamn,SEA,SEOSK
Sweden,Ostrand,SEA,SEOST
Sweden,Otterbacken,SEA,SEOTT
Sweden,Oxelosund,SEA,SEOXE
Sweden,Pataholm,SEA,SEPHM
Sweden,Pitea,SEA,SEPIT
Sweden,Ringhals,SEA,SERIN
Sweden,Ronehamn,SEA,SERNH
Sweden,Ronnang,SEA,SERNG
Sweden,Ronneby,SEA,SERNB
Sweden,Ronnebyhamn,SEA,SERBY
Sweden,Rundvik,SEA,SERUV
Sweden,Saffle,SEA,SESAF
Sweden,"Sandvik, Styrso",SEA,SESTR
Sweden,Sigtuna,SEA,SESGT
Sweden,Simpevarp,SEA,SESPP
Sweden,Simrishamn,SEA,SESIM
Sweden,Skagshamn,SEA,SESGM
Sweden,Skanor,SEA,SESNR
Sweden,Skarhamn,SEA,SESKM
Sweden,Skattkarr,SEA,SESKT
Sweden,Skelleftea,SEA,SESFT
Sweden,Skelleftehamn,SEA,SESKE
Sweden,Skoghall,SEA,SESKO
Sweden,Skutskar,SEA,SESSR
Sweden,Slite,SEA,SESLI
Sweden,Sodertalje,SEA,SESOE
Sweden,Solvesborg,SEA,SESOL
Sweden,Soraker,SEA,SESOR
Sweden,Stavsjo,SEA,SESTJ
Sweden,Stenungsund,SEA,SESTE
Sweden,Stigtomta,SEA,SESTG
Sweden,Stocka,SEA,SESTA
Sweden,Stockholm,SEA,SESTO
Sweden,Stockviksverken,SEA,SESTK
Sweden,Stora Vika,SEA,SESTV
Sweden,Storugns,SEA,SESUS
Sweden,Storuman,SEA,SESMN
Sweden,Stra,SEA,SEKAF
Sweden,Strangnas,SEA,SESTQ
Sweden,Stromstad,SEA,SESMD
Sweden,Studsvik,SEA,SESDS
Sweden,Stugsund,SEA,SESTU
Sweden,Sundsbruk,SEA,SESDK
Sweden,Sundsvall,SEA,SESDL
Sweden,Surte,SEA,SESUR
Sweden,Svanesund,SEA,SESND
Sweden,Tomtbod,SEA,SETTD
Sweden,Torshalla,SEA,SETOA
Sweden,Traslovslage,SEA,SETSL
Sweden,Trelleborg,SEA,SETRG
Sweden,Trollhattan,SEA,SETHN
Sweden,Tunadal,SEA,SETUN
Sweden,Uddevalla,SEA,SEUDD
Sweden,Umea,SEA,SEUME
Sweden,Underas,SEA,SEUND
Sweden,Uppsala,SEA,SEUPP
Sweden,Valberg,SEA,SEVAA
Sweden,Vallvik,SEA,SEVAL
Sweden,Vanersborg,SEA,SEVAN
Sweden,Varby,SEA,SEVRB
Sweden,Vargon,SEA,SEVGN
Sweden,Vasteras,SEA,SEVST
Sweden,Vastervik,SEA,SEVVK
Sweden,Vaxholm,SEA,SEVXH
Sweden,Visby,SEA,SEVBY
Sweden,Vrango,SEA,SEVGO
Sweden,Wallhamn,SEA,SEWAL
Sweden,Ystad,SEA,SEYST
Sweden,Abbekas,SEA,SEABB
Sweden,Angholmen,SEA,SEAHO
Sweden,Askholmen,SEA,SEAKH
Sweden,Ankarudden,SEA,SEAKN
Sweden,Almosund,SEA,SEALD
Sweden,Alvedsjo Bodar,SEA,SEALJ
Sweden,Alback,SEA,SEALK
Sweden,Aleklinta,SEA,SEALL
Sweden,Alabodarna,SEA,SEALR
Sweden,Alo,SEA,SEALX
Sweden,Angelsbacksstrand,SEA,SEAND
Sweden,Angehamn,SEA,SEANH
Sweden,Angskar,SEA,SEANR
Sweden,Arnas,SEA,SEANS
Sweden,"Aspo, Karlskrona",SEA,SEAPO
Sweden,Arbra,SEA,SEARB
Sweden,"Arnoviken, Arnon",SEA,SEARO
Sweden,Aspoja,SEA,SEASJ
Sweden,Aspnaset,SEA,SEASN
Sweden,Aspo,SEA,SEASO
Sweden,Aspero,SEA,SEASP
Sweden,Askeskar,SEA,SEASR
Sweden,Astol,SEA,SEATL
Sweden,Ava,SEA,SEAVA
Sweden,"Angeviken, Tjorn",SEA,SEAVN
Sweden,Balinge,SEA,SEBAI
Sweden,Baskemolla,SEA,SEBAK
Sweden,Bankasviken,SEA,SEBAN
Sweden,Balson,SEA,SEBAO
Sweden,Batviken,SEA,SEBAV
Sweden,Backby,SEA,SEBAY
Sweden,Bensbyn,SEA,SEBEB
Sweden,"Berg, Moja",SEA,SEBEG
Sweden,"Brevik, Nykoping",SEA,SEBEK
Sweden,Berghamn,SEA,SEBEN
Sweden,Beddinge Strand,SEA,SEBES
Sweden,"Brevik, Tyreso",SEA,SEBEV
Sweden,"Borgasund, Malaren",SEA,SEBGD
Sweden,Bogen,SEA,SEBGE
Sweden,Bergon,SEA,SEBGN
Sweden,Bonhamn,SEA,SEBHN
Sweden,Billhamn,SEA,SEBIN
Sweden,Biskopso,SEA,SEBIO
Sweden,Bjuroklubb,SEA,SEBJB
Sweden,Bjorholmen,SEA,SEBJH
Sweden,Bjorkskar,SEA,SEBJO
Sweden,Bjuroskaten,SEA,SEBJS
Sweden,Bokenas,SEA,SEBKA
Sweden,Bokevik,SEA,SEBKK
Sweden,Bjorkkobben,SEA,SEBKO
Sweden,Bjorkoviken,SEA,SEBKV
Sweden,Blasinge,SEA,SEBLI
Sweden,Bleket,SEA,SEBLT
Sweden,Bohus-Malmon,SEA,SEBML
Sweden,Bondhamn,SEA,SEBNM
Sweden,Bonan,SEA,SEBNN
Sweden,Brantevik,SEA,SEBNT
Sweden,Borka,SEA,SEBOA
Sweden,Bohus-Bjorko,SEA,SEBOB
Sweden,Boste,SEA,SEBOE
Sweden,Boko,SEA,SEBOK
Sweden,Borgholm,SEA,SEBOM
Sweden,Borstahusen,SEA,SEBOU
Sweden,Bromsebro,SEA,SEBRB
Sweden,"Brevik, Tanum",SEA,SEBRI
Sweden,Bramo Kalv,SEA,SEBRK
Sweden,"Brevik, Lyr",SEA,SEBRL
Sweden,Branno,SEA,SEBRN
Sweden,Brunskar,SEA,SEBRR
Sweden,"Levar, Bredvik",SEA,SEBRV
Sweden,Berga Strand,SEA,SEBSD
Sweden,Blase,SEA,SEBSE
Sweden,"Bredavik, Sturko",SEA,SEBSO
Sweden,Barsviken,SEA,SEBSV
Sweden,Bratton,SEA,SEBTT
Sweden,Batvik,SEA,SEBTV
Sweden,Bua,SEA,SEBUA
Sweden,Budskar,SEA,SEBUD
Sweden,Bungenas,SEA,SEBUS
Sweden,Botvaldevik,SEA,SEBVL
Sweden,Bygdea,SEA,SEBYA
Sweden,Byske,SEA,SEBYE
Sweden,Bylehamn,SEA,SEBYH
Sweden,Dagsberg,SEA,SEDAB
Sweden,Dafto-Valo,SEA,SEDAV
Sweden,Degeron,SEA,SEDEO
Sweden,"Draget, Oskarshamn",SEA,SEDGT
Sweden,Djuped,SEA,SEDJE
Sweden,"Djupvik, Gotland",SEA,SEDJK
Sweden,Djuro,SEA,SEDJO
Sweden,Djursvik,SEA,SEDJR
Sweden,Djupekas,SEA,SEDJS
Sweden,"Djupvik, Soderhamn",SEA,SEDJV
Sweden,Djaupdy,SEA,SEDJY
Sweden,Domsten,SEA,SEDOS
Sweden,Dyngo,SEA,SEDYO
Sweden,Dyron,SEA,SEDYR
Sweden,Edsvik,SEA,SEEDK
Sweden,Edshultshall,SEA,SEEDL
Sweden,Egelprang,SEA,SEEGP
Sweden,Ekenas,SEA,SEEKA
Sweden,"Eko, Karlshamn",SEA,SEEKK
Sweden,"Ekenas, Senoren",SEA,SEEKN
Sweden,"Eko, Vastervik",SEA,SEEKO
Sweden,Ekeviken,SEA,SEEKV
Sweden,Engesberg,SEA,SEENG
Sweden,Eriksberg,SEA,SEERB
Sweden,Eriksdal,SEA,SEERD
Sweden,Eskon,SEA,SEESK
Sweden,"Ekenabben, Sturko",SEA,SEESO
Sweden,Fallvikshamnen,SEA,SEFAH
Sweden,Falkahagen,SEA,SEFAL
Sweden,Fango,SEA,SEFAO
Sweden,Fagelsundet,SEA,SEFAT
Sweden,Faludden,SEA,SEFAU
Sweden,Fejan,SEA,SEFEJ
Sweden,Fagelharen,SEA,SEFGH
Sweden,Fagelmara,SEA,SEFGL
Sweden,Fagelviken,SEA,SEFGV
Sweden,Figeholm,SEA,SEFIG
Sweden,Filipstad,SEA,SEFIL
Sweden,Fisketangen,SEA,SEFIT
Sweden,Fjale,SEA,SEFJE
Sweden,Fjardlang,SEA,SEFJG
Sweden,Flatholmen,SEA,SEFLA
Sweden,Flaton,SEA,SEFLN
Sweden,Falon,SEA,SEFLO
Sweden,Flatvarp,SEA,SEFLP
Sweden,Flunting,SEA,SEFLU
Sweden,Foto,SEA,SEFOT
Sweden,Frano,SEA,SEFRA
Sweden,Fortuna,SEA,SEFRT
Sweden,Falsterbokanal,SEA,SEFSK
Sweden,Furusund,SEA,SEFUD
Sweden,Furo,SEA,SEFUN
Sweden,Furumon,SEA,SEFUR
Sweden,Furuvik,SEA,SEFUV
Sweden,Fyrudden,SEA,SEFYR
Sweden,Gardby,SEA,SEGAB
Sweden,Gasholma,SEA,SEGAH
Sweden,Galtaback,SEA,SEGAK
Sweden,Garnanas,SEA,SEGAN
Sweden,Gaso,SEA,SEGAO
Sweden,Gammellandet,SEA,SEGAT
Sweden,Gansvik,SEA,SEGAV
Sweden,Graddo,SEA,SEGDD
Sweden,Gardskar,SEA,SEGDK
Sweden,Gardslosa,SEA,SEGDL
Sweden,Grundarden,SEA,SEGDN
Sweden,Gladaviken,SEA,SEGDV
Sweden,Geta,SEA,SEGEA
Sweden,Gerlesborg,SEA,SEGEG
Sweden,Getteron,SEA,SEGEN
Sweden,Getskar,SEA,SEGER
Sweden,Gumboda Hamn,SEA,SEGHN
Sweden,"Garpahamnen, Hasslo",SEA,SEGHO
Sweden,Gillinge,SEA,SEGIE
Sweden,Gislovs Lage,SEA,SEGIL
Sweden,Galtholmen,SEA,SEGLL
Sweden,Glommen,SEA,SEGLN
Sweden,Galto,SEA,SEGLT
Sweden,Gronhogen,SEA,SEGNG
Sweden,Gnisvard,SEA,SEGNI
Sweden,Gropahalet,SEA,SEGOH
Sweden,Grondal,SEA,SEGON
Sweden,Groto,SEA,SEGOO
Sweden,Go,SEA,SEGOX
Sweden,Grasgard,SEA,SEGRG
Sweden,Grundemar,SEA,SEGRR
Sweden,Grimsholmen,SEA,SEGSH
Sweden,Grasmaro,SEA,SEGSM
Sweden,Gardsholmen,SEA,SEGSN
Sweden,Gronskar,SEA,SEGSR
Sweden,Grisslan,SEA,SEGSS
Sweden,Gottskar,SEA,SEGTT
Sweden,Gumhamn,SEA,SEGUA
Sweden,Gudinge,SEA,SEGUE
Sweden,Gullnasholmen,SEA,SEGUH
Sweden,Gullholmen,SEA,SEGUL
Sweden,Grotvik,SEA,SEGVK
Sweden,Gyon,SEA,SEGYO
Sweden,Harte,SEA,SEHAE
Sweden,Hamno,SEA,SEHAM
Sweden,Hano,SEA,SEHAO
Sweden,Handelop,SEA,SEHAP
Sweden,Hartso,SEA,SEHAT
Sweden,Haglundstorp,SEA,SEHAU
Sweden,Hagby,SEA,SEHAY
Sweden,Hamburgsund,SEA,SEHBG
Sweden,Haback,SEA,SEHBK
Sweden,Hamburgon,SEA,SEHBO
Sweden,Havdhem,SEA,SEHDH
Sweden,Herrvik,SEA,SEHEK
Sweden,Helsingborg,SEA,SEHEL
Sweden,Henan,SEA,SEHEN
Sweden,Hemso,SEA,SEHEO
Sweden,Helgo,SEA,SEHGO
Sweden,Haggvik,SEA,SEHGV
Sweden,"Heden, Hono",SEA,SEHHE
Sweden,"Hallahamnen, Hasslo",SEA,SEHHO
Sweden,Hanhals,SEA,SEHHS
Sweden,Hallshuk,SEA,SEHHU
Sweden,Hinderson,SEA,SEHIO
Sweden,Hjortronkobb,SEA,SEHJK
Sweden,Hjalmvik,SEA,SEHJL
Sweden,Haljarod,SEA,SEHJR
Sweden,Hjarteron,SEA,SEHJT
Sweden,Hjuvik,SEA,SEHJU
Sweden,"Klava, Hono",SEA,SEHKL
Sweden,Hasko,SEA,SEHKO
Sweden,Harkskar,SEA,SEHKS
Sweden,Halsback,SEA,SEHLB
Sweden,Hasslo,SEA,SEHLE
Sweden,Hollviksnas,SEA,SEHLK
Sweden,Holmon,SEA,SEHLM
Sweden,Hallevik,SEA,SEHLV
Sweden,Harmanger,SEA,SEHMA
Sweden,Holma,SEA,SEHOM
Sweden,"Hoganas, Oskarshamn",SEA,SEHOS
Sweden,"Horte, Skane",SEA,SEHOT
Sweden,Horso-Lango,SEA,SEHRL
Sweden,Harstena,SEA,SEHSA
Sweden,Hastholmen,SEA,SEHSH
Sweden,Hasselo,SEA,SEHSL
Sweden,Halso,SEA,SEHSO
Sweden,Hastskar,SEA,SEHSS
Sweden,"Horte, Gotland",SEA,SEHTE
Sweden,Hastvom,SEA,SEHTV
Sweden,Hummelvik,SEA,SEHUK
Sweden,Hultungs,SEA,SEHUL
Sweden,Humlegardsstrand,SEA,SEHUM
Sweden,Horvik,SEA,SEHVK
Sweden,Hoviksnas,SEA,SEHVN
Sweden,Hallevikstrand,SEA,SEHVS
Sweden,Hovenaset,SEA,SEHVT
Sweden,Ido,SEA,SEIDO
Sweden,Iggon,SEA,SEIGN
Sweden,"Iggon, Saljemar",SEA,SEIGO
Sweden,Inlangan,SEA,SEINN
Sweden,Ingmarso,SEA,SEINO
Sweden,Ingerod,SEA,SEINR
Sweden,Ivarsboda,SEA,SEIVA
Sweden,Jarflotta,SEA,SEJAA
Sweden,Jarnasklubb,SEA,SEJAB
Sweden,Jarstad,SEA,SEJAD
Sweden,"Jarna ,Vanern",SEA,SEJAN
Sweden,Jarsjo,SEA,SEJAS
Sweden,Junibosand,SEA,SEJBD
Sweden,Junkon,SEA,SEJNK
Sweden,Jordo,SEA,SEJOD
Sweden,Joggeso,SEA,SEJOG
Sweden,Jonsberg,SEA,SEJOS
Sweden,Jarso,SEA,SEJSO
Sweden,Juniskar,SEA,SEJUS
Sweden,Jutholmen,SEA,SEJUT
Sweden,Kaseberga,SEA,SEKAB
Sweden,Kallahamn,SEA,SEKAH
Sweden,Kampinge,SEA,SEKAP
Sweden,Karingon,SEA,SEKAR
Sweden,Kapelludden,SEA,SEKAU
Sweden,Kallviken,SEA,SEKAV
Sweden,Karlsborgsverken,SEA,SEKBN
Sweden,Kiddon,SEA,SEKDD
Sweden,Karakas,SEA,SEKKA
Sweden,Krokstrand,SEA,SEKKD
Sweden,Kallo-Knippla,SEA,SEKKN
Sweden,Kallskar,SEA,SEKKR
Sweden,Karlskrona-Salto,SEA,SEKKT
Sweden,Klacksorarna,SEA,SEKLC
Sweden,Killingsholmen,SEA,SEKLG
Sweden,"Lovsele, Kallviken",SEA,SEKLK
Sweden,Kalmar-Ango,SEA,SEKLM
Sweden,Kalvhararna,SEA,SEKLN
Sweden,St Kallskar,SEA,SEKLS
Sweden,Klatta,SEA,SEKLT
Sweden,Klungsten,SEA,SEKLU
Sweden,Kangson,SEA,SEKNG
Sweden,Knippla,SEA,SEKNI
Sweden,Knoso,SEA,SEKNO
Sweden,Kolboda,SEA,SEKOD
Sweden,Korshamn,SEA,SEKOH
Sweden,Kopingsvik,SEA,SEKOV
Sweden,Kampersvik,SEA,SEKPK
Sweden,Krako Hamn,SEA,SEKRA
Sweden,Kraken,SEA,SEKRE
Sweden,Kristianopel,SEA,SEKRL
Sweden,Krakmaro,SEA,SEKRM
Sweden,Krokas,SEA,SEKRS
Sweden,Krossholmen,SEA,SEKSH
Sweden,Kasholmen,SEA,SEKSM
Sweden,Kallso,SEA,SEKSO
Sweden,Krossekarr,SEA,SEKSS
Sweden,Kattilo,SEA,SEKTO
Sweden,Kuggeboda,SEA,SEKUG
Sweden,Kullen,SEA,SEKUL
Sweden,Kuggoren,SEA,SEKUO
Sweden,Kungsviken,SEA,SEKUS
Sweden,Kungalv,SEA,SEKUV
Sweden,"Klaven, Morrum",SEA,SEKVE
Sweden,Kvarsebo,SEA,SEKVO
Sweden,Kvarnviken,SEA,SEKVR
Sweden,Kalvsund,SEA,SEKVS
Sweden,Kalix-Nyborg,SEA,SEKXN
Sweden,Kyls Strand,SEA,SEKYL
Sweden,"Kyrkbacken, Ven",SEA,SEKYV
Sweden,Lakback,SEA,SELAB
Sweden,Lacka,SEA,SELAC
Sweden,Langsand,SEA,SELAD
Sweden,"Lango, Kungalv",SEA,SELAG
Sweden,Langvik,SEA,SELAK
Sweden,Lappviken,SEA,SELAP
Sweden,Langesjo,SEA,SELAS
Sweden,Landsort,SEA,SELAT
Sweden,Lauterhorn,SEA,SELAU
Sweden,Lorudden,SEA,SELDD
Sweden,Lervik,SEA,SELEI
Sweden,Lerkil,SEA,SELEL
Sweden,Lerberget,SEA,SELET
Sweden,Lergrav,SEA,SELEV
Sweden,Langedrag,SEA,SELGD
Sweden,Langgarn,SEA,SELGG
Sweden,"Lango, S Vastervik",SEA,SELGV
Sweden,Lilla Hammar,SEA,SELHA
Sweden,Lilla Hummelvik,SEA,SELHU
Sweden,Lickershamn,SEA,SELIC
Sweden,Lindholmen,SEA,SELIH
Sweden,Ljungskile,SEA,SELJE
Sweden,Ljugarn,SEA,SELJN
Sweden,Lorby Kladd,SEA,SELKD
Sweden,Lilla Korno,SEA,SELKO
Sweden,Lunneviken,SEA,SELNE
Sweden,Lonnangersfjarden,SEA,SELNF
Sweden,Lonnanger,SEA,SELNN
Sweden,Langon,SEA,SELNO
Sweden,Lilla Nassa,SEA,SELNS
Sweden,Loka,SEA,SELOA
Sweden,Logdea,SEA,SELOG
Sweden,Lovsele Hamn,SEA,SELOH
Sweden,Loparo,SEA,SELOO
Sweden,Lorby,SEA,SELOR
Sweden,Lovskar,SEA,SELOS
Sweden,Lovgrundet,SEA,SELOV
Sweden,Lilla Risten,SEA,SELRN
Sweden,Liso,SEA,SELSO
Sweden,Lottorp,SEA,SELTT
Sweden,Lilla Uttervik,SEA,SELUK
Sweden,Lovholmen,SEA,SELUN
Sweden,Langviken,SEA,SELVI
Sweden,Lavon,SEA,SELVN
Sweden,Lovo,SEA,SELVO
Sweden,Laxvik,SEA,SELXV
Sweden,"Essvik, Gullmarsfjorden",SEA,SELYE
Sweden,Lyckorna,SEA,SELYK
Sweden,"Lyresten, Orust",SEA,SELYR
Sweden,Malby,SEA,SEMAB
Sweden,Maraker,SEA,SEMAK
Sweden,Maglehem,SEA,SEMAM
Sweden,"Marso, Vastervik",SEA,SEMAO
Sweden,Magnarp Strand,SEA,SEMAS
Sweden,Mellanfjarden,SEA,SEMEN
Sweden,Marahamn,SEA,SEMHN
Sweden,Mjorn,SEA,SEMJN
Sweden,Mjallomsviken,SEA,SEMJV
Sweden,Morko,SEA,SEMKO
Sweden,Malma,SEA,SEMLA
Sweden,"Norra Malmo, Vastervik",SEA,SEMLM
Sweden,Monelid,SEA,SEMOD
Sweden,Mossby,SEA,SEMOS
Sweden,"Marso, Nykoping",SEA,SEMSO
Sweden,Mattjal,SEA,SEMTT
Sweden,Munksund,SEA,SEMUN
Sweden,Muso,SEA,SEMUS
Sweden,Nabbelund,SEA,SENAD
Sweden,Naske,SEA,SENAE
Sweden,Namdo,SEA,SENAO
Sweden,Narshamn,SEA,SENAR
Sweden,Naset,SEA,SENAT
Sweden,Norrbyn,SEA,SENBY
Sweden,Sanda,SEA,SENDA
Sweden,Norra Finno,SEA,SENFI
Sweden,"Norrfjarden, Gavleborg",SEA,SENFJ
Sweden,"Norrfjarden, Savar",SEA,SENFN
Sweden,Norra Grundsund,SEA,SENGR
Sweden,Nikkala,SEA,SENIA
Sweden,Nidingen,SEA,SENIN
Sweden,Norra Lagno,SEA,SENLO
Sweden,Norra Marso,SEA,SENMA
Sweden,Norra Nas,SEA,SENNS
Sweden,Norrebro,SEA,SENOB
Sweden,Nogersund,SEA,SENOD
Sweden,"Norrfjarden, Pitea",SEA,SENOF
Sweden,Nothamn,SEA,SENOH
Sweden,Nord-Koster,SEA,SENOK
Sweden,Norrfallsviken,SEA,SENON
Sweden,Norrbyskar,SEA,SENOR
Sweden,Norje,SEA,SENRJ
Sweden,Norvik,SEA,SENRR
Sweden,Navelso,SEA,SENVL
Sweden,Nordviksstrand,SEA,SENVS
Sweden,Nyhamnslage,SEA,SENYE
Sweden,Nynas,SEA,SENYS
Sweden,Oddo,SEA,SEODD
Sweden,Ostra Ekno,SEA,SEOEO
Sweden,Okno,SEA,SEOKO
Sweden,Ostra Lagno,SEA,SEOLA
Sweden,Onnered,SEA,SEONN
Sweden,Ornahusen,SEA,SEORH
Sweden,"O Rorvik, Abyfjorden",SEA,SEORI
Sweden,Ormon,SEA,SEORM
Sweden,Orn,SEA,SEORN
Sweden,Orno,SEA,SEORO
Sweden,Oro,SEA,SEORX
Sweden,"Osternas, Senoren",SEA,SEOSN
Sweden,Oston,SEA,SEOTN
Sweden,Otteron,SEA,SEOTO
Sweden,Ostra Torp,SEA,SEOTP
Sweden,Ostra Torso,SEA,SEOTR
Sweden,Overboda,SEA,SEOVA
Sweden,Oxviken,SEA,SEOXN
Sweden,Oxevik,SEA,SEOXV
Sweden,Palmelund,SEA,SEPAD
Sweden,Palange,SEA,SEPAL
Sweden,Pitsund,SEA,SEPIS
Sweden,Prastgrundet,SEA,SEPRG
Sweden,Prasthushamn,SEA,SEPRH
Sweden,Raneberg,SEA,SERAB
Sweden,Ranea,SEA,SERAE
Sweden,Rassohamn,SEA,SERAH
Sweden,Ragardsvik,SEA,SERAK
Sweden,Rao,SEA,SERAO
Sweden,Ravsnas,SEA,SERAS
Sweden,Resaro,SEA,SEREA
Sweden,Rekekroken,SEA,SEREK
Sweden,Renholmen,SEA,SEREN
Sweden,Renohamn,SEA,SEREO
Sweden,Reso,SEA,SERES
Sweden,Rago,SEA,SERGO
Sweden,Risbole,SEA,SERIB
Sweden,Risogrund,SEA,SERIG
Sweden,Ringso,SEA,SERIO
Sweden,Riso,SEA,SERIS
Sweden,Rodloga,SEA,SEROA
Sweden,"Munkvik, Rodloga",SEA,SEROD
Sweden,Rodaholme,SEA,SEROH
Sweden,Rorback,SEA,SEROK
Sweden,Roro,SEA,SEROO
Sweden,Rorvik,SEA,SERRV
Sweden,Rora Strand,SEA,SERSD
Sweden,Ramsmora,SEA,SERSM
Sweden,Ramso,SEA,SERSO
Sweden,Rasso,SEA,SERSS
Sweden,Restenas,SEA,SERTN
Sweden,Runno,SEA,SERUO
Sweden,Rovogern,SEA,SERVG
Sweden,Ryssby,SEA,SERYS
Sweden,Sallebacka,SEA,SESAB
Sweden,"Sandby, Oland",SEA,SESAD
Sweden,Sangis,SEA,SESAG
Sweden,"Sandhamn, Karlskrona",SEA,SESAH
Sweden,Saivis,SEA,SESAI
Sweden,Skallahamn,SEA,SESAM
Sweden,Saltaro,SEA,SESAO
Sweden,Salto,SEA,SESAT
Sweden,Savsundet,SEA,SESAU
Sweden,"Sandviken, Braviken",SEA,SESAV
Sweden,Saxemara,SEA,SESAX
Sweden,Sjalbottna,SEA,SESBA
Sweden,Saltsjo-Boo,SEA,SESBB
Sweden,Sodra Bergfors,SEA,SESBE
Sweden,Stocka,SEA,SESCA
Sweden,Stockevik,SEA,SESCK
Sweden,"Svedudden, Vattern",SEA,SESDD
Sweden,"Strand, Graso",SEA,SESDG
Sweden,"Sandhamn, Varmdo",SEA,SESDM
Sweden,Sandon,SEA,SESDN
Sweden,Slado,SEA,SESDO
Sweden,"Sandvik, Oland",SEA,SESDV
Sweden,Svedala,SEA,SESEA
Sweden,Selater,SEA,SESEL
Sweden,Senoren,SEA,SESEN
Sweden,"Stensjo, Steninge",SEA,SESEO
Sweden,Stora Overon,SEA,SESER
Sweden,Sodra Finno,SEA,SESFO
Sweden,Skogsholmen,SEA,SESGH
Sweden,Stora Grindo,SEA,SESGI
Sweden,Sagtakten,SEA,SESGK
Sweden,Skaggenas,SEA,SESGN
Sweden,Sorgraven,SEA,SESGR
Sweden,Stadsholmen,SEA,SESHN
Sweden,Skateholm,SEA,SESHO
Sweden,Sikhjalma,SEA,SESIA
Sweden,Sillviken,SEA,SESIL
Sweden,Singo,SEA,SESIO
Sweden,Siknas,SEA,SESIS
Sweden,Sikvik,SEA,SESIV
Sweden,Storjungfrun,SEA,SESJN
Sweden,Sjaustru,SEA,SESJU
Sweden,Skapesund,SEA,SESKD
Sweden,Skeppsmalen,SEA,SESKP
Sweden,Sladdaro,SEA,SESLA
Sweden,Skalderviken,SEA,SESLD
Sweden,Skillinge,SEA,SESLE
Sweden,Saltholmen,SEA,SESLH
Sweden,Skalvik,SEA,SESLK
Sweden,Slottet,SEA,SESLO
Sweden,Skalso,SEA,SESLS
Sweden,Slussen,SEA,SESLU
Sweden,"Saltvik, Oskarshamn",SEA,SESLV
Sweden,Smarholmen,SEA,SESMH
Sweden,Sodra Marso,SEA,SESMR
Sweden,Simpevarp,SEA,SESMV
Sweden,Smygehamn,SEA,SESMY
Sweden,Stenshuvud,SEA,SESNH
Sweden,Stenso,SEA,SESNO
Sweden,Skenas,SEA,SESNS
Sweden,Stenvik,SEA,SESNV
Sweden,Soderboda,SEA,SESOB
Sweden,Soron,SEA,SESOC
Sweden,Sorfjarden,SEA,SESOF
Sweden,Soderkoping,SEA,SESOG
Sweden,Solumshamn,SEA,SESOH
Sweden,Store-Snart,SEA,SESOS
Sweden,Spillersboda,SEA,SESPB
Sweden,"Spikarna, Alnon",SEA,SESPI
Sweden,Spjalko,SEA,SESPO
Sweden,Skeppsvik,SEA,SESPV
Sweden,Skare,SEA,SESRE
Sweden,Stora Korno,SEA,SESRK
Sweden,Sardal,SEA,SESRL
Sweden,Stora Risten,SEA,SESRN
Sweden,Storon,SEA,SESRO
Sweden,Snapparp,SEA,SESRP
Sweden,Stora Ror,SEA,SESRR
Sweden,Skarsa,SEA,SESRS
Sweden,Skaret,SEA,SESRT
Sweden,Skarlov,SEA,SESRV
Sweden,Stora Asko,SEA,SESSK
Sweden,Salskaren,SEA,SESSN
Sweden,Svartskaret,SEA,SESST
Sweden,Storbrandon,SEA,SESTB
Sweden,Stafsinge,SEA,SESTF
Sweden,Stallarholmen,SEA,SESTH
Sweden,Lulea-Stromoren,SEA,SESTM
Sweden,Statten,SEA,SESTT
Sweden,Saltarna,SEA,SESTX
Sweden,"Styrso, Stromstad",SEA,SESTY
Sweden,Sundbyberg,SEA,SESUG
Sweden,Stora Uttervik,SEA,SESUK
Sweden,Svanhalla,SEA,SESVH
Sweden,Svanshall,SEA,SESVL
Sweden,Sandviken,SEA,SESVN
Sweden,Svarto,SEA,SESVT
Sweden,Stavsudda,SEA,SESVU
Sweden,Svarta,SEA,SESVZ
Sweden,Sysne,SEA,SESYE
Sweden,Syd-Koster,SEA,SESYK
Sweden,Styrsvik,SEA,SESYV
Sweden,Taftea,SEA,SETAF
Sweden,Tallskar,SEA,SETAL
Sweden,Tarterviken,SEA,SETAR
Sweden,Tjocko,SEA,SETCK
Sweden,"Tynderosund, Aston",SEA,SETDS
Sweden,Tegelstrand,SEA,SETGL
Sweden,"Tangen, Styrso",SEA,SETGN
Sweden,Trutgrund,SEA,SETGT
Sweden,Tjarno,SEA,SETJA
Sweden,Tjornekalv,SEA,SETJK
Sweden,"Tjurko, Karlskrona",SEA,SETJR
Sweden,Tjuvkil,SEA,SETJU
Sweden,Torkelstorp,SEA,SETKT
Sweden,Timmernabben,SEA,SETMM
Sweden,Tranno,SEA,SETNN
Sweden,Torhamn,SEA,SETOH
Sweden,Tollas,SEA,SETOL
Sweden,Torro,SEA,SETOO
Sweden,Trollharen,SEA,SETRH
Sweden,Trensum,SEA,SETRM
Sweden,Tarno,SEA,SETRN
Sweden,Trolleboda,SEA,SETRO
Sweden,Trundon,SEA,SETRU
Sweden,Traesloevslaege,SEA,SETRV
Sweden,Trysunda,SEA,SETRY
Sweden,Tanumstrand,SEA,SETSD
Sweden,Trasko Storo,SEA,SETST
Sweden,Tumlehed,SEA,SETUH
Sweden,Tystberga,SEA,SETYA
Sweden,Tyndero,SEA,SETYD
Sweden,Tyrislot,SEA,SETYT
Sweden,Ulvohamn,SEA,SEULH
Sweden,Ulkehall,SEA,SEULK
Sweden,Ultra,SEA,SEULT
Sweden,Ungskar,SEA,SEUNR
Sweden,Upplandsbodarna,SEA,SEUPB
Sweden,"Stenshamn, Utlangan",SEA,SEUTL
Sweden,Utklippan,SEA,SEUTN
Sweden,Uto,SEA,SEUTO
Sweden,"Uttorp, Sturko",SEA,SEUTS
Sweden,Utvalnas,SEA,SEUTV
Sweden,Vastbacken,SEA,SEVAB
Sweden,Valje,SEA,SEVAE
Sweden,Varberg,SEA,SEVAG
Sweden,Valsnas,SEA,SEVAS
Sweden,Vanevik,SEA,SEVAV
Sweden,Vandburg,SEA,SEVDB
Sweden,Vedhall,SEA,SEVDH
Sweden,Vaderskar,SEA,SEVDK
Sweden,Vadet,SEA,SEVDT
Sweden,Vegeholm,SEA,SEVEH
Sweden,Vejbystrand,SEA,SEVEJ
Sweden,"Viken, Tanum",SEA,SEVEN
Sweden,Vastra Ekno,SEA,SEVEO
Sweden,Yttre Vattharet,SEA,SEVHT
Sweden,Vinbracka,SEA,SEVIB
Sweden,Videbergshamn,SEA,SEVID
Sweden,Villinge,SEA,SEVIE
Sweden,Vikhog,SEA,SEVIH
Sweden,"Valje, Solvesborg",SEA,SEVJE
Sweden,Vajern,SEA,SEVJR
Sweden,"Verko, Karlskrona",SEA,SEVKA
Sweden,Karlshamn-Vagga,SEA,SEVKL
Sweden,Vallda,SEA,SEVLL
Sweden,Vallo,SEA,SEVLO
Sweden,"Vettnet, Nord-Koster",SEA,SEVNK
Sweden,Varnanas,SEA,SEVNN
Sweden,Vino,SEA,SEVNO
Sweden,Vrango,SEA,SEVRN
Sweden,"Vrango, Soderkoping",SEA,SEVRO
Sweden,Vastra Nas,SEA,SEVSN
Sweden,Vanso,SEA,SEVSO
Sweden,Vastergarn,SEA,SEVSR
Sweden,Vitemolla,SEA,SEVTM
Sweden,Vasternas,SEA,SEVTN
Sweden,Vato,SEA,SEVTO
Sweden,Vitsgarn,SEA,SEVTS
Sweden,Ytterby,SEA,SEYTB
Sweden,Yttervik,SEA,SEYTK
Sweden,Ytteron,SEA,SEYTO
Sweden,Yxlan,SEA,SEYXN
Sweden,Yxlo,SEA,SEYXO
Slovenia,Dobrovo,SEA,SIDBO
Slovenia,Jesenice,SEA,SIJCE
Slovenia,Lukovica pri Domzalah,SEA,SISLV
Slovenia,Mala Nedelja,SEA,SISML
Slovenia,Rogasovci,SEA,SIROG
Slovenia,Secovlje,SEA,SISEC
Slovenia,Selca,SEA,SIS8L
Slovenia,Tolmin,SEA,SITOL
Slovenia,Trojane,SEA,SILU6
Slovenia,Vojnik,SEA,SIVOJ
Slovenia,Vransko,SEA,SIVRA
Slovenia,Vremski Britof,SEA,SIVB9
Slovenia,Vuhred,SEA,SIVUH
Slovenia,Zabnica,SEA,SIZAB
Slovenia,Zabukovje nad Sevnico,SEA,SIZBU
Slovenia,Zagorje ob Savi,SEA,SIZ42
Slovenia,Zagradec,SEA,SIZAG
Slovenia,Zavrc,SEA,SIZAV
Slovenia,Zdole,SEA,SIZDO
Slovenia,Zetale,SEA,SIZET
Slovenia,Zgornja Besnica,SEA,SIZGB
Slovenia,Zgornja Korena,SEA,SIZGK
Slovenia,Zgornja Loznica,SEA,SIZGL
Slovenia,Zgornja Polskava,SEA,SIZGP
Slovenia,Zgornja Velka,SEA,SIZGV
Slovenia,Zgornje Jezersko,SEA,SIZ95
Slovenia,Zgornji Jakobski Dol,SEA,SIXZA
Slovenia,Zgornji Leskovec,SEA,SIZ35
Slovenia,Zidani Most,SEA,SIZID
Slovenia,Zirovnica,SEA,SIZIR
Slovenia,Zuzemberk,SEA,SIZUZ
Slovenia,Port of Koper,SEA,SIKOP
Svalbard and Jan Mayen,Barentsburg,SEA,SJBAR
Svalbard and Jan Mayen,Longyearbyen,SEA,SJLYR
Svalbard and Jan Mayen,Ny-Alesund,SEA,SJNYA
Svalbard and Jan Mayen,Sveagruva,SEA,SJSVE
Slovakia,Dvorniky,SEA,SKDVO
Slovakia,Galanta,SEA,SKGLT
Slovakia,Kolarovo,SEA,SKKAO
Slovakia,Kvetoslavov,SEA,SKKVE
Slovakia,Mala Trna,SEA,SKXCV
Slovakia,Martovce,SEA,SKMAT
Slovakia,Mojmirovce,SEA,SKHIL
Slovakia,Poprad,SEA,SKPOP
Slovakia,Praha,SEA,SKPLB
Slovakia,Sady nad Torysou,SEA,SKK87
Slovakia,Siladice,SEA,SKSLK
Slovakia,Spissky Stiavnik,SEA,SKDF4
Slovakia,Teplicka nad Vahom,SEA,SKTEP
Slovakia,Tlmace,SEA,SKTLM
Slovakia,Trnava,SEA,SKTNA
Slovakia,Turcianske Teplice,SEA,SKTUT
Slovakia,Valaska,SEA,SKDXZ
Slovakia,Vel'ke Zlievce,SEA,SKVZK
Slovakia,Ziar nad Hronom,SEA,SKZIA
Slovakia,Bratislava Port,SEA,SKBAB
Slovakia,Modra,SEA,SKMOD
San Marino,Gualdicciolo,SEA,SMAQ8
Ukraine,Berdiansk,SEA,UAERD
Ukraine,Bilhorod-Dnistrovskyi,SEA,UABGD
Ukraine,Chornomorsk,SEA,UAILK
Ukraine,Izmail,SEA,UAIZM
Ukraine,Kherson,SEA,UAKHE
Ukraine,Kiliia,SEA,UAKIA
Ukraine,Mariupol,SEA,UAMPW
Ukraine,Mykolaiv,SEA,UANLV
Ukraine,Odesa,SEA,UAODS
Ukraine,Olviia,SEA,UAOCT
Ukraine,Pivdennyi,SEA,UAYUZ
Ukraine,Reni,SEA,UARNI
Ukraine,Skadovsk,SEA,UASKD
Ukraine,Svitlovodsk,SEA,UADSK
Ukraine,Ust-Dunaisk/Vylkove,SEA,UAUDY
Ukraine,Zaporizhzhia,SEA,UAZPR
Ukraine,Ochakiv,SEA,UAOCH
Ukraine,Vylkove,SEA,UAVYL
Gibraltar,Gibraltar,SEA,GIGIB
Angola,Baia dos Tigres,SEA,AOBDT
Angola,Gimboa,SEA,AOGIM
Angola,Girassol Terminal,SEA,AOGIR
Angola,Greater Plutonio,SEA,AOGPO
Angola,Noqui,SEA,AONQI
Angola,Baba,SEA,AOBAB
Angola,Barra do Dande,SEA,AOBDD
Angola,Cabinda,SEA,AOCAB
Angola,Capulo,SEA,AOCPO
Angola,Cuio,SEA,AOCUI
Angola,Dalia,SEA,AODAL
Angola,Dombe Grande,SEA,AODGR
Angola,Essungo Terminal,SEA,AOETN
Angola,Farta Bay,SEA,AOFBY
Angola,Futila Terminal,SEA,AOFLT
Angola,Kuito Terminal,SEA,AOKOT
Angola,Landana (Cacongo),SEA,AOLAA
Angola,Luanda,SEA,AOLAD
Angola,Lombo Terminal,SEA,AOLBT
Angola,Lobito,SEA,AOLOB
Angola,Lucira,SEA,AOLUC
Angola,Namibe,SEA,AOMSZ
Angola,N'Zeto (Ambrizete),SEA,AONTO
Angola,Porto Amboim,SEA,AOPBN
Angola,Porto Saco (Portosalazar),SEA,AOPSA
Angola,River Sao Nicolau,SEA,AORSN
Angola,Sazaire Terminal,SEA,AOSTL
Angola,Soyo,SEA,AOSZA
Burkina Faso,Ziniare,SEA,BFOB2
Burundi,Cibitoke,SEA,BICBK
Benin,Porto-Novo,SEA,BJPTN
Benin,Cotonou,SEA,BJCOO
Botswana,Dukwi,SEA,BWDUK
Botswana,Mahalapye,SEA,BWMAH
Congo,Boma,SEA,CDBOA
Congo,Matadi,SEA,CDMAT
Congo,Mossaka,SEA,CGMOS
Congo,Pointe Noire,SEA,CGPNR
CÃ´te d'Ivoire,Abidjan,SEA,CIABJ
CÃ´te d'Ivoire,Assinie-Mafia,SEA,CIASS
CÃ´te d'Ivoire,Baobab Terminal,SEA,CIBAO
CÃ´te d'Ivoire,Dabou,SEA,CIDAB
CÃ´te d'Ivoire,Fresco,SEA,CIFRE
CÃ´te d'Ivoire,Gbabam,SEA,CIGBA
CÃ´te d'Ivoire,Grand Lahou,SEA,CIGLU
CÃ´te d'Ivoire,Jacqueville,SEA,CIJAC
CÃ´te d'Ivoire,Port-Bouet,SEA,CIPBT
CÃ´te d'Ivoire,San-Pedro,SEA,CISPY
CÃ´te d'Ivoire,Espoir,SEA,CIESP
Cameroon,Garoua,SEA,CMGOU
Cameroon,Kumba,SEA,CMKUM
Cameroon,Limbe,SEA,CMLIM
Cameroon,Douala,SEA,CMDLA
Cameroon,Kribi,SEA,CMKBI
Cabo Verde,Mindelo,SEA,CVMIN
Cabo Verde,Porto Grande,SEA,CVGRA
Cabo Verde,Praia,SEA,CVRAI
Djibouti,Djibouti,SEA,DJPOD
Djibouti,Doraleh Container Terminal,SEA,DJDCT
Algeria,Alger (Algiers),SEA,DZALG
Algeria,Arzew,SEA,DZAZW
Algeria,Benisaf,SEA,DZBSF
Algeria,Bethioua,SEA,DZBHA
Algeria,Cherchell,SEA,DZCHE
Algeria,Collo,SEA,DZCOL
Algeria,Dellys,SEA,DZDEL
Algeria,Ghardaia,SEA,DZGHA
Algeria,Ghazaouet,SEA,DZGHZ
Algeria,Kherrata,SEA,DZKHE
Algeria,Oran Dry Port,SEA,DZ2ON
Algeria,Rouiba,SEA,DZROU
Algeria,Tenes,SEA,DZTEN
Algeria,Tlemcen,SEA,DZTLM
Algeria,Annaba (ex Bone),SEA,DZAAE
Algeria,Bejaia (ex Bougie),SEA,DZBJA
Algeria,Djen-Djen,SEA,DZDJE
Algeria,Mostaganem,SEA,DZMOS
Algeria,Oran,SEA,DZORN
Algeria,Skikda (ex Philippeville),SEA,DZSKI
Algeria,Skikda,SEA,DZSKK
Algeria,Tebessa,SEA,DZTBS
Egypt,Abu Zenimah,SEA,EGAZA
Egypt,Al Adabiyah,SEA,EGADA
Egypt,Al Jizah (Giza),SEA,EGAGZ
Egypt,Al Qusayr,SEA,EGAQU
Egypt,As Suways (Suez),SEA,EGSUZ
Egypt,Asyut,SEA,EGAST
Egypt,Atakka Dry Port,SEA,EGBGB
Egypt,Dumyat (Damietta),SEA,EGDAM
Egypt,El Iskandariya (Alexandria),SEA,EGALY
Egypt,El Qahira (Cairo),SEA,EGCAI
Egypt,El Tor,SEA,EGTOR
Egypt,El-Guna (El Gouna),SEA,EGGUA
Egypt,Fa'id,SEA,EGFAD
Egypt,Matruh,SEA,EGMUH
Egypt,Nasr City,SEA,EGQAH
Egypt,New Cairo,SEA,EGCA7
Egypt,Nuwaiba,SEA,EGNUW
Egypt,Port Said East,SEA,EGPSE
Egypt,Qalyub,SEA,EGQUB
Egypt,Rashid,SEA,EGPRA
Egypt,Sharm ash Shaykh,SEA,EGSSH
Egypt,Suez Canal,SEA,EGSCN
Egypt,Ain Sukhna,SEA,EGAIS
Egypt,El Beheirah,SEA,EGBEH
Egypt,Beni Suef,SEA,EGBEN
Egypt,Damietta,SEA,EGDMT
Egypt,El Dekheila,SEA,EGEDK
Egypt,An Nukhaylah,SEA,EGEEG
Egypt,Halaib,SEA,EGHAL
Egypt,Hamrawein,SEA,EGHAM
Egypt,Hurghada,SEA,EGHRG
Egypt,Idku,SEA,EGIKU
Egypt,Al Minya,SEA,EGMIN
Egypt,Port Said,SEA,EGPSD
Egypt,Port Said West,SEA,EGPSW
Egypt,Ras Budran,SEA,EGRAB
Egypt,Ras Sudr,SEA,EGRSU
Egypt,South Sinai (Ganoub Sinai),SEA,EGSIN
Egypt,Sakr Koreish,SEA,EGSKR
Egypt,Sokhna Port,SEA,EGSOK
Eritrea,Assab,SEA,ERASA
Eritrea,Massawa (Mitsiwa),SEA,ERMSW
Gabon,Libreville,SEA,GALBV
Gabon,Port Gentil,SEA,GAPOG
Gambia,Sukuta,SEA,GMSUK
Gambia,Banjul,SEA,GMBJL
Guinea,Dougoula,SEA,GNPMT
Guinea,Port de Boke,SEA,GNBRP
Guinea,Port-Kamsar,SEA,GNKMR
Guinea,Bel-Air,SEA,GNBEL
Guinea,Boffa,SEA,GNBFA
Guinea,Conakry,SEA,GNCKY
Guinea,Dubreka,SEA,GNDKA
Guinea,Dapilon,SEA,GNDPL
Guinea,Kamsar,SEA,GNKMC
Equatorial Guinea,Punta Europa Terminal,SEA,GQPET
Equatorial Guinea,Bata,SEA,GQBSG
Equatorial Guinea,Luba,SEA,GQLUB
Equatorial Guinea,Malabo,SEA,GQSSG
Guinea-Bissau,Bissau,SEA,GWOXB
Guinea-Bissau,Bolama,SEA,GWBOL
Guinea-Bissau,Bubaque,SEA,GWBQE
Guinea-Bissau,Cacheu,SEA,GWCAC
Guinea-Bissau,Canjaja,SEA,GWCJA
Guinea-Bissau,Farim,SEA,GWFAR
Kenya,Shimoni,SEA,KESMN
Kenya,Siaya,SEA,KESIA
Kenya,Port of Mombasa,SEA,KEMBA
Comoros,Anjouan Apt,SEA,KMAJN
Comoros,"Mutsamudu, Anjouan",SEA,KMMUT
Comoros,Moroni,SEA,KMYVA
Liberia,Harper,SEA,LRHAR
Liberia,Monrovia,SEA,LRMLW
Liberia,River Cess,SEA,LRRVC
Liberia,Robertsport,SEA,LRROX
Libya,Al Khums,SEA,LYKHO
Libya,As Sidr,SEA,LYESI
Libya,Az Zawiyah,SEA,LYZAW
Libya,Bardiyah,SEA,LYBAR
Libya,El Choms,SEA,LYELK
Libya,Bingazi (Benghazi),SEA,LYBEN
Libya,Darnah,SEA,LYDNF
Libya,Darnah,SEA,LYDRX
Libya,Marsa Brega,SEA,LYLMQ
Libya,Mellitah (Qasr Ahmed),SEA,LYMEL
Libya,Misurata,SEA,LYMRA
Libya,Tripoli,SEA,LYTIP
Libya,Tobruk,SEA,LYTOB
Morocco,Ait Melloul,SEA,MASMD
Morocco,Al Hoceima,SEA,MAAHU
Morocco,Anza,SEA,MAANZ
Morocco,Ar Rommani,SEA,MAD2V
Morocco,Bir-Jdid,SEA,MABJD
Morocco,Casablanca,SEA,MACAS
Morocco,El Jadida,SEA,MAELJ
Morocco,Essaouira,SEA,MAESS
Morocco,"Nouveau Port Safi, Sidi Boudenyan",SEA,MANPS
Morocco,Ras El Ma,SEA,MAREM
Morocco,Roches Noires,SEA,MARNA
Morocco,Sale,SEA,MASAL
Morocco,Souq Larb'A Al Gharb,SEA,MA6KN
Morocco,Tangier,SEA,MATNG
Morocco,Tetouan,SEA,MATTU
Morocco,Agadir,SEA,MAAGA
Morocco,Boujdour,SEA,MABUJ
Morocco,Nador,SEA,MANDR
Morocco,Tanger Med,SEA,MAPTM
Morocco,Skhirat,SEA,MAZSB
Madagascar,Ehoala,SEA,MGEHL
Madagascar,Nosy-Be,SEA,MGNOS
Madagascar,Antsiranana,SEA,MGDIE
Madagascar,Hell-Ville,SEA,MGHLV
Madagascar,Majunga (Mahajanga),SEA,MGMJN
Madagascar,Tulear (Toliara),SEA,MGTLE
Madagascar,Tamatave (Toamasina),SEA,MGTMM
Madagascar,Toamasina,SEA,MGTOA
Mauritania,Nouadhibou,SEA,MRNDB
Mauritania,Nouakchott,SEA,MRNKC
Mauritius,Albion,SEA,MUABN
Mauritius,Port Mathurin,SEA,MUPMA
Mauritius,Tamarin,SEA,MUTAM
Mauritius,Port Louis,SEA,MUPLU
Malawi,Chipoka,SEA,MWCPK
Malawi,Thyolo,SEA,MWTHY
Mozambique,Mocimboa da Praia,SEA,MZMZB
Mozambique,Beira,SEA,MZBEW
Mozambique,Nacala,SEA,MZMNC
Mozambique,Maputo,SEA,MZMPM
Mozambique,Pemba,SEA,MZPOL
Mozambique,Quelimane,SEA,MZUEL
Nambia,Luderitz,SEA,NALUD
Nigeria,Anambra,SEA,NGANB
Nigeria,Anta,SEA,NGANT
Nigeria,Antan,SEA,NGANA
Nigeria,Falomo,SEA,NGFLM
Nigeria,Ima,SEA,NGIMA
Nigeria,Katsina,SEA,NGKT7
Nigeria,Kirikakiri,SEA,NGKIR
Nigeria,Onne,SEA,NGONN
Nigeria,Sango Otta,SEA,NGSOT
Nigeria,Agbami,SEA,NGABM
Nigeria,Apapa,SEA,NGAPP
Nigeria,Ea Terminal,SEA,NGEAT
Nigeria,Erha Terminal,SEA,NGERT
Nigeria,Lekki,SEA,NGLKK
Nigeria,Lagos,SEA,NGLOS
Nigeria,Okono,SEA,NGOKN
Nigeria,Okwori,SEA,NGOKW
Nigeria,Oso,SEA,NGOSO
Nigeria,Oyo,SEA,NGOYO
Nigeria,Port Harcourt,SEA,NGPHC
Nigeria,Tincan/Lagos,SEA,NGTIN
Nigeria,Warri,SEA,NGWAR
"Reunion, France ",Le Port,SEA,RELPT
"Reunion, France ",Possession,SEA,REPOS
"Reunion, France ",Sainte-Suzanne,SEA,RESSZ
"Reunion, France ",Port de Pointe des Galets,SEA,REPDG
"Reunion, France ",Reunion,SEA,REREU
"Reunion, France ",Sainte-Rose,SEA,RERSE
"Reunion, France ",Saint-Denis,SEA,RERUN
"Reunion, France ",Saint-Paul,SEA,RESPL
Rwanda,Nyagatare,SEA,RWNSA
Rwanda,Rwamagana,SEA,RWRW4
Seychelles,Victoria,SEA,SCVIC
Seychelles,Mahe,SEA,SCMAW
Seychelles,Port Victoria,SEA,SCPOV
"Saint Helena, Ascension and Tristan da Cunha",Ascension,SEA,SHASC
"Saint Helena, Ascension and Tristan da Cunha",Rupert's Bay,SEA,SHRPT
Sierra Leone,Kissy,SEA,SLKSY
Sierra Leone,Freetown,SEA,SLFNA
Senegal,Saint Louis,SEA,SNXLS
Senegal,Dakar,SEA,SNDKR
Somalia,Giohar,SEA,SOGHR
Somalia,Berbera,SEA,SOBBO
Somalia,Kismayu,SEA,SOKMU
Somalia,Mogadishu,SEA,SOMGQ
Eswatini,Malkerns,SEA,SZMAL
Eswatini,Nhlangano,SEA,SZNHL
Eswatini,Sidvokodvo,SEA,SZ7DS
Togo,Aneho,SEA,TGANE
Togo,Lome,SEA,TGLFW
Tunisia,Al Hammamat,SEA,TNHMM
Tunisia,Al Marsa,SEA,TNTZE
Tunisia,Ariana,SEA,TNARI
Tunisia,Borj Cedria,SEA,TNBJC
Tunisia,Chebba,SEA,TNCHB
Tunisia,Gabes,SEA,TNGAE
Tunisia,Kebili,SEA,TNKEB
Tunisia,Ksibet el Mediouni,SEA,TNKEM
Tunisia,Mahdia,SEA,TNMAD
Tunisia,Rades,SEA,TNRDS
Tunisia,Soliman,SEA,TNSLN
Tunisia,Zarzis,SEA,TNZRZ
Tunisia,Bizerte,SEA,TNBIZ
Tunisia,Didon,SEA,TNDID
Tunisia,La Goulette Nord (Halqueloued),SEA,TNLGN
Tunisia,Oudna,SEA,TNOUD
Tunisia,Rades,SEA,TNRAD
Tunisia,Sfax,SEA,TNSFA
Tunisia,Sousse,SEA,TNSUS
Tunisia,Tazerka Terminal,SEA,TNTAT
Tunisia,Tunis,SEA,TNTUN
Tanzania,Dar es Salaam,SEA,TZDAR
Tanzania,Ikwiriri,SEA,TZIKW
Tanzania,Kagera,SEA,TZKAG
Tanzania,Mwanza,SEA,TZMWZ
Tanzania,Tanga,SEA,TZTGT
Tanzania,Zanzibar,SEA,TZZNZ
Uganda,Galiraya,SEA,UGMKN
Mayotte,Dzaoudzi-Pamandzi Apt,SEA,YTDZA
Mayotte,Longoni,SEA,YTLON
Mayotte,Mamoudzou,SEA,YTMAM
Mayotte,Kani-Keli,SEA,YTKNK
South Africa,Bottelary,SEA,ZA8GT
South Africa,Cape Town,SEA,ZACPT
South Africa,De Rust,SEA,ZADRU
South Africa,Durban,SEA,ZADUR
South Africa,Eastern Cape,SEA,ZACTP
South Africa,Elands Bay,SEA,ZAEBY
South Africa,Garsfontein,SEA,ZAGSF
South Africa,Goudiniweg,SEA,ZA3WC
South Africa,Island View,SEA,ZAIVI
South Africa,Jet Park,SEA,ZAJTP
South Africa,Kenton-on-Sea,SEA,ZAKOS
South Africa,Klipheuwel,SEA,ZA2WC
South Africa,Komkans,SEA,ZAKKN
South Africa,Kommetjie,SEA,ZAKOM
South Africa,Madantsane,SEA,ZAMD3
South Africa,New Germany,SEA,ZANGG
South Africa,Nottingham Road,SEA,ZANNL
South Africa,Paardeneiland,SEA,ZAPNL
South Africa,Pennington,SEA,ZAPEN
South Africa,Port Edward,SEA,ZAPED
South Africa,Port of Ngqura,SEA,ZANGQ
South Africa,Port Saint John's,SEA,ZAJOH
South Africa,Riebeek West,SEA,ZARWC
South Africa,Riviersonderend,SEA,ZA7WC
South Africa,Robertsham,SEA,ZASHM
South Africa,Sezela,SEA,ZAZE4
South Africa,Simon's Town,SEA,ZASMN
South Africa,Southbroom,SEA,ZASNL
South Africa,Strand,SEA,ZASTD
South Africa,Wemmershoek,SEA,ZAWWC
South Africa,Port of Johannesburg,SEA,ZAJNB
South Africa,Botswana,SEA,ZABWA
South Africa,De Waterkant,SEA,ZADWK
South Africa,East London,SEA,ZAELS
South Africa,Pretoria,SEA,ZAGTP
South Africa,Kasulu,SEA,ZAKUU
South Africa,Port Elizabeth,SEA,ZAPLZ
South Africa,Richards Bay,SEA,ZARCB
South Africa,Coega,SEA,ZAZBA
Zambia,Siavonga,SEA,ZMSIA
Zimbabwe,Filabusi,SEA,ZWFLU
Zimbabwe,Gwanda,SEA,ZWGWA
Zimbabwe,Rusape,SEA,ZWRSP
Zimbabwe,Zimbabwe,SEA,ZWZMZ
Zimbabwe,Chegutu,SEA,ZWCHE
Ghana,Tema,SEA,GHTEM
Ghana,Takoradi,SEA,GHTKD
Niger,Ibafo,SEA,NEIBF
Sudan,Marsa Bashayer,SEA,SDMBH
Sudan,Port Sudan,SEA,SDPZU
Sao Tome and Principe,Sao Tome Island,SEA,STTMS
Argentina,Agrelo,SEA,ARGEO
Argentina,Arrecifes,SEA,ARACF
Argentina,Bahia Blanca,SEA,ARBHI
Argentina,Buenos Aires,SEA,ARBUE
Argentina,Caleta Cordoba,SEA,ARCLC
Argentina,Campana,SEA,ARCMP
Argentina,Chilecito,SEA,ARCHO
Argentina,Chimbas,SEA,ARCBS
Argentina,Colon,SEA,ARCOL
Argentina,Concepcion del Uruguay,SEA,ARCOU
Argentina,Coquimbito,SEA,ARIQO
Argentina,Dock Sur,SEA,ARDSU
Argentina,Gualeguaychu,SEA,ARGHU
Argentina,Ibicuy,SEA,ARIBY
Argentina,Ingeniero Buitrago,SEA,ARBUI
Argentina,Ingeniero White/Bahia Blanca,SEA,ARINW
Argentina,La Paz,SEA,ARLPM
Argentina,La Plata,SEA,ARLPG
Argentina,Las Palmas,SEA,ARLPS
Argentina,Lavalle,SEA,ARLAV
Argentina,Lujan,SEA,ARLUJ
Argentina,Lujan de Cuyo,SEA,ARLCU
Argentina,Luzuriaga,SEA,ARLZG
Argentina,Mar del Plata,SEA,ARMDQ
Argentina,Molinos,SEA,ARNOS
Argentina,Olavarria,SEA,AROVI
Argentina,Pablo Podesta,SEA,ARPP9
Argentina,Parana,SEA,ARPRA
Argentina,Puerto Madryn,SEA,ARPMY
Argentina,Puerto Rosales/Bahia Blanca,SEA,ARPRS
Argentina,Punta Colorada,SEA,ARPCO
Argentina,Quebracho/San Lorenzo,SEA,ARQBR
Argentina,Quequen,SEA,ARQQN
Argentina,Rawson,SEA,ARRWO
Argentina,Rio Gallegos,SEA,ARRGL
Argentina,Rio Grande,SEA,ARRGA
Argentina,Rivadavia,SEA,ARRIV
Argentina,Rosario,SEA,ARROS
Argentina,Rosario de la Frontera,SEA,ARRFO
Argentina,San Carlos,SEA,ARSCA
Argentina,San Julian,SEA,ARULA
Argentina,San Martin,SEA,ARSMR
Argentina,San Nicolas de los Arroyos,SEA,ARSNS
Argentina,San Pedro,SEA,ARSPD
Argentina,San Salvador de Jujuy,SEA,ARSSJ
Argentina,San Sebastian,SEA,ARSSN
Argentina,Santa Cruz,SEA,ARRZA
Argentina,Santa Fe,SEA,ARSFN
Argentina,Santa Rosa,SEA,ARSTA
Argentina,Tres Arroyos,SEA,AROYO
Argentina,Tucuman,SEA,ARTUC
Argentina,Tunuyan,SEA,ARTUN
Argentina,Ushuaia,SEA,ARUSH
Argentina,Vicente Lopez,SEA,ARVLO
Argentina,Villa Constitucion,SEA,ARVCN
Argentina,Zarate,SEA,ARZAE
Argentina,Arroyo Seco,SEA,ARASO
Argentina,Barranqueras,SEA,ARBQS
Argentina,Bella Vista,SEA,ARBVC
Argentina,Candelaria,SEA,ARCDL
Argentina,Choele Choel,SEA,ARCHL
Argentina,Colonia Caroya,SEA,ARCRY
Argentina,Cabo San Antonio,SEA,ARCSA
Argentina,Cuatreros/Bahia Blanca,SEA,ARCUA
Argentina,Del Guazu,SEA,ARDGU
Argentina,Diamante,SEA,ARDME
Argentina,Jose Leon Suarez,SEA,ARJLS
Argentina,Puerto Alumbrera,SEA,ARPAL
Argentina,Puerto Belgrano/Bahia Blanca,SEA,ARPBG
Argentina,Pilcomayo,SEA,ARPCY
Argentina,Puerto Eldorado,SEA,ARPEL
Argentina,Puerto Galvan/Bahia Blanca,SEA,ARPGV
Argentina,Puerto Lavalle,SEA,ARPLA
Argentina,Punta Loyola,SEA,ARPLO
Argentina,Punta Medanos,SEA,ARPME
Argentina,Punta Quilla,SEA,ARPQU
Argentina,Puerto Wanda,SEA,ARPWA
Argentina,Ramallo,SEA,ARRAM
Argentina,Rio Cullen,SEA,ARRIC
Argentina,Puerto Ingeniero M. Rocca,SEA,ARROC
Argentina,Resinfor,SEA,ARRSF
Argentina,San Antonio Este,SEA,ARSAE
Argentina,Salto,SEA,ARSAL
Argentina,Santa Ana,SEA,ARSAN
Argentina,San Fernando,SEA,ARSFE
Argentina,San Ignacio,SEA,ARSIG
Argentina,San Lorenzo,SEA,ARSLO
Argentina,San Martin,SEA,ARSMA
Argentina,Urdurrain,SEA,ARURD
Argentina,Villa Hernandarias,SEA,ARVHE
Argentina,Villa Mercedes,SEA,ARVMD
Argentina,Villa del Totoral,SEA,ARVTT
Argentina,San Pedro,SEA,ARXPD
Bolivia,Copacabana,SEA,BOCPB
Bolivia,Guaqui,SEA,BOGUQ
Bolivia,Huatajata,SEA,BOHTJ
Bolivia,Puerto Busch,SEA,BOPBU
Bolivia,Puerto Perez,SEA,BOPPR
Bolivia,Puerto Quijarro,SEA,BOQJR
Bolivia,Puerto Rico,SEA,BOPUR
Bolivia,Puerto Suarez,SEA,BOPSZ
Bolivia,Riberalta,SEA,BORIB
Bolivia,Rurrenabaque,SEA,BORBQ
Bolivia,Trinidad,SEA,BOTDD
Bolivia,Puerto Carabuco,SEA,BOPTC
Brazil,Abaete,SEA,BRABT
Brazil,Abaetetuba,SEA,BRATB
Brazil,Abelardo Luz,SEA,BRADL
Brazil,Acu Pt/Sao Joao da Barra,SEA,BRACX
Brazil,Alagoinhas,SEA,BRAGS
Brazil,Alhandra,SEA,BRALH
Brazil,Alpinopolis,SEA,BRALP
Brazil,Alumar,SEA,BRALU
Brazil,Angra dos Reis,SEA,BRADR
Brazil,Areia Branca,SEA,BRARE
Brazil,Barauna,SEA,BRBUN
Brazil,Barra do Riacho Pt / Aracruz,SEA,BRRCH
Brazil,Barra dos Coqueiros,SEA,BRBAR
Brazil,Belem,SEA,BRBEL
Brazil,Breves,SEA,BRBVS
Brazil,Cabedelo Pt,SEA,BRCDO
Brazil,Cachoeiras de Macacu,SEA,BRCDM
Brazil,Camboriu,SEA,BRCBU
Brazil,Capivari,SEA,BRCPI
Brazil,Casa Nova,SEA,BRCAV
Brazil,Ceara-Mirim,SEA,BRCEA
Brazil,Codajas,SEA,BRCDA
Brazil,Curaca,SEA,BRCUA
Brazil,Dias d'Avila,SEA,BRDIA
Brazil,Estrema,SEA,BRESA
Brazil,Fernando de Noronha,SEA,BRFEN
Brazil,Florianopolis,SEA,BRFLN
Brazil,Forno Pt/Arraial do Cabo,SEA,BRFNO
Brazil,Guamare,SEA,BRGUA
Brazil,Guaratuba,SEA,BRGTB
Brazil,Ipojuca,SEA,BRIPO
Brazil,Itabirito,SEA,BRIRO
Brazil,Itacoatiara,SEA,BRIAR
Brazil,Itaguai Pt = Sepetiba Pt,SEA,BRSPB
Brazil,Itapemirim,SEA,BRITZ
Brazil,Itapoa,SEA,BRIOA
Brazil,Itaqui,SEA,BRIQI
Brazil,Jaguariaiva,SEA,BRJRV
Brazil,Joao Pessoa,SEA,BRJPA
Brazil,Juruti,SEA,BRJUR
Brazil,Lauro de Freitas,SEA,BRLDF
Brazil,Macaiba,SEA,BRMAI
Brazil,Maceio,SEA,BRMCZ
Brazil,Munguba,SEA,BRMGU
Brazil,Navegantes,SEA,BRNVT
Brazil,Nova Hartz,SEA,BRHAR
Brazil,Nova Uniao,SEA,BRNVU
Brazil,Outeiro,SEA,BROUT
Brazil,Parana,SEA,BRPNN
Brazil,Paranagua,SEA,BRPNG
Brazil,Parnaiba,SEA,BRPHB
Brazil,Pecem Pt/Sao Goncalo do Amarante,SEA,BRPEC
Brazil,Pedras Negras,SEA,BRPEN
Brazil,Pomerode,SEA,BRPOM
Brazil,Ponta da Madeira,SEA,BRPMA
Brazil,Ponta do Ubu Pt/Anchieta,SEA,BRPOU
Brazil,Potim,SEA,BRPOI
Brazil,Regencia Terminal/Linhares,SEA,BRREL
Brazil,Resende,SEA,BRQRZ
Brazil,Rio de Janeiro,SEA,BRRIO
Brazil,Salto Grande,SEA,BRSAL
Brazil,Salvaterra,SEA,BRSLV
Brazil,Santana Pt./Macapa,SEA,BRMCP
Brazil,Santo Antonio de Padua,SEA,BRSTA
Brazil,Santos,SEA,BRSSZ
Brazil,Sao Luis,SEA,BRSLZ
Brazil,Sao Mateus,SEA,BRSBJ
Brazil,Sao Tome,SEA,BRSOM
Brazil,Sao Vicente,SEA,BRSVT
Brazil,Sento Se,SEA,BRSTS
Brazil,Taperoa,SEA,BRTPR
Brazil,Timbo,SEA,BRTMO
Brazil,Tramandai,SEA,BRTRM
Brazil,Tres Coroas,SEA,BRROA
Brazil,Triunfo,SEA,BRTFO
Brazil,Tubarao Pt./Vitoria,SEA,BRTUB
Brazil,Tutoia,SEA,BRTUT
Brazil,Vera Cruz,SEA,BRVZC
Brazil,Vila do Conde Pt/Barcarena,SEA,BRVDC
Brazil,Vitoria Pt,SEA,BRVIX
Brazil,Port of Manaus,SEA,BRMAO
Brazil,Acara,SEA,BRAAR
Brazil,Armacao dos Buzios,SEA,BRABZ
Brazil,Alcantara,SEA,BRACT
Brazil,Afua,SEA,BRAFU
Brazil,Aracaju,SEA,BRAJU
Brazil,Alenquer,SEA,BRALT
Brazil,Almeirim,SEA,BRAMM
Brazil,Ananindeua,SEA,BRANA
Brazil,Anhembi,SEA,BRANH
Brazil,Araguatins,SEA,BRANS
Brazil,Antonina,SEA,BRANT
Brazil,Aratu Pt / Candeias,SEA,BRARB
Brazil,Aracatuba,SEA,BRARU
Brazil,Aruana,SEA,BRAUN
Brazil,Autazes,SEA,BRAUS
Brazil,Balneario Camboriu,SEA,BRBAC
Brazil,Barcelos,SEA,BRBAZ
Brazil,Bacabeira,SEA,BRBCE
Brazil,Benjamin Constant,SEA,BRBCT
Brazil,Barreirinha,SEA,BRBEA
Brazil,Beruri,SEA,BRBEI
Brazil,Bariri,SEA,BRBIR
Brazil,Belmonte,SEA,BRBLE
Brazil,Borba,SEA,BRBOB
Brazil,Barra,SEA,BRBQQ
Brazil,Balsas,SEA,BRBSS
Brazil,Benevides,SEA,BRBVI
Brazil,Boa Vista do Ramos,SEA,BRBVR
Brazil,Canoas,SEA,BRCAN
Brazil,Coari,SEA,BRCAR
Brazil,Conchas,SEA,BRCCS
Brazil,Caceres,SEA,BRCCX
Brazil,Caracarai,SEA,BRCCY
Brazil,Conceicao do Araguaia,SEA,BRCGA
Brazil,Campos dos Goytacazes,SEA,BRCGZ
Brazil,Chaves,SEA,BRCHE
Brazil,Cachoeira do Arari,SEA,BRCHI
Brazil,Carolina,SEA,BRCLN
Brazil,Cameta,SEA,BRCMA
Brazil,Corumba,SEA,BRCMG
Brazil,Cachoeira do Piria,SEA,BRCPR
Brazil,Charqueadas,SEA,BRCQD
Brazil,Caravelas,SEA,BRCRL
Brazil,Carauari,SEA,BRCRY
Brazil,Cachoeira do Sul,SEA,BRCSL
Brazil,Canutama,SEA,BRCTM
Brazil,Cubatao,SEA,BRCUO
Brazil,Careiro da Varzea,SEA,BRCVZ
Brazil,Cumuruxatiba,SEA,BRCXB
Brazil,Cruzeiro do Sul,SEA,BRCZS
Brazil,Duque de Caxias,SEA,BRDCS
Brazil,Eirunepe,SEA,BRERN
Brazil,Estrela,SEA,BRETA
Brazil,Fonte Boa,SEA,BRFBA
Brazil,Fortaleza,SEA,BRFOR
Brazil,Guaira,SEA,BRGIA
Brazil,Guaiba,SEA,BRGIB
Brazil,Guajara,SEA,BRGJR
Brazil,Galinhos,SEA,BRGNS
Brazil,Gurupa,SEA,BRGRP
Brazil,Guaruja,SEA,BRGUJ
Brazil,Humaita,SEA,BRHMA
Brazil,Imbituba,SEA,BRIBB
Brazil,Ilhabela,SEA,BRIBE
Brazil,Ibotirama,SEA,BRIBT
Brazil,Foz do Iguacu,SEA,BRIGU
Brazil,Itapemirim,SEA,BRIIM
Brazil,Imperatriz,SEA,BRIMP
Brazil,Ilheus,SEA,BRIOS
Brazil,Itapiranga,SEA,BRIPG
Brazil,Iranduba,SEA,BRIRB
Brazil,Ilha Solteira,SEA,BRISA
Brazil,Itajai,SEA,BRITJ
Brazil,Itaqui,SEA,BRITQ
Brazil,Ipixuna,SEA,BRIXA
Brazil,Jaguarao,SEA,BRJAG
Brazil,Jau,SEA,BRJAU
Brazil,Juazeiro,SEA,BRJZO
Brazil,Ladario,SEA,BRLDR
Brazil,Laranjal do Jari,SEA,BRLJI
Brazil,Linhares,SEA,BRLNH
Brazil,Linhares,SEA,BRLRS
Brazil,Maraba,SEA,BRMAB
Brazil,Maragogipe,SEA,BRMAR
Brazil,Maues,SEA,BRMAS
Brazil,Macau,SEA,BRMCU
Brazil,Madre de Deus,SEA,BRMDD
Brazil,Macae,SEA,BRMEA
Brazil,Mangaratiba,SEA,BRMGT
Brazil,Mundo Novo,SEA,BRMNV
Brazil,Manicore,SEA,BRMNX
Brazil,Mossoro,SEA,BRMOS
Brazil,Moju,SEA,BRMOU
Brazil,Manacapuru,SEA,BRMPR
Brazil,Manaquiri,SEA,BRMQR
Brazil,Marica,SEA,BRMRC
Brazil,Nhamunda,SEA,BRNAA
Brazil,Novo Airao,SEA,BRNAO
Brazil,Natal,SEA,BRNAT
Brazil,Nova Olinda do Norte,SEA,BRNON
Brazil,Praia Norte,SEA,BRNOR
Brazil,Niteroi,SEA,BRNTR
Brazil,Novo Aripuana,SEA,BRNVP
Brazil,OSX1 FPSO,SEA,BROSX
Brazil,Pato Bragado,SEA,BRPBD
Brazil,Porto Belo,SEA,BRPBO
Brazil,Porto de Moz,SEA,BRPDM
Brazil,Presidente Epitacio,SEA,BRPEO
Brazil,Pelotas,SEA,BRPET
Brazil,Ponta do Felix/Antonina,SEA,BRPFX
Brazil,Parintins,SEA,BRPIN
Brazil,Pirapora,SEA,BRPIP
Brazil,Presidente Kennedy,SEA,BRPKY
Brazil,Porto Murtinho,SEA,BRPMH
Brazil,Pederneiras,SEA,BRPNS
Brazil,Panorama,SEA,BRPNX
Brazil,Petrolina,SEA,BRPNZ
Brazil,Porto Alegre,SEA,BRPOA
Brazil,Portel,SEA,BRPOL
Brazil,Pontal do Parana,SEA,BRPPN
Brazil,Prainha,SEA,BRPRH
Brazil,Praia Mole Pt / Vitoria,SEA,BRPRM
Brazil,Paracuru,SEA,BRPRU
Brazil,Porto Velho,SEA,BRPVH
Brazil,Porto Acre,SEA,BRPWA
Brazil,Porto Walter,SEA,BRPWR
Brazil,Sao Franciso do Sul,SEA,BRQFS
Brazil,Recife,SEA,BRREC
Brazil,Araguacema,SEA,BRRGC
Brazil,Rio Grande,SEA,BRRIG
Brazil,Rio Pardo,SEA,BRRPO
Brazil,Senador Jose Porfirio,SEA,BRSEF
Brazil,Serra,SEA,BRSER
Brazil,Sao Francisco do Sul,SEA,BRSFS
Brazil,Sao Miguel do Guama,SEA,BRSGM
Brazil,Sao Goncalo,SEA,BRSGO
Brazil,Santa Isabel do Rio Negro,SEA,BRSIR
Brazil,Sao Mateus,SEA,BRSMS
Brazil,Santa Helena,SEA,BRSNH
Brazil,Sao Pedro,SEA,BRSPD
Brazil,Sao Paulo de Olivenca,SEA,BRSPV
Brazil,Salvador,SEA,BRSSA
Brazil,Sao Sebastiao do Uatuma,SEA,BRSSB
Brazil,Sao Simao,SEA,BRSSI
Brazil,Sao Sebastiao,SEA,BRSSO
Brazil,Santa Maria da Serra,SEA,BRSSR
Brazil,Santa Terezinha de Itaipu,SEA,BRSTU
Brazil,Suape Pt / Ipojuca,SEA,BRSUA
Brazil,Soure,SEA,BRSUE
Brazil,Santa Vitoria do Palmar,SEA,BRSVP
Brazil,Taquari,SEA,BRTAQ
Brazil,Tabatinga,SEA,BRTBT
Brazil,Tefe,SEA,BRTFF
Brazil,Tailandia,SEA,BRTLD
Brazil,Tres Lagoas,SEA,BRTLG
Brazil,Tonantins,SEA,BRTNS
Brazil,Tapaua,SEA,BRTPW
Brazil,Terra Roxa,SEA,BRTRO
Brazil,Terra Santa,SEA,BRTST
Brazil,Tubarao,SEA,BRTTE
Brazil,Ubatuba,SEA,BRUBT
Brazil,Urucurituba,SEA,BRURT
Brazil,Vitoria do Xingu,SEA,BRVDX
Brazil,Varzea Grande,SEA,BRVGR
Brazil,Vila Bela da Santissima Trindade,SEA,BRVIE
Brazil,Vila do Conde,SEA,BRVLC
Brazil,Vila Velha,SEA,BRVVE
Brazil,Xambioa,SEA,BRXAA
Brazil,Xique-Xique,SEA,BRXQI
Brazil,Itamarati,SEA,BRYTR
Chile,Ancud,SEA,CLZUD
Chile,Antofagasta,SEA,CLANF
Chile,Arica,SEA,CLARI
Chile,Bahia San Gregorio,SEA,CLBAG
Chile,Barquito,SEA,CLBAR
Chile,Cabo Negro,SEA,CLCNX
Chile,Calbuco,SEA,CLCBC
Chile,Caldera,SEA,CLCLD
Chile,Caleta Clarencia,SEA,CLCLR
Chile,Caleta Coloso,SEA,CLCOL
Chile,Castro,SEA,CLWCA
Chile,Chacabuco,SEA,CLCHB
Chile,Chaiten,SEA,CLWCH
Chile,Chanaral,SEA,CLCNR
Chile,Concepcion,SEA,CLCCP
Chile,Copiapo,SEA,CLCPO
Chile,Coquimbo,SEA,CLCQQ
Chile,Coronel,SEA,CLCNL
Chile,Corral,SEA,CLCRR
Chile,Cruz Grande,SEA,CLCGR
Chile,Dalcahue,SEA,CLDCH
Chile,Guayacan,SEA,CLGYC
Chile,Huasco,SEA,CLHSO
Chile,Iquique,SEA,CLIQQ
Chile,Isla de Pascua,SEA,CLIPC
Chile,Isla Guarello,SEA,CLISG
Chile,La Serena,SEA,CLLSC
Chile,Lebu,SEA,CLLEB
Chile,Lirquen,SEA,CLLQN
Chile,Llanquihue,SEA,CLLIA
Chile,Los Vientos,SEA,CLLVT
Chile,Los Vilos,SEA,CLLOS
Chile,Lota,SEA,CLLTA
Chile,Mejillones,SEA,CLMJS
Chile,Nueva Aldea,SEA,CLNAL
Chile,Osorno,SEA,CLZOS
Chile,Ovalle,SEA,CLOVL
Chile,Paso Lago O'Higgins/O'Higgins,SEA,CLLOH
Chile,Patillos,SEA,CLPTI
Chile,Pecket,SEA,CLPCK
Chile,Penco,SEA,CLPEO
Chile,Pisagua,SEA,CLPIS
Chile,Puerto Aisen,SEA,CLWPA
Chile,Puerto Angamos,SEA,CLPAG
Chile,Puerto Chacabuco,SEA,CLPCH
Chile,Puerto Eden,SEA,CLEDE
Chile,Puerto Montt,SEA,CLPMC
Chile,Puerto Natales,SEA,CLPNT
Chile,Puerto Patache,SEA,CLPAT
Chile,Puerto Percy,SEA,CLPPY
Chile,Puerto Williams,SEA,CLWPU
Chile,Punta Arenas,SEA,CLPUQ
Chile,Punta Chungo,SEA,CLPTC
Chile,Quellon (Puerto Quellon),SEA,CLPTE
Chile,Quellon Viejo,SEA,CLQUV
Chile,Quemchi,SEA,CLQMC
Chile,Quintero,SEA,CLQTV
Chile,San Antonio,SEA,CLSAI
Chile,San Vicente,SEA,CLSVE
Chile,Talca,SEA,CLTLX
Chile,Talcahuano,SEA,CLTAL
Chile,Taltal,SEA,CLTTC
Chile,Tocopilla,SEA,CLTOQ
Chile,Tome,SEA,CLTOM
Chile,Valdivia,SEA,CLZAL
Chile,Valparaiso,SEA,CLVAP
Chile,Ventanas,SEA,CLVNT
Chile,Vina del Mar,SEA,CLKNA
Chile,Achao,SEA,CLACH
Chile,Arauco,SEA,CLARA
Chile,Ayacara,SEA,CLAYA
Chile,Bahia Laredo,SEA,CLBLR
Chile,Calderilla,SEA,CLCAA
Chile,Caleta Patillos,SEA,CLCAL
Chile,Chacao,SEA,CLCCA
Chile,Curaco de Velez,SEA,CLCDV
Chile,Chiguayante,SEA,CLCHI
Chile,Chonchi,SEA,CLCHO
Chile,Cabo de Hornos,SEA,CLCHR
Chile,Puerto Cisnes,SEA,CLCIS
Chile,Carahue,SEA,CLCRH
Chile,Constitucion,SEA,CLCST
Chile,Guaitecas,SEA,CLGUA
Chile,Isla Guarello,SEA,CLGUR
Chile,Hualaihue,SEA,CLHUH
Chile,Juan Fernandez,SEA,CLJFZ
Chile,Llico,SEA,CLLLI
Chile,Michilla,SEA,CLMIC
Chile,Melinka,SEA,CLMLI
Chile,Maullin,SEA,CLMLL
Chile,O'Higgins,SEA,CLOHI
Chile,Panguipulli,SEA,CLPAN
Chile,Pargua,SEA,CLPGA
Chile,Puerto Octay,SEA,CLPOC
Chile,Posesion,SEA,CLPOS
Chile,Puqueldon,SEA,CLPQD
Chile,Puerto Varas,SEA,CLPVS
Chile,Quinchao,SEA,CLQCO
Chile,Queilen,SEA,CLQLN
Chile,Rauco,SEA,CLRAF
Chile,Saavedra,SEA,CLSAA
Chile,Tongoy,SEA,CLTON
Chile,Tortel,SEA,CLTOR
Chile,Tres Puentes,SEA,CLTPT
Chile,Villarrica,SEA,CLVIL
Colombia,Arica,SEA,COACM
Colombia,Balboa,SEA,COBAL
Colombia,Covenas Offshore Terminal,SEA,COCOV
Colombia,Leticia,SEA,COLET
Colombia,Mamonal,SEA,COMAM
Colombia,Manaure,SEA,COMAU
Colombia,Puerto Asis,SEA,COPUU
Colombia,Puerto Bolivar,SEA,COPBO
Colombia,Puerto Boyaca,SEA,COPYA
Colombia,Puerto Carreno,SEA,COPCR
Colombia,Puerto Colombia,SEA,COPUC
Colombia,Puerto Limon,SEA,COPUL
Colombia,Puerto Limon,SEA,COPNM
Colombia,Rio Cordoba,SEA,CORCO
Colombia,Tolu,SEA,COTLU
Colombia,Turbo,SEA,COTRB
Colombia,Yumbo,SEA,COYMB
Colombia,Port of Buenaventura,SEA,COBUN
Colombia,Port of Cartagena,SEA,COCTG
Colombia,Barranquilla,SEA,COBAQ
Colombia,Contecar,SEA,COCNR
Colombia,Mingueo,SEA,COMIN
Colombia,Santa Marta,SEA,COSMR
Colombia,Sociedad Portuaria Regional Cartage,SEA,COSPC
Ecuador,Bahia de Caraquez,SEA,ECBHA
Ecuador,Duran,SEA,ECDUN
Ecuador,Esmeraldas,SEA,ECESM
Ecuador,Guayaquil,SEA,ECGYE
Ecuador,Guayas,SEA,ECGUA
Ecuador,La Libertad,SEA,ECLLD
Ecuador,La Puntilla,SEA,ECLPT
Ecuador,Manta,SEA,ECMEC
Ecuador,Posorja,SEA,ECPSJ
Ecuador,"Puerto Ayora, Isla Santa Cruz",SEA,ECAYO
Ecuador,Puerto Balao Grande,SEA,ECPBG
Ecuador,Puerto Baquerizo Moreno,SEA,ECBAQ
Ecuador,Puerto Bolivar,SEA,ECPBO
Ecuador,"Puerto Villamil, Isla Isabela",SEA,ECVIL
Ecuador,Puna,SEA,ECPUN
Ecuador,Salinas,SEA,ECSNC
Ecuador,San Lorenzo,SEA,ECSLR
Ecuador,Seymour,SEA,ECSYM
Ecuador,Bartolome Island,SEA,ECBLI
Ecuador,Espanola Island,SEA,ECESP
Ecuador,Floreana Island,SEA,ECFLO
Ecuador,Coca,SEA,ECOCC
Ecuador,Puerto Egas,SEA,ECPEG
Ecuador,Puerto Nuevo,SEA,ECPEV
Ecuador,Rabida Island,SEA,ECRAB
Ecuador,Zapotal,SEA,ECZTL
French Guiana,Cayenne,SEA,GFCAY
French Guiana,Kourou,SEA,GFQKR
French Guiana,Saint-Laurent-du-Maroni,SEA,GFSLM
French Guiana,Awala-Yalimapo,SEA,GFCCY
French Guiana,Ouanary,SEA,GFLCY
French Guiana,Saint-Georges,SEA,GFOYP
Guyana,Linden,SEA,GYLDN
Guyana,Georgetown,SEA,GYGEO
Peru,Ancon,SEA,PEANC
Peru,Bayovar,SEA,PEPUB
Peru,Conchan,SEA,PECON
Peru,Los Organos,SEA,PELOO
Peru,Pampa Melchorita,SEA,PEPMC
Peru,Punta Lobitos,SEA,PEPLO
Peru,San Bartolo,SEA,PEBAR
Peru,Tambo de Mora,SEA,PETDM
Peru,Tambo Grande,SEA,PETAG
Peru,Port of Callao,SEA,PECLL
Peru,Ilo,SEA,PEILQ
Peru,Lagunas,SEA,PELAG
Peru,Mollendo,SEA,PEMLQ
Peru,Matarani,SEA,PEMRI
Peru,Paita,SEA,PEPAI
Peru,Pisco,SEA,PEPIO
Paraguay,Asuncion,SEA,PYASU
Paraguay,Barrio Caacupe Mi,SEA,PYBCM
Paraguay,Caacupe,SEA,PYCAA
Paraguay,Calera Cue,SEA,PYCAC
Paraguay,Colonia Mariano Roque Alonso,SEA,PYMRA
Paraguay,Concepcion,SEA,PYCNP
Paraguay,Encarnacion,SEA,PYENO
Paraguay,Fuerte Olimpo,SEA,PYFUO
Paraguay,Puerto Antequera,SEA,PYPAN
Paraguay,Puerto Guarani,SEA,PYPGU
Paraguay,Puerto la Victoria,SEA,PYPCJ
Paraguay,Puerto Sara,SEA,PYPSA
Paraguay,Terport (San Antonio),SEA,PYTER
Paraguay,San Antonio,SEA,PYSAN
Paraguay,Villeta,SEA,PYVLL
Suriname,Lelydorp,SEA,SRLLW
Suriname,Paramaribo,SEA,SRPBM
Uruguay,Juan L. Lacaze,SEA,UYJLC
Uruguay,Piriapolis,SEA,UYPIR
Uruguay,Cuenca del Plata,SEA,UYCPP
Uruguay,Montevideo,SEA,UYMVD
Venezuela,Caripito,SEA,VECAR
Venezuela,Ciudad Bolivar,SEA,VECBL
Venezuela,Guaranao,SEA,VEGUA
Venezuela,Jose Terminal,SEA,VEJOT
Venezuela,Paracotos,SEA,VEPCT
Venezuela,Puerto Carenero,SEA,VEPCO
Venezuela,Puerto Cumarebo,SEA,VECMR
Venezuela,Puerto Paez,SEA,VEPPZ
Venezuela,Punta Cardon,SEA,VEPCN
Venezuela,Punto Fijo,SEA,VEPFI
Venezuela,Urena,SEA,VEYUR
Venezuela,Amuay,SEA,VEAMY
Venezuela,El Guamache,SEA,VEEGU
Venezuela,El Chaure,SEA,VEELC
Venezuela,Guaranao Bay,SEA,VEGUB
Venezuela,Guanta,SEA,VEGUT
Venezuela,La Guaira,SEA,VELAG
Venezuela,Maracaibo,SEA,VEMAR
Venezuela,Moron,SEA,VEMOR
Venezuela,Puerto Cabello,SEA,VEPBL
Venezuela,Paraguana Refinery Center,SEA,VEPRC
Venezuela,Puerto Sucre,SEA,VEPSU
Venezuela,Petrozuata,SEA,VEPTZ
Venezuela,San Lorenzo/Maracaibo L,SEA,VESLV
American Samoa,Pago Pago,SEA,ASPPG
Australia,Abbot Point,SEA,AUABP
Australia,Abell Point,SEA,AUALP
Australia,Adelaide,SEA,AUADL
Australia,Airlie Terminal,SEA,AUAIR
Australia,Aldgate,SEA,AUALD
Australia,Amrun,SEA,AUAMR
Australia,Annandale,SEA,AUANN
Australia,Applecross,SEA,AUAPP
Australia,Armadale,SEA,AUAUA
Australia,Arndell Park,SEA,AUDLP
Australia,Ashburton,SEA,AUASB
Australia,Ashton,SEA,AUASH
Australia,Aspendale,SEA,AUP6D
Australia,Attadale,SEA,AUATT
Australia,Augusta,SEA,AUAGS
Australia,Australind,SEA,AUALI
Australia,Baerami,SEA,AUBAE
Australia,Balhannah,SEA,AUBAA
Australia,Balnarring,SEA,AUBAL
Australia,Bannockburn,SEA,AUBNN
Australia,Beelbangera,SEA,AUBBL
Australia,Belrose,SEA,AUBE9
Australia,Belvidere,SEA,AUBVD
Australia,Beresfield,SEA,AUBFD
Australia,Berkeley Vale,SEA,AUBKE
Australia,Berrys Creek,SEA,AUBRR
Australia,Bicheno,SEA,AUBIC
Australia,Black Point,SEA,AUBLP
Australia,Blackmans Bay,SEA,AUTTS
Australia,Blayney,SEA,AUBNY
Australia,Bobin,SEA,AUBOB
Australia,Bomaderry,SEA,AUBDY
Australia,Booby Island,SEA,AUBOO
Australia,Boondall,SEA,AUBOD
Australia,Boort,SEA,AUBOT
Australia,Boundary Bend,SEA,AUBOU
Australia,Boyer,SEA,AUBOY
Australia,Bremer Bay,SEA,AUBBY
Australia,Bridgewater-on-Loddon,SEA,AUBOL
Australia,Bridport,SEA,AUBPO
Australia,Brighton-Le-Sands,SEA,AUBSA
Australia,Brisbane,SEA,AUBNE
Australia,Broke,SEA,AUNSB
Australia,Bulli,SEA,AUBUL
Australia,Bullsbrook,SEA,AUBLL
Australia,Bulwer,SEA,AUBWI
Australia,Burketown,SEA,AUBUC
Australia,Bushy Park,SEA,AUBYY
Australia,Cambridge,SEA,AUCMB
Australia,Camperdown,SEA,AUCMP
Australia,Capalaba,SEA,AUCAP
Australia,Cape Don,SEA,AUDON
Australia,Carboor,SEA,AUCBO
Australia,Carina Heights,SEA,AUCAR
Australia,Carlingford,SEA,AUCLF
Australia,Caversham,SEA,AUCVS
Australia,Chermside,SEA,AUCHE
Australia,Chinderah,SEA,AUCN6
Australia,Chittering,SEA,AUCHT
Australia,Clare,SEA,AUSCL
Australia,Claremont,SEA,AUCLM
Australia,Clarendon,SEA,AUCDN
Australia,Cleveland,SEA,AUCVN
Australia,Clovelly,SEA,AUCVL
Australia,Coldstream,SEA,AUCST
Australia,Como,SEA,AUCMO
Australia,Condamine,SEA,AUCDE
Australia,Coolum,SEA,AUCOU
Australia,Coomera,SEA,AUCOO
Australia,Coonawarra,SEA,AUCNW
Australia,Coorparoo,SEA,AUCPR
Australia,Coral Bay,SEA,AUCRL
Australia,Coral Sea,SEA,AUCRS
Australia,Corio Bay,SEA,AUCBA
Australia,Coromandel Valley,SEA,AUCRV
Australia,Cottesloe,SEA,AUCTE
Australia,Cottles Bridge,SEA,AUCTT
Australia,Cowandilla,SEA,AUDIL
Australia,Cowaramup,SEA,AUCOW
Australia,Crafers,SEA,AUCRF
Australia,Crestmead,SEA,AUCRE
Australia,Cromer,SEA,AUC8R
Australia,Cronulla,SEA,AUCRU
Australia,Dalrymple Islet,SEA,AUDIT
Australia,Dalton,SEA,AUDAL
Australia,Dardanup,SEA,AUDAR
Australia,Darwin,SEA,AUDRW
Australia,Dhipirrinjura,SEA,AUDHI
Australia,Diamond Creek,SEA,AUDIA
Australia,Drysdale,SEA,AUDRY
Australia,Eden Valley,SEA,AUEDE
Australia,Elizabeth Bay,SEA,AUELB
Australia,Eltham,SEA,AUELT
Australia,Evans Landing,SEA,AUEVL
Australia,Findon,SEA,AUFIN
Australia,Flynn,SEA,AUFLN
Australia,Frankland,SEA,AUFLD
Australia,Freshwater,SEA,AUFWT
Australia,Garbutt,SEA,AUGBT
Australia,Gembrook,SEA,AUGEM
Australia,Goolwa,SEA,AUGOA
Australia,Gordon,SEA,AUGOR
Australia,Gove Harbour,SEA,AUGOH
Australia,Grantham,SEA,AUGTH
Australia,Gravelly Beach,SEA,AUGRB
Australia,Great Western,SEA,AUGTW
Australia,Greenock,SEA,AUGRK
Australia,Gruyere,SEA,AUGRU
Australia,Gumeracha,SEA,AUGUM
Australia,Hahndorf,SEA,AUHAH
Australia,Halletts Cove,SEA,AUHTT
Australia,Hampton,SEA,AUHAM
Australia,Hanwood,SEA,AUHWD
Australia,Happy Valley,SEA,AUHPP
Australia,Hastings,SEA,AUHAS
Australia,Heathcote,SEA,AUHTH
Australia,Heatherbrae,SEA,AUHBE
Australia,Henderson,SEA,AUHFR
Australia,Hinchinbrook Island,SEA,AUHNK
Australia,Hobart,SEA,AUHBA
Australia,Hoddles Creek,SEA,AUHDD
Australia,Ingle Farm,SEA,AUIGF
Australia,Irymple,SEA,AUIRY
Australia,Jarrahdale,SEA,AUJAR
Australia,Kangarilla,SEA,AUKAN
Australia,Karumba,SEA,AUKRB
Australia,Kayena,SEA,AUKAY
Australia,Keith,SEA,AUKEI
Australia,Keyneton,SEA,AUKEY
Australia,Lake Macquarie,SEA,AULMQ
Australia,Lakes Entrance,SEA,AULEN
Australia,Langarra,SEA,AULAN
Australia,Lilydale,SEA,AULYD
Australia,Lisarow,SEA,AULOW
Australia,Lucky Bay,SEA,AULUB
Australia,Mackay,SEA,AUMKY
Australia,Macquarie Island,SEA,AUMQI
Australia,Macquarie Park,SEA,AUMRK
Australia,Maribyrnong,SEA,AUMBY
Australia,Marrickville,SEA,AUMAR
Australia,Maryborough,SEA,AUSAD
Australia,Maryknoll,SEA,AUKLL
Australia,Melbourne,SEA,AUMEL
Australia,Melville Island,SEA,AUMLI
Australia,Mooloolaba,SEA,AUMLL
Australia,Moorook,SEA,AUMOK
Australia,Mordialloc,SEA,AUMDC
Australia,Mount Gravatt,SEA,AUMGE
Australia,Mount Hawthorn,SEA,AUMHW
Australia,Mowbray Heights,SEA,AUMOW
Australia,Mulwala,SEA,AUMWA
Australia,Nericon,SEA,AUNEQ
Australia,New Norfolk,SEA,AUNLK
Australia,Newtown,SEA,AUVIC
Australia,Ningaloo Vision,SEA,AUNIV
Australia,North Bridge,SEA,AUNB2
Australia,Oak Flats,SEA,AUOKF
Australia,Onslow,SEA,AUONS
Australia,Paddington,SEA,AUPAG
Australia,Padstow,SEA,AUDSW
Australia,Palmerston,SEA,AUPAL
Australia,Pendle Hills,SEA,AUPEN
Australia,Perth,SEA,AUPER
Australia,Phillip Island,SEA,AUPIS
Australia,Pleystowe,SEA,AUPYT
Australia,Point Henry Pier/Melbourne,SEA,AUPHP
Australia,Port Denison,SEA,AUPDI
Australia,Port Fairy,SEA,AUFRY
Australia,Port Hacking,SEA,AUT3P
Australia,Port Melbourne,SEA,AUPOR
Australia,Port of Brisbane,SEA,AUPBN
Australia,Port Willunga,SEA,AUPTW
Australia,Prahran,SEA,AUPHR
Australia,Pyrenees,SEA,AUPYE
Australia,Pyrmont,SEA,AUPYR
Australia,Raffles Bay,SEA,AURAF
Australia,Revesby,SEA,AUREV
Australia,Reynella,SEA,AURLL
Australia,Rhodes,SEA,AURDS
Australia,Robe,SEA,AUROB
Australia,Rosslyn Bay,SEA,AURNB
Australia,Rozelle,SEA,AUROZ
Australia,Sandgate,SEA,AUSGT
Australia,Scoresby,SEA,AUSCY
Australia,Selby,SEA,AU5CI
Australia,Seventeen Mile Rocks/Brisbane,SEA,AUSMR
Australia,Skardon River,SEA,AUSKA
Australia,South Brisbane,SEA,AUSBN
Australia,South Trees,SEA,AUSTR
Australia,Spreyton,SEA,AUSPO
Australia,Surry Hills,SEA,AUSUH
Australia,Sydney,SEA,AUSYD
Australia,Sylvania,SEA,AUSYL
Australia,Tea Gardens,SEA,AUDGA
Australia,The Gurdies,SEA,AUGUR
Australia,Thevenard Island,SEA,AUCTH
Australia,Tooradin,SEA,AUTRD
Australia,Toronto,SEA,AUTOR
Australia,Troughton Island,SEA,AUTRI
Australia,Tweed Heads South,SEA,AUTHS
Australia,Twowells,SEA,AUDA5
Australia,Ulladulla,SEA,AUULA
Australia,Umbakumba,SEA,AUUMB
Australia,Warners Bay,SEA,AUWSN
Australia,Waterways,SEA,AUWTW
Australia,Webberton,SEA,AUWTN
Australia,Welland,SEA,AUKJH
Australia,Welshpool,SEA,AUWHL
Australia,Wentworth Point,SEA,AUWWP
Australia,Werribee,SEA,AUWRB
Australia,Withnell Bay,SEA,AUWNB
Australia,Woolloomooloo,SEA,AUWOO
Australia,Yarra Junction,SEA,AUYRR
Australia,Port of Fremantle,SEA,AUFRE
Australia,Albany,SEA,AUALH
Australia,Ardrossan,SEA,AUARD
Australia,Ballast Head,SEA,AUBAH
Australia,Barry Beach,SEA,AUBAR
Australia,Beachport,SEA,AUBCH
Australia,Bundaberg,SEA,AUBDB
Australia,Bell Bay,SEA,AUBEL
Australia,Broadmeadows,SEA,AUBMW
Australia,Botany Bay,SEA,AUBTB
Australia,Busselton,SEA,AUBUS
Australia,Buffalo Venture,SEA,AUBUV
Australia,Burnie,SEA,AUBWT
Australia,Beauty Point,SEA,AUBYP
Australia,Caloundra Head,SEA,AUCAL
Australia,Cape Cuvier,SEA,AUCCU
Australia,Chatswood,SEA,AUCHA
Australia,Catherine Hill Bay,SEA,AUCHB
Australia,Cape Leeuwin,SEA,AUCLN
Australia,Clarence River,SEA,AUCLR
Australia,Cape Lambert,SEA,AUCLT
Australia,Cape Preston,SEA,AUCPN
Australia,Cape Flattery,SEA,AUCQP
Australia,Cockatoo Island,SEA,AUCTI
Australia,Caufield North,SEA,AUCUN
Australia,Darra,SEA,AUDAA
Australia,Dampier,SEA,AUDAM
Australia,Longwood,SEA,AUDFE
Australia,Devonport,SEA,AUDPO
Australia,Edithburgh,SEA,AUEDB
Australia,Electrona,SEA,AUELE
Australia,Fisherman Islands,SEA,AUFIS
Australia,Geelong,SEA,AUGEX
Australia,Glebe Island,SEA,AUGLL
Australia,Gladstone,SEA,AUGLT
Australia,Goods Is,SEA,AUGOI
Australia,Greenhead,SEA,AUGRH
Australia,Kingsford,SEA,AUGTY
Australia,Hope Tun,SEA,AUHOT
Australia,Hay Point,SEA,AUHPT
Australia,Hardy Island,SEA,AUHYI
Australia,Ipswich,SEA,AUIPS
Australia,Laurieton,SEA,AUJML
Australia,Kensington Gardens,SEA,AUKNG
Australia,Launceston,SEA,AULST
Australia,Midland,SEA,AUMID
Australia,Milperra,SEA,AUMIL
Australia,Nhulunbuy,SEA,AUNHU
Australia,Newcastle,SEA,AUNTL
Australia,New South Wales,SEA,AUNWS
Australia,Port Hedland,SEA,AUPHE
Australia,Picton,SEA,AUPIC
Australia,Port Kembla,SEA,AUPKL
Australia,Port Kenny,SEA,AUPKY
Australia,Rocky Point,SEA,AURYP
Australia,Shea Oak Log,SEA,AUSOL
Australia,Thursday Island,SEA,AUTIS
Australia,Toombul,SEA,AUTOL
Australia,Townsville,SEA,AUTSV
Australia,Wingham,SEA,AUWIH
Australia,Mount Waverley,SEA,AUWLY
Australia,Whitsunday Island,SEA,AUWSI
Fiji,Denarau,SEA,FJDEN
Fiji,Ellington Wharf,SEA,FJELL
Fiji,Labasa,SEA,FJLBS
Fiji,Lautoka,SEA,FJLTK
Fiji,Malau (Labasa),SEA,FJMAL
Fiji,Momi,SEA,FJMOM
Fiji,Nambouwalu,SEA,FJNAM
Fiji,Singatoka,SEA,FJSIN
Fiji,Suva,SEA,FJSUV
Fiji,Vatia Wharf,SEA,FJVAT
Fiji,Vuda,SEA,FJVUD
Fiji,Wairiki,SEA,FJWAI
Fiji,Bureta Apt/Levuka,SEA,FJLEV
Guam,Barrigada,SEA,GUBRR
Guam,Guam,SEA,GUGUM
Kiribati,Birnie Island,SEA,KIBIR
Kiribati,Enderbury Island,SEA,KIEBI
Kiribati,Hull Island,SEA,KIHUL
Kiribati,Mckean Island,SEA,KIMCK
Kiribati,Nikumaroro,SEA,KINIK
Kiribati,Sydney Island,SEA,KISYI
Kiribati,Tarawa,SEA,KITRW
Marshall Islands,Majuro,SEA,MHMAJ
New Caledonia,Ducos,SEA,NCDUS
New Caledonia,Le Mont-Dore,SEA,NCMTD
New Caledonia,Nakety,SEA,NCNAK
New Caledonia,Nepoui,SEA,NCNEP
New Caledonia,Noumea,SEA,NCNOU
New Caledonia,Poro,SEA,NCPOR
New Caledonia,Prony,SEA,NCPNY
New Caledonia,Teoudie,SEA,NCTUD
New Caledonia,Vavouto,SEA,NCVAV
New Caledonia,Wala,SEA,NCWAL
New Caledonia,Kouaoua,SEA,NCKOU
New Caledonia,Lifou,SEA,NCLIF
New Caledonia,Mare,SEA,NCMEE
New Caledonia,Paagoumene,SEA,NCPAA
Nauru,Nauru Island,SEA,NRINU
Niue,Alofi,SEA,NUALO
Niue,Niue Island,SEA,NUIUE
New Zealand,Akaroa,SEA,NZAKA
New Zealand,Auckland,SEA,NZAKL
New Zealand,Bluff,SEA,NZBLU
New Zealand,Burnham Wharf,SEA,NZBUW
New Zealand,Chelsea,SEA,NZCSA
New Zealand,Deep Cove,SEA,NZDPC
New Zealand,Devonport,SEA,NZDEV
New Zealand,Gisborne,SEA,NZGIS
New Zealand,Glenavy,SEA,NZGLE
New Zealand,Greymouth,SEA,NZGMN
New Zealand,Kaikoura,SEA,NZKBZ
New Zealand,Kauri Point,SEA,NZKAU
New Zealand,Lyttelton,SEA,NZLYT
New Zealand,Marsden Point,SEA,NZMAP
New Zealand,Matiatia Bay,SEA,NZMAB
New Zealand,Milford Sound,SEA,NZMFN
New Zealand,Napier,SEA,NZNPE
New Zealand,Nelson,SEA,NZNSN
New Zealand,New Plymouth,SEA,NZNPL
New Zealand,Onehunga (Manukau Harbour),SEA,NZONE
New Zealand,Opua,SEA,NZOPX
New Zealand,Otago Harbour,SEA,NZORR
New Zealand,Otematata,SEA,NZOTT
New Zealand,Picton,SEA,NZPCN
New Zealand,Port Chalmers,SEA,NZPOE
New Zealand,Ravensbourne,SEA,NZRAV
New Zealand,Rolleston,SEA,NZOLT
New Zealand,Russel,SEA,NZRUS
New Zealand,Seaview,SEA,NZSEA
New Zealand,Shelly Bay,SEA,NZSHB
New Zealand,Taharoa,SEA,NZTHH
New Zealand,Takapuna,SEA,NZTAK
New Zealand,Tamaki,SEA,NZHMB
New Zealand,Tarakohe,SEA,NZTKH
New Zealand,Tauranga,SEA,NZTRG
New Zealand,Timaru,SEA,NZTIU
New Zealand,Tiwai Point-Bluff Port,SEA,NZTWI
New Zealand,Tryphena,SEA,NZTRY
New Zealand,Waitangi,SEA,NZWTG
New Zealand,Wanganui,SEA,NZWAG
New Zealand,Wellington,SEA,NZWLG
New Zealand,Westport,SEA,NZWSZ
New Zealand,Whangaparapara,SEA,NZWHN
New Zealand,Whangarei,SEA,NZWRE
New Zealand,Whangaroa,SEA,NZWHR
New Zealand,Port Nelson,SEA,NZPON
New Zealand,Waiheke Island,SEA,NZWKE
French Polynesia,Ahurei,SEA,PFAHU
French Polynesia,Auti,SEA,PFAUT
French Polynesia,Bora Bora,SEA,PFBOB
French Polynesia,Fatu Hiva,SEA,PFFAT
French Polynesia,Hatiheu,SEA,PFHEU
French Polynesia,Hereheretue,SEA,PFHHT
French Polynesia,Ikitake,SEA,PFIKI
French Polynesia,Moerai,SEA,PFMOE
French Polynesia,Niau,SEA,PFTUP
French Polynesia,Otepa,SEA,PFOTP
French Polynesia,Papeete,SEA,PFPPT
French Polynesia,Raivavae,SEA,PFRVV
French Polynesia,Taiohae,SEA,PFTAI
French Polynesia,Uturoa,SEA,PFUTU
French Polynesia,Nuku Hiva,SEA,PFNHV
Papua New Guinea,Aiambak,SEA,PGAIA
Papua New Guinea,Amio,SEA,PGAMI
Papua New Guinea,Caution Bay,SEA,PGCAU
Papua New Guinea,Kaibola,SEA,PGKAI
Papua New Guinea,Karkar Is,SEA,PGKRX
Papua New Guinea,Londolovit,SEA,PGLDT
Papua New Guinea,Madang,SEA,PGMAG
Papua New Guinea,Motukea Island,SEA,PGMTK
Papua New Guinea,Pondo Harbour,SEA,PGPDO
Papua New Guinea,Samarai,SEA,PGSQT
Papua New Guinea,Watabung,SEA,PGWAT
Papua New Guinea,Yentchan,SEA,PGYEN
Papua New Guinea,Alcester Island,SEA,PGALC
Papua New Guinea,Boigu Island,SEA,PGBOI
Papua New Guinea,Buka,SEA,PGBUA
Papua New Guinea,Conflict Group,SEA,PGCFG
Papua New Guinea,Deboyne Lagoon,SEA,PGDBL
Papua New Guinea,Gawa Island,SEA,PGGAW
Papua New Guinea,Alotau,SEA,PGGUR
Papua New Guinea,Kimbe,SEA,PGKIM
Papua New Guinea,Lae,SEA,PGLAE
Papua New Guinea,Lakuramau,SEA,PGLAK
Papua New Guinea,Lambom Island,SEA,PGLAM
Papua New Guinea,Laughlan Atoll,SEA,PGLLA
Papua New Guinea,Lombrum,SEA,PGLOM
Papua New Guinea,Napa Napa,SEA,PGNAP
Papua New Guinea,Port Moresby,SEA,PGPOM
Papua New Guinea,Rabaul,SEA,PGRAB
Papua New Guinea,Orobay,SEA,PGROR
Papua New Guinea,Tami Island,SEA,PGTMI
Papua New Guinea,Ulamona,SEA,PGULA
Papua New Guinea,Wewak,SEA,PGWWK
Solomon Islands,Choiseul Bay,SEA,SBCHY
Solomon Islands,Gizo,SEA,SBGZO
Solomon Islands,Lever Harbour,SEA,SBLEV
Solomon Islands,"Ringgi Cove, Kolombangara",SEA,SBRIN
Solomon Islands,Shortland Harbour,SEA,SBSHH
Solomon Islands,"Yandina, Russell Island",SEA,SBXYA
Solomon Islands,"Honiara, Guadalcanal Is",SEA,SBHIR
Solomon Islands,"Noro, New Georgia",SEA,SBNOR
Tokelau,Atafu,SEA,TKAFU
Tokelau,Fakaofo,SEA,TKFKO
Tokelau,Nukunonu,SEA,TKNKU
Tonga,Nuku'alofa,SEA,TOTBU
Tonga,Neiafu,SEA,TONEI
Vanuatu,Luganville,SEA,VULUG
Vanuatu,Santo,SEA,VUSAN
Vanuatu,Port Vila,SEA,VUVLI
Wallis and Futuna,Mata'utu,SEA,WFMAU
Wallis and Futuna,Sigave,SEA,WFSIG
Cook Islands,Aitutaki,SEA,CKAIT
Cook Islands,Rarotonga,SEA,CKRAR
Micronesia,Eauripik Atoll,SEA,FMEAU
Micronesia,Gaferut Atoll,SEA,FMGAF
Micronesia,Ifalik Atoll,SEA,FMIFA
Micronesia,Kosrae (ex Kusaie),SEA,FMKSA
Micronesia,Lukunor Atoll,SEA,FMLUK
Micronesia,Puluwat,SEA,FMPLW
Micronesia,Pohnpei (ex Ponape),SEA,FMPNI
Micronesia,Pulap Island,SEA,FMPUL
Micronesia,Satawal,SEA,FMSAT
Micronesia,Sorol Atoll,SEA,FMSOR
Micronesia,Chuuk (ex Truk),SEA,FMTKK
Micronesia,Woleai Atoll,SEA,FMWOL
Micronesia,Yap,SEA,FMYAP
Northern Mariana Islands,Saipan,SEA,MPSPN
Norfolk Island,Norfolk Island,SEA,NFNLK
Palau,Koror,SEA,PWROR
Tuvalu,Funafuti,SEA,TVFUN
Samoa,Apia,SEA,WSAPW
